Godot Engine v4.6.3.stable.official.7d41c59c4 - https://godotengine.org

[   0% ] [90m[1mfirst_scan_filesystem[22m | Started Project initialization (5 steps)[39m[0m
[   0% ] [90m[1mfirst_scan_filesystem[22m | Scanning file structure...[39m[0m
[  16% ] [90m[1mfirst_scan_filesystem[22m | Loading global class names...[39m[0m
[  33% ] [90m[1mfirst_scan_filesystem[22m | Verifying GDExtensions...[39m[0m
[  50% ] [90m[1mfirst_scan_filesystem[22m | Creating autoload scripts...[39m[0m
[  66% ] [90m[1mfirst_scan_filesystem[22m | Initializing plugins...[39m[0m
[  83% ] [90m[1mfirst_scan_filesystem[22m | Starting file scan...[39m[0m
[92m[ DONE ][39m [1mfirst_scan_filesystem[22m
[0m
[   0% ] [90m[1mupdate_scripts_classes[22m | Started Registering global classes... (115 steps)[39m[0m
[   0% ] [90m[1mupdate_scripts_classes[22m | AdventureRecords[39m[0m
[   0% ] [90m[1mupdate_scripts_classes[22m | AdventureService[39m[0m
[   1% ] [90m[1mupdate_scripts_classes[22m | TacticalCombat[39m[0m
[   2% ] [90m[1mupdate_scripts_classes[22m | AtlasFrameMapLayer[39m[0m
[   3% ] [90m[1mupdate_scripts_classes[22m | LabelMapLayer[39m[0m
[   4% ] [90m[1mupdate_scripts_classes[22m | LandmarkMapLayer[39m[0m
[   5% ] [90m[1mupdate_scripts_classes[22m | LineMapLayer[39m[0m
[   6% ] [90m[1mupdate_scripts_classes[22m | MapIconProvider[39m[0m
[   6% ] [90m[1mupdate_scripts_classes[22m | MapLayer[39m[0m
[   7% ] [90m[1mupdate_scripts_classes[22m | MapRenderBaker[39m[0m
[   8% ] [90m[1mupdate_scripts_classes[22m | MapRenderModel[39m[0m
[   9% ] [90m[1mupdate_scripts_classes[22m | MapWorldText[39m[0m
[  10% ] [90m[1mupdate_scripts_classes[22m | PoliticalMapLayer[39m[0m
[  11% ] [90m[1mupdate_scripts_classes[22m | SelectionMapLayer[39m[0m
[  12% ] [90m[1mupdate_scripts_classes[22m | SettlementMapLayer[39m[0m
[  12% ] [90m[1mupdate_scripts_classes[22m | SvgSidecarMapLayer[39m[0m
[  13% ] [90m[1mupdate_scripts_classes[22m | TerrainMapLayer[39m[0m
[  14% ] [90m[1mupdate_scripts_classes[22m | WildernessMapLayer[39m[0m
[  15% ] [90m[1mupdate_scripts_classes[22m | WorldFixtureLoader[39m[0m
[  16% ] [90m[1mupdate_scripts_classes[22m | [39m[0m
[  17% ] [90m[1mupdate_scripts_classes[22m | [39m[0m
[  18% ] [90m[1mupdate_scripts_classes[22m | MapLandmarkKey[39m[0m
[  18% ] [90m[1mupdate_scripts_classes[22m | WorldFixtureRenderer[39m[0m
[  19% ] [90m[1mupdate_scripts_classes[22m | [39m[0m
[  20% ] [90m[1mupdate_scripts_classes[22m | [39m[0m
[  21% ] [90m[1mupdate_scripts_classes[22m | ExpeditionRecords[39m[0m
[  22% ] [90m[1mupdate_scripts_classes[22m | ExpeditionService[39m[0m
[  23% ] [90m[1mupdate_scripts_classes[22m | GamePlaythroughStore[39m[0m
[  24% ] [90m[1mupdate_scripts_classes[22m | GameWorldTemplate[39m[0m
[  25% ] [90m[1mupdate_scripts_classes[22m | IntroCardLoader[39m[0m
[  25% ] [90m[1mupdate_scripts_classes[22m | IntroCardView[39m[0m
[  26% ] [90m[1mupdate_scripts_classes[22m | IntroSequence[39m[0m
[  27% ] [90m[1mupdate_scripts_classes[22m | OriginContext[39m[0m
[  28% ] [90m[1mupdate_scripts_classes[22m | PartyRecords[39m[0m
[  29% ] [90m[1mupdate_scripts_classes[22m | PartyService[39m[0m
[  30% ] [90m[1mupdate_scripts_classes[22m | WorldPeoples[39m[0m
[  31% ] [90m[1mupdate_scripts_classes[22m | RulesCharacter[39m[0m
[  31% ] [90m[1mupdate_scripts_classes[22m | RulesEffects[39m[0m
[  32% ] [90m[1mupdate_scripts_classes[22m | RulesExpressions[39m[0m
[  33% ] [90m[1mupdate_scripts_classes[22m | RulesHooks[39m[0m
[  34% ] [90m[1mupdate_scripts_classes[22m | RulesJson[39m[0m
[  35% ] [90m[1mupdate_scripts_classes[22m | RulesModifiers[39m[0m
[  36% ] [90m[1mupdate_scripts_classes[22m | RulesRecords[39m[0m
[  37% ] [90m[1mupdate_scripts_classes[22m | RulesRegistry[39m[0m
[  37% ] [90m[1mupdate_scripts_classes[22m | RulesRng[39m[0m
[  38% ] [90m[1mupdate_scripts_classes[22m | RulesService[39m[0m
[  39% ] [90m[1mupdate_scripts_classes[22m | CombatArt[39m[0m
[  40% ] [90m[1mupdate_scripts_classes[22m | CombatEffect[39m[0m
[  41% ] [90m[1mupdate_scripts_classes[22m | CombatPawn[39m[0m
[  42% ] [90m[1mupdate_scripts_classes[22m | [39m[0m
[  43% ] [90m[1mupdate_scripts_classes[22m | GameUI[39m[0m
[  43% ] [90m[1mupdate_scripts_classes[22m | LocalMapArt[39m[0m
[  44% ] [90m[1mupdate_scripts_classes[22m | [39m[0m
[  45% ] [90m[1mupdate_scripts_classes[22m | [39m[0m
[  46% ] [90m[1mupdate_scripts_classes[22m | [39m[0m
[  47% ] [90m[1mupdate_scripts_classes[22m | [39m[0m
[  48% ] [90m[1mupdate_scripts_classes[22m | MainMenu[39m[0m
[  49% ] [90m[1mupdate_scripts_classes[22m | [39m[0m
[  50% ] [90m[1mupdate_scripts_classes[22m | [39m[0m
[  50% ] [90m[1mupdate_scripts_classes[22m | [39m[0m
[  51% ] [90m[1mupdate_scripts_classes[22m | [39m[0m
[  52% ] [90m[1mupdate_scripts_classes[22m | [39m[0m
[  53% ] [90m[1mupdate_scripts_classes[22m | ImmutableValidationCache[39m[0m
[  54% ] [90m[1mupdate_scripts_classes[22m | WorldOriginLore[39m[0m
[  55% ] [90m[1mupdate_scripts_classes[22m | OriginProfiles[39m[0m
[  56% ] [90m[1mupdate_scripts_classes[22m | GameWorldLibrary[39m[0m
[  56% ] [90m[1mupdate_scripts_classes[22m | [39m[0m
[  57% ] [90m[1mupdate_scripts_classes[22m | [39m[0m
[  58% ] [90m[1mupdate_scripts_classes[22m | [39m[0m
[  59% ] [90m[1mupdate_scripts_classes[22m | [39m[0m
[  60% ] [90m[1mupdate_scripts_classes[22m | [39m[0m
[  61% ] [90m[1mupdate_scripts_classes[22m | [39m[0m
[  62% ] [90m[1mupdate_scripts_classes[22m | [39m[0m
[  62% ] [90m[1mupdate_scripts_classes[22m | [39m[0m
[  63% ] [90m[1mupdate_scripts_classes[22m | [39m[0m
[  64% ] [90m[1mupdate_scripts_classes[22m | [39m[0m
[  65% ] [90m[1mupdate_scripts_classes[22m | [39m[0m
[  66% ] [90m[1mupdate_scripts_classes[22m | [39m[0m
[  67% ] [90m[1mupdate_scripts_classes[22m | [39m[0m
[  68% ] [90m[1mupdate_scripts_classes[22m | [39m[0m
[  68% ] [90m[1mupdate_scripts_classes[22m | [39m[0m
[  69% ] [90m[1mupdate_scripts_classes[22m | [39m[0m
[  70% ] [90m[1mupdate_scripts_classes[22m | [39m[0m
[  71% ] [90m[1mupdate_scripts_classes[22m | [39m[0m
[  72% ] [90m[1mupdate_scripts_classes[22m | [39m[0m
[  73% ] [90m[1mupdate_scripts_classes[22m | [39m[0m
[  74% ] [90m[1mupdate_scripts_classes[22m | [39m[0m
[  75% ] [90m[1mupdate_scripts_classes[22m | [39m[0m
[  75% ] [90m[1mupdate_scripts_classes[22m | [39m[0m
[  76% ] [90m[1mupdate_scripts_classes[22m | [39m[0m
[  77% ] [90m[1mupdate_scripts_classes[22m | [39m[0m
[  78% ] [90m[1mupdate_scripts_classes[22m | [39m[0m
[  79% ] [90m[1mupdate_scripts_classes[22m | [39m[0m
[  80% ] [90m[1mupdate_scripts_classes[22m | [39m[0m
[  81% ] [90m[1mupdate_scripts_classes[22m | [39m[0m
[  81% ] [90m[1mupdate_scripts_classes[22m | [39m[0m
[  82% ] [90m[1mupdate_scripts_classes[22m | [39m[0m
[  83% ] [90m[1mupdate_scripts_classes[22m | [39m[0m
[  84% ] [90m[1mupdate_scripts_classes[22m | [39m[0m
[  85% ] [90m[1mupdate_scripts_classes[22m | [39m[0m
[  86% ] [90m[1mupdate_scripts_classes[22m | [39m[0m
[  87% ] [90m[1mupdate_scripts_classes[22m | [39m[0m
[  87% ] [90m[1mupdate_scripts_classes[22m | [39m[0m
[  88% ] [90m[1mupdate_scripts_classes[22m | [39m[0m
[  89% ] [90m[1mupdate_scripts_classes[22m | [39m[0m
[  90% ] [90m[1mupdate_scripts_classes[22m | [39m[0m
[  91% ] [90m[1mupdate_scripts_classes[22m | [39m[0m
[  92% ] [90m[1mupdate_scripts_classes[22m | [39m[0m
[  93% ] [90m[1mupdate_scripts_classes[22m | [39m[0m
[  93% ] [90m[1mupdate_scripts_classes[22m | [39m[0m
[  94% ] [90m[1mupdate_scripts_classes[22m | [39m[0m
[  95% ] [90m[1mupdate_scripts_classes[22m | [39m[0m
[  96% ] [90m[1mupdate_scripts_classes[22m | [39m[0m
[  97% ] [90m[1mupdate_scripts_classes[22m | [39m[0m
[  98% ] [90m[1mupdate_scripts_classes[22m | [39m[0m
[92m[ DONE ][39m [1mupdate_scripts_classes[22m
[0m
[   0% ] [90m[1m_update_scan_actions[22m | Started Scanning actions... (947 steps)[39m[0m
[   0% ] [90m[1m_update_scan_actions[22m | angel_idle_anim_f0.png[39m[0m
[   0% ] [90m[1m_update_scan_actions[22m | angel_idle_anim_f1.png[39m[0m
[   0% ] [90m[1m_update_scan_actions[22m | angel_idle_anim_f2.png[39m[0m
[   0% ] [90m[1m_update_scan_actions[22m | angel_idle_anim_f3.png[39m[0m
[   0% ] [90m[1m_update_scan_actions[22m | angel_run_anim_f0.png[39m[0m
[   0% ] [90m[1m_update_scan_actions[22m | angel_run_anim_f1.png[39m[0m
[   0% ] [90m[1m_update_scan_actions[22m | angel_run_anim_f2.png[39m[0m
[   0% ] [90m[1m_update_scan_actions[22m | angel_run_anim_f3.png[39m[0m
[   0% ] [90m[1m_update_scan_actions[22m | big_demon_idle_anim_f0.png[39m[0m
[   0% ] [90m[1m_update_scan_actions[22m | big_demon_idle_anim_f1.png[39m[0m
[   1% ] [90m[1m_update_scan_actions[22m | big_demon_idle_anim_f2.png[39m[0m
[   1% ] [90m[1m_update_scan_actions[22m | big_demon_idle_anim_f3.png[39m[0m
[   1% ] [90m[1m_update_scan_actions[22m | big_demon_run_anim_f0.png[39m[0m
[   1% ] [90m[1m_update_scan_actions[22m | big_demon_run_anim_f1.png[39m[0m
[   1% ] [90m[1m_update_scan_actions[22m | big_demon_run_anim_f2.png[39m[0m
[   1% ] [90m[1m_update_scan_actions[22m | big_demon_run_anim_f3.png[39m[0m
[   1% ] [90m[1m_update_scan_actions[22m | big_zombie_idle_anim_f0.png[39m[0m
[   1% ] [90m[1m_update_scan_actions[22m | big_zombie_idle_anim_f1.png[39m[0m
[   1% ] [90m[1m_update_scan_actions[22m | big_zombie_idle_anim_f2.png[39m[0m
[   2% ] [90m[1m_update_scan_actions[22m | big_zombie_idle_anim_f3.png[39m[0m
[   2% ] [90m[1m_update_scan_actions[22m | big_zombie_run_anim_f0.png[39m[0m
[   2% ] [90m[1m_update_scan_actions[22m | big_zombie_run_anim_f1.png[39m[0m
[   2% ] [90m[1m_update_scan_actions[22m | big_zombie_run_anim_f2.png[39m[0m
[   2% ] [90m[1m_update_scan_actions[22m | big_zombie_run_anim_f3.png[39m[0m
[   2% ] [90m[1m_update_scan_actions[22m | bomb_f0.png[39m[0m
[   2% ] [90m[1m_update_scan_actions[22m | bomb_f1.png[39m[0m
[   2% ] [90m[1m_update_scan_actions[22m | bomb_f2.png[39m[0m
[   2% ] [90m[1m_update_scan_actions[22m | button_blue_down.png[39m[0m
[   2% ] [90m[1m_update_scan_actions[22m | button_blue_up.png[39m[0m
[   3% ] [90m[1m_update_scan_actions[22m | button_red_down.png[39m[0m
[   3% ] [90m[1m_update_scan_actions[22m | button_red_up.png[39m[0m
[   3% ] [90m[1m_update_scan_actions[22m | chest_empty_open_anim_f0.png[39m[0m
[   3% ] [90m[1m_update_scan_actions[22m | chest_empty_open_anim_f1.png[39m[0m
[   3% ] [90m[1m_update_scan_actions[22m | chest_empty_open_anim_f2.png[39m[0m
[   3% ] [90m[1m_update_scan_actions[22m | chest_full_open_anim_f0.png[39m[0m
[   3% ] [90m[1m_update_scan_actions[22m | chest_full_open_anim_f1.png[39m[0m
[   3% ] [90m[1m_update_scan_actions[22m | chest_full_open_anim_f2.png[39m[0m
[   3% ] [90m[1m_update_scan_actions[22m | chest_mimic_open_anim_f0.png[39m[0m
[   4% ] [90m[1m_update_scan_actions[22m | chest_mimic_open_anim_f1.png[39m[0m
[   4% ] [90m[1m_update_scan_actions[22m | chest_mimic_open_anim_f2.png[39m[0m
[   4% ] [90m[1m_update_scan_actions[22m | chort_idle_anim_f0.png[39m[0m
[   4% ] [90m[1m_update_scan_actions[22m | chort_idle_anim_f1.png[39m[0m
[   4% ] [90m[1m_update_scan_actions[22m | chort_idle_anim_f2.png[39m[0m
[   4% ] [90m[1m_update_scan_actions[22m | chort_idle_anim_f3.png[39m[0m
[   4% ] [90m[1m_update_scan_actions[22m | chort_run_anim_f0.png[39m[0m
[   4% ] [90m[1m_update_scan_actions[22m | chort_run_anim_f1.png[39m[0m
[   4% ] [90m[1m_update_scan_actions[22m | chort_run_anim_f2.png[39m[0m
[   4% ] [90m[1m_update_scan_actions[22m | chort_run_anim_f3.png[39m[0m
[   5% ] [90m[1m_update_scan_actions[22m | coin_anim_f0.png[39m[0m
[   5% ] [90m[1m_update_scan_actions[22m | coin_anim_f1.png[39m[0m
[   5% ] [90m[1m_update_scan_actions[22m | coin_anim_f2.png[39m[0m
[   5% ] [90m[1m_update_scan_actions[22m | coin_anim_f3.png[39m[0m
[   5% ] [90m[1m_update_scan_actions[22m | column.png[39m[0m
[   5% ] [90m[1m_update_scan_actions[22m | column_wall.png[39m[0m
[   5% ] [90m[1m_update_scan_actions[22m | crate.png[39m[0m
[   5% ] [90m[1m_update_scan_actions[22m | doc_idle_anim_f0.png[39m[0m
[   5% ] [90m[1m_update_scan_actions[22m | doc_idle_anim_f1.png[39m[0m
[   6% ] [90m[1m_update_scan_actions[22m | doc_idle_anim_f2.png[39m[0m
[   6% ] [90m[1m_update_scan_actions[22m | doc_idle_anim_f3.png[39m[0m
[   6% ] [90m[1m_update_scan_actions[22m | doc_run_anim_f0.png[39m[0m
[   6% ] [90m[1m_update_scan_actions[22m | doc_run_anim_f1.png[39m[0m
[   6% ] [90m[1m_update_scan_actions[22m | doc_run_anim_f2.png[39m[0m
[   6% ] [90m[1m_update_scan_actions[22m | doc_run_anim_f3.png[39m[0m
[   6% ] [90m[1m_update_scan_actions[22m | doors_frame_left.png[39m[0m
[   6% ] [90m[1m_update_scan_actions[22m | doors_frame_right.png[39m[0m
[   6% ] [90m[1m_update_scan_actions[22m | doors_frame_top.png[39m[0m
[   6% ] [90m[1m_update_scan_actions[22m | doors_leaf_closed.png[39m[0m
[   7% ] [90m[1m_update_scan_actions[22m | doors_leaf_open.png[39m[0m
[   7% ] [90m[1m_update_scan_actions[22m | dwarf_f_hit_anim_f0.png[39m[0m
[   7% ] [90m[1m_update_scan_actions[22m | dwarf_f_idle_anim_f0.png[39m[0m
[   7% ] [90m[1m_update_scan_actions[22m | dwarf_f_idle_anim_f1.png[39m[0m
[   7% ] [90m[1m_update_scan_actions[22m | dwarf_f_idle_anim_f2.png[39m[0m
[   7% ] [90m[1m_update_scan_actions[22m | dwarf_f_idle_anim_f3.png[39m[0m
[   7% ] [90m[1m_update_scan_actions[22m | dwarf_f_run_anim_f0.png[39m[0m
[   7% ] [90m[1m_update_scan_actions[22m | dwarf_f_run_anim_f1.png[39m[0m
[   7% ] [90m[1m_update_scan_actions[22m | dwarf_f_run_anim_f2.png[39m[0m
[   8% ] [90m[1m_update_scan_actions[22m | dwarf_f_run_anim_f3.png[39m[0m
[   8% ] [90m[1m_update_scan_actions[22m | dwarf_m_hit_anim_f0.png[39m[0m
[   8% ] [90m[1m_update_scan_actions[22m | dwarf_m_idle_anim_f0.png[39m[0m
[   8% ] [90m[1m_update_scan_actions[22m | dwarf_m_idle_anim_f1.png[39m[0m
[   8% ] [90m[1m_update_scan_actions[22m | dwarf_m_idle_anim_f2.png[39m[0m
[   8% ] [90m[1m_update_scan_actions[22m | dwarf_m_idle_anim_f3.png[39m[0m
[   8% ] [90m[1m_update_scan_actions[22m | dwarf_m_run_anim_f0.png[39m[0m
[   8% ] [90m[1m_update_scan_actions[22m | dwarf_m_run_anim_f1.png[39m[0m
[   8% ] [90m[1m_update_scan_actions[22m | dwarf_m_run_anim_f2.png[39m[0m
[   8% ] [90m[1m_update_scan_actions[22m | dwarf_m_run_anim_f3.png[39m[0m
[   9% ] [90m[1m_update_scan_actions[22m | edge_down.png[39m[0m
[   9% ] [90m[1m_update_scan_actions[22m | elf_f_hit_anim_f0.png[39m[0m
[   9% ] [90m[1m_update_scan_actions[22m | elf_f_idle_anim_f0.png[39m[0m
[   9% ] [90m[1m_update_scan_actions[22m | elf_f_idle_anim_f1.png[39m[0m
[   9% ] [90m[1m_update_scan_actions[22m | elf_f_idle_anim_f2.png[39m[0m
[   9% ] [90m[1m_update_scan_actions[22m | elf_f_idle_anim_f3.png[39m[0m
[   9% ] [90m[1m_update_scan_actions[22m | elf_f_run_anim_f0.png[39m[0m
[   9% ] [90m[1m_update_scan_actions[22m | elf_f_run_anim_f1.png[39m[0m
[   9% ] [90m[1m_update_scan_actions[22m | elf_f_run_anim_f2.png[39m[0m
[  10% ] [90m[1m_update_scan_actions[22m | elf_f_run_anim_f3.png[39m[0m
[  10% ] [90m[1m_update_scan_actions[22m | elf_m_hit_anim_f0.png[39m[0m
[  10% ] [90m[1m_update_scan_actions[22m | elf_m_idle_anim_f0.png[39m[0m
[  10% ] [90m[1m_update_scan_actions[22m | elf_m_idle_anim_f1.png[39m[0m
[  10% ] [90m[1m_update_scan_actions[22m | elf_m_idle_anim_f2.png[39m[0m
[  10% ] [90m[1m_update_scan_actions[22m | elf_m_idle_anim_f3.png[39m[0m
[  10% ] [90m[1m_update_scan_actions[22m | elf_m_run_anim_f0.png[39m[0m
[  10% ] [90m[1m_update_scan_actions[22m | elf_m_run_anim_f1.png[39m[0m
[  10% ] [90m[1m_update_scan_actions[22m | elf_m_run_anim_f2.png[39m[0m
[  10% ] [90m[1m_update_scan_actions[22m | elf_m_run_anim_f3.png[39m[0m
[  11% ] [90m[1m_update_scan_actions[22m | flask_big_blue.png[39m[0m
[  11% ] [90m[1m_update_scan_actions[22m | flask_big_green.png[39m[0m
[  11% ] [90m[1m_update_scan_actions[22m | flask_big_red.png[39m[0m
[  11% ] [90m[1m_update_scan_actions[22m | flask_big_yellow.png[39m[0m
[  11% ] [90m[1m_update_scan_actions[22m | flask_blue.png[39m[0m
[  11% ] [90m[1m_update_scan_actions[22m | flask_green.png[39m[0m
[  11% ] [90m[1m_update_scan_actions[22m | flask_red.png[39m[0m
[  11% ] [90m[1m_update_scan_actions[22m | flask_yellow.png[39m[0m
[  11% ] [90m[1m_update_scan_actions[22m | floor_1.png[39m[0m
[  12% ] [90m[1m_update_scan_actions[22m | floor_2.png[39m[0m
[  12% ] [90m[1m_update_scan_actions[22m | floor_3.png[39m[0m
[  12% ] [90m[1m_update_scan_actions[22m | floor_4.png[39m[0m
[  12% ] [90m[1m_update_scan_actions[22m | floor_5.png[39m[0m
[  12% ] [90m[1m_update_scan_actions[22m | floor_6.png[39m[0m
[  12% ] [90m[1m_update_scan_actions[22m | floor_7.png[39m[0m
[  12% ] [90m[1m_update_scan_actions[22m | floor_8.png[39m[0m
[  12% ] [90m[1m_update_scan_actions[22m | floor_ladder.png[39m[0m
[  12% ] [90m[1m_update_scan_actions[22m | floor_spikes_anim_f0.png[39m[0m
[  12% ] [90m[1m_update_scan_actions[22m | floor_spikes_anim_f1.png[39m[0m
[  13% ] [90m[1m_update_scan_actions[22m | floor_spikes_anim_f2.png[39m[0m
[  13% ] [90m[1m_update_scan_actions[22m | floor_spikes_anim_f3.png[39m[0m
[  13% ] [90m[1m_update_scan_actions[22m | floor_stairs.png[39m[0m
[  13% ] [90m[1m_update_scan_actions[22m | goblin_idle_anim_f0.png[39m[0m
[  13% ] [90m[1m_update_scan_actions[22m | goblin_idle_anim_f1.png[39m[0m
[  13% ] [90m[1m_update_scan_actions[22m | goblin_idle_anim_f2.png[39m[0m
[  13% ] [90m[1m_update_scan_actions[22m | goblin_idle_anim_f3.png[39m[0m
[  13% ] [90m[1m_update_scan_actions[22m | goblin_run_anim_f0.png[39m[0m
[  13% ] [90m[1m_update_scan_actions[22m | goblin_run_anim_f1.png[39m[0m
[  14% ] [90m[1m_update_scan_actions[22m | goblin_run_anim_f2.png[39m[0m
[  14% ] [90m[1m_update_scan_actions[22m | goblin_run_anim_f3.png[39m[0m
[  14% ] [90m[1m_update_scan_actions[22m | hole.png[39m[0m
[  14% ] [90m[1m_update_scan_actions[22m | ice_zombie_anim_f0.png[39m[0m
[  14% ] [90m[1m_update_scan_actions[22m | ice_zombie_anim_f1.png[39m[0m
[  14% ] [90m[1m_update_scan_actions[22m | ice_zombie_anim_f2.png[39m[0m
[  14% ] [90m[1m_update_scan_actions[22m | ice_zombie_anim_f3.png[39m[0m
[  14% ] [90m[1m_update_scan_actions[22m | imp_idle_anim_f0.png[39m[0m
[  14% ] [90m[1m_update_scan_actions[22m | imp_idle_anim_f1.png[39m[0m
[  14% ] [90m[1m_update_scan_actions[22m | imp_idle_anim_f2.png[39m[0m
[  15% ] [90m[1m_update_scan_actions[22m | imp_idle_anim_f3.png[39m[0m
[  15% ] [90m[1m_update_scan_actions[22m | imp_run_anim_f0.png[39m[0m
[  15% ] [90m[1m_update_scan_actions[22m | imp_run_anim_f1.png[39m[0m
[  15% ] [90m[1m_update_scan_actions[22m | imp_run_anim_f2.png[39m[0m
[  15% ] [90m[1m_update_scan_actions[22m | imp_run_anim_f3.png[39m[0m
[  15% ] [90m[1m_update_scan_actions[22m | knight_f_hit_anim_f0.png[39m[0m
[  15% ] [90m[1m_update_scan_actions[22m | knight_f_idle_anim_f0.png[39m[0m
[  15% ] [90m[1m_update_scan_actions[22m | knight_f_idle_anim_f1.png[39m[0m
[  15% ] [90m[1m_update_scan_actions[22m | knight_f_idle_anim_f2.png[39m[0m
[  16% ] [90m[1m_update_scan_actions[22m | knight_f_idle_anim_f3.png[39m[0m
[  16% ] [90m[1m_update_scan_actions[22m | knight_f_run_anim_f0.png[39m[0m
[  16% ] [90m[1m_update_scan_actions[22m | knight_f_run_anim_f1.png[39m[0m
[  16% ] [90m[1m_update_scan_actions[22m | knight_f_run_anim_f2.png[39m[0m
[  16% ] [90m[1m_update_scan_actions[22m | knight_f_run_anim_f3.png[39m[0m
[  16% ] [90m[1m_update_scan_actions[22m | knight_m_hit_anim_f0.png[39m[0m
[  16% ] [90m[1m_update_scan_actions[22m | knight_m_idle_anim_f0.png[39m[0m
[  16% ] [90m[1m_update_scan_actions[22m | knight_m_idle_anim_f1.png[39m[0m
[  16% ] [90m[1m_update_scan_actions[22m | knight_m_idle_anim_f2.png[39m[0m
[  16% ] [90m[1m_update_scan_actions[22m | knight_m_idle_anim_f3.png[39m[0m
[  17% ] [90m[1m_update_scan_actions[22m | knight_m_run_anim_f0.png[39m[0m
[  17% ] [90m[1m_update_scan_actions[22m | knight_m_run_anim_f1.png[39m[0m
[  17% ] [90m[1m_update_scan_actions[22m | knight_m_run_anim_f2.png[39m[0m
[  17% ] [90m[1m_update_scan_actions[22m | knight_m_run_anim_f3.png[39m[0m
[  17% ] [90m[1m_update_scan_actions[22m | lever_left.png[39m[0m
[  17% ] [90m[1m_update_scan_actions[22m | lever_right.png[39m[0m
[  17% ] [90m[1m_update_scan_actions[22m | lizard_f_hit_anim_f0.png[39m[0m
[  17% ] [90m[1m_update_scan_actions[22m | lizard_f_idle_anim_f0.png[39m[0m
[  17% ] [90m[1m_update_scan_actions[22m | lizard_f_idle_anim_f1.png[39m[0m
[  18% ] [90m[1m_update_scan_actions[22m | lizard_f_idle_anim_f2.png[39m[0m
[  18% ] [90m[1m_update_scan_actions[22m | lizard_f_idle_anim_f3.png[39m[0m
[  18% ] [90m[1m_update_scan_actions[22m | lizard_f_run_anim_f0.png[39m[0m
[  18% ] [90m[1m_update_scan_actions[22m | lizard_f_run_anim_f1.png[39m[0m
[  18% ] [90m[1m_update_scan_actions[22m | lizard_f_run_anim_f2.png[39m[0m
[  18% ] [90m[1m_update_scan_actions[22m | lizard_f_run_anim_f3.png[39m[0m
[  18% ] [90m[1m_update_scan_actions[22m | lizard_m_hit_anim_f0.png[39m[0m
[  18% ] [90m[1m_update_scan_actions[22m | lizard_m_idle_anim_f0.png[39m[0m
[  18% ] [90m[1m_update_scan_actions[22m | lizard_m_idle_anim_f1.png[39m[0m
[  18% ] [90m[1m_update_scan_actions[22m | lizard_m_idle_anim_f2.png[39m[0m
[  19% ] [90m[1m_update_scan_actions[22m | lizard_m_idle_anim_f3.png[39m[0m
[  19% ] [90m[1m_update_scan_actions[22m | lizard_m_run_anim_f0.png[39m[0m
[  19% ] [90m[1m_update_scan_actions[22m | lizard_m_run_anim_f1.png[39m[0m
[  19% ] [90m[1m_update_scan_actions[22m | lizard_m_run_anim_f2.png[39m[0m
[  19% ] [90m[1m_update_scan_actions[22m | lizard_m_run_anim_f3.png[39m[0m
[  19% ] [90m[1m_update_scan_actions[22m | masked_orc_idle_anim_f0.png[39m[0m
[  19% ] [90m[1m_update_scan_actions[22m | masked_orc_idle_anim_f1.png[39m[0m
[  19% ] [90m[1m_update_scan_actions[22m | masked_orc_idle_anim_f2.png[39m[0m
[  19% ] [90m[1m_update_scan_actions[22m | masked_orc_idle_anim_f3.png[39m[0m
[  20% ] [90m[1m_update_scan_actions[22m | masked_orc_run_anim_f0.png[39m[0m
[  20% ] [90m[1m_update_scan_actions[22m | masked_orc_run_anim_f1.png[39m[0m
[  20% ] [90m[1m_update_scan_actions[22m | masked_orc_run_anim_f2.png[39m[0m
[  20% ] [90m[1m_update_scan_actions[22m | masked_orc_run_anim_f3.png[39m[0m
[  20% ] [90m[1m_update_scan_actions[22m | muddy_anim_f0.png[39m[0m
[  20% ] [90m[1m_update_scan_actions[22m | muddy_anim_f1.png[39m[0m
[  20% ] [90m[1m_update_scan_actions[22m | muddy_anim_f2.png[39m[0m
[  20% ] [90m[1m_update_scan_actions[22m | muddy_anim_f3.png[39m[0m
[  20% ] [90m[1m_update_scan_actions[22m | necromancer_anim_f0.png[39m[0m
[  20% ] [90m[1m_update_scan_actions[22m | necromancer_anim_f1.png[39m[0m
[  21% ] [90m[1m_update_scan_actions[22m | necromancer_anim_f2.png[39m[0m
[  21% ] [90m[1m_update_scan_actions[22m | necromancer_anim_f3.png[39m[0m
[  21% ] [90m[1m_update_scan_actions[22m | ogre_idle_anim_f0.png[39m[0m
[  21% ] [90m[1m_update_scan_actions[22m | ogre_idle_anim_f1.png[39m[0m
[  21% ] [90m[1m_update_scan_actions[22m | ogre_idle_anim_f2.png[39m[0m
[  21% ] [90m[1m_update_scan_actions[22m | ogre_idle_anim_f3.png[39m[0m
[  21% ] [90m[1m_update_scan_actions[22m | ogre_run_anim_f0.png[39m[0m
[  21% ] [90m[1m_update_scan_actions[22m | ogre_run_anim_f1.png[39m[0m
[  21% ] [90m[1m_update_scan_actions[22m | ogre_run_anim_f2.png[39m[0m
[  22% ] [90m[1m_update_scan_actions[22m | ogre_run_anim_f3.png[39m[0m
[  22% ] [90m[1m_update_scan_actions[22m | orc_shaman_idle_anim_f0.png[39m[0m
[  22% ] [90m[1m_update_scan_actions[22m | orc_shaman_idle_anim_f1.png[39m[0m
[  22% ] [90m[1m_update_scan_actions[22m | orc_shaman_idle_anim_f2.png[39m[0m
[  22% ] [90m[1m_update_scan_actions[22m | orc_shaman_idle_anim_f3.png[39m[0m
[  22% ] [90m[1m_update_scan_actions[22m | orc_shaman_run_anim_f0.png[39m[0m
[  22% ] [90m[1m_update_scan_actions[22m | orc_shaman_run_anim_f1.png[39m[0m
[  22% ] [90m[1m_update_scan_actions[22m | orc_shaman_run_anim_f2.png[39m[0m
[  22% ] [90m[1m_update_scan_actions[22m | orc_shaman_run_anim_f3.png[39m[0m
[  22% ] [90m[1m_update_scan_actions[22m | orc_warrior_idle_anim_f0.png[39m[0m
[  23% ] [90m[1m_update_scan_actions[22m | orc_warrior_idle_anim_f1.png[39m[0m
[  23% ] [90m[1m_update_scan_actions[22m | orc_warrior_idle_anim_f2.png[39m[0m
[  23% ] [90m[1m_update_scan_actions[22m | orc_warrior_idle_anim_f3.png[39m[0m
[  23% ] [90m[1m_update_scan_actions[22m | orc_warrior_run_anim_f0.png[39m[0m
[  23% ] [90m[1m_update_scan_actions[22m | orc_warrior_run_anim_f1.png[39m[0m
[  23% ] [90m[1m_update_scan_actions[22m | orc_warrior_run_anim_f2.png[39m[0m
[  23% ] [90m[1m_update_scan_actions[22m | orc_warrior_run_anim_f3.png[39m[0m
[  23% ] [90m[1m_update_scan_actions[22m | pumpkin_dude_idle_anim_f0.png[39m[0m
[  23% ] [90m[1m_update_scan_actions[22m | pumpkin_dude_idle_anim_f1.png[39m[0m
[  24% ] [90m[1m_update_scan_actions[22m | pumpkin_dude_idle_anim_f2.png[39m[0m
[  24% ] [90m[1m_update_scan_actions[22m | pumpkin_dude_idle_anim_f3.png[39m[0m
[  24% ] [90m[1m_update_scan_actions[22m | pumpkin_dude_run_anim_f0.png[39m[0m
[  24% ] [90m[1m_update_scan_actions[22m | pumpkin_dude_run_anim_f1.png[39m[0m
[  24% ] [90m[1m_update_scan_actions[22m | pumpkin_dude_run_anim_f2.png[39m[0m
[  24% ] [90m[1m_update_scan_actions[22m | pumpkin_dude_run_anim_f3.png[39m[0m
[  24% ] [90m[1m_update_scan_actions[22m | skelet_idle_anim_f0.png[39m[0m
[  24% ] [90m[1m_update_scan_actions[22m | skelet_idle_anim_f1.png[39m[0m
[  24% ] [90m[1m_update_scan_actions[22m | skelet_idle_anim_f2.png[39m[0m
[  25% ] [90m[1m_update_scan_actions[22m | skelet_idle_anim_f3.png[39m[0m
[  25% ] [90m[1m_update_scan_actions[22m | skelet_run_anim_f0.png[39m[0m
[  25% ] [90m[1m_update_scan_actions[22m | skelet_run_anim_f1.png[39m[0m
[  25% ] [90m[1m_update_scan_actions[22m | skelet_run_anim_f2.png[39m[0m
[  25% ] [90m[1m_update_scan_actions[22m | skelet_run_anim_f3.png[39m[0m
[  25% ] [90m[1m_update_scan_actions[22m | skull.png[39m[0m
[  25% ] [90m[1m_update_scan_actions[22m | slug_anim_f0.png[39m[0m
[  25% ] [90m[1m_update_scan_actions[22m | slug_anim_f1.png[39m[0m
[  25% ] [90m[1m_update_scan_actions[22m | slug_anim_f2.png[39m[0m
[  25% ] [90m[1m_update_scan_actions[22m | slug_anim_f3.png[39m[0m
[  26% ] [90m[1m_update_scan_actions[22m | swampy_anim_f0.png[39m[0m
[  26% ] [90m[1m_update_scan_actions[22m | swampy_anim_f1.png[39m[0m
[  26% ] [90m[1m_update_scan_actions[22m | swampy_anim_f2.png[39m[0m
[  26% ] [90m[1m_update_scan_actions[22m | swampy_anim_f3.png[39m[0m
[  26% ] [90m[1m_update_scan_actions[22m | tiny_slug_anim_f0.png[39m[0m
[  26% ] [90m[1m_update_scan_actions[22m | tiny_slug_anim_f1.png[39m[0m
[  26% ] [90m[1m_update_scan_actions[22m | tiny_slug_anim_f2.png[39m[0m
[  26% ] [90m[1m_update_scan_actions[22m | tiny_slug_anim_f3.png[39m[0m
[  26% ] [90m[1m_update_scan_actions[22m | tiny_zombie_idle_anim_f0.png[39m[0m
[  27% ] [90m[1m_update_scan_actions[22m | tiny_zombie_idle_anim_f1.png[39m[0m
[  27% ] [90m[1m_update_scan_actions[22m | tiny_zombie_idle_anim_f2.png[39m[0m
[  27% ] [90m[1m_update_scan_actions[22m | tiny_zombie_idle_anim_f3.png[39m[0m
[  27% ] [90m[1m_update_scan_actions[22m | tiny_zombie_run_anim_f0.png[39m[0m
[  27% ] [90m[1m_update_scan_actions[22m | tiny_zombie_run_anim_f1.png[39m[0m
[  27% ] [90m[1m_update_scan_actions[22m | tiny_zombie_run_anim_f2.png[39m[0m
[  27% ] [90m[1m_update_scan_actions[22m | tiny_zombie_run_anim_f3.png[39m[0m
[  27% ] [90m[1m_update_scan_actions[22m | ui_heart_empty.png[39m[0m
[  27% ] [90m[1m_update_scan_actions[22m | ui_heart_full.png[39m[0m
[  27% ] [90m[1m_update_scan_actions[22m | ui_heart_half.png[39m[0m
[  28% ] [90m[1m_update_scan_actions[22m | wall_banner_blue.png[39m[0m
[  28% ] [90m[1m_update_scan_actions[22m | wall_banner_green.png[39m[0m
[  28% ] [90m[1m_update_scan_actions[22m | wall_banner_red.png[39m[0m
[  28% ] [90m[1m_update_scan_actions[22m | wall_banner_yellow.png[39m[0m
[  28% ] [90m[1m_update_scan_actions[22m | wall_edge_bottom_left.png[39m[0m
[  28% ] [90m[1m_update_scan_actions[22m | wall_edge_bottom_right.png[39m[0m
[  28% ] [90m[1m_update_scan_actions[22m | wall_edge_left.png[39m[0m
[  28% ] [90m[1m_update_scan_actions[22m | wall_edge_mid_left.png[39m[0m
[  28% ] [90m[1m_update_scan_actions[22m | wall_edge_mid_right.png[39m[0m
[  29% ] [90m[1m_update_scan_actions[22m | wall_edge_right.png[39m[0m
[  29% ] [90m[1m_update_scan_actions[22m | wall_edge_top_left.png[39m[0m
[  29% ] [90m[1m_update_scan_actions[22m | wall_edge_top_right.png[39m[0m
[  29% ] [90m[1m_update_scan_actions[22m | wall_edge_tshape_bottom_left.png[39m[0m
[  29% ] [90m[1m_update_scan_actions[22m | wall_edge_tshape_bottom_right.png[39m[0m
[  29% ] [90m[1m_update_scan_actions[22m | wall_edge_tshape_left.png[39m[0m
[  29% ] [90m[1m_update_scan_actions[22m | wall_edge_tshape_right.png[39m[0m
[  29% ] [90m[1m_update_scan_actions[22m | wall_fountain_basin_blue_anim_f0.png[39m[0m
[  29% ] [90m[1m_update_scan_actions[22m | wall_fountain_basin_blue_anim_f1.png[39m[0m
[  29% ] [90m[1m_update_scan_actions[22m | wall_fountain_basin_blue_anim_f2.png[39m[0m
[  30% ] [90m[1m_update_scan_actions[22m | wall_fountain_basin_red_anim_f0.png[39m[0m
[  30% ] [90m[1m_update_scan_actions[22m | wall_fountain_basin_red_anim_f1.png[39m[0m
[  30% ] [90m[1m_update_scan_actions[22m | wall_fountain_basin_red_anim_f2.png[39m[0m
[  30% ] [90m[1m_update_scan_actions[22m | wall_fountain_mid_blue_anim_f0.png[39m[0m
[  30% ] [90m[1m_update_scan_actions[22m | wall_fountain_mid_blue_anim_f1.png[39m[0m
[  30% ] [90m[1m_update_scan_actions[22m | wall_fountain_mid_blue_anim_f2.png[39m[0m
[  30% ] [90m[1m_update_scan_actions[22m | wall_fountain_mid_red_anim_f0.png[39m[0m
[  30% ] [90m[1m_update_scan_actions[22m | wall_fountain_mid_red_anim_f1.png[39m[0m
[  30% ] [90m[1m_update_scan_actions[22m | wall_fountain_mid_red_anim_f2.png[39m[0m
[  31% ] [90m[1m_update_scan_actions[22m | wall_fountain_top_1.png[39m[0m
[  31% ] [90m[1m_update_scan_actions[22m | wall_fountain_top_2.png[39m[0m
[  31% ] [90m[1m_update_scan_actions[22m | wall_fountain_top_3.png[39m[0m
[  31% ] [90m[1m_update_scan_actions[22m | wall_goo.png[39m[0m
[  31% ] [90m[1m_update_scan_actions[22m | wall_goo_base.png[39m[0m
[  31% ] [90m[1m_update_scan_actions[22m | wall_hole_1.png[39m[0m
[  31% ] [90m[1m_update_scan_actions[22m | wall_hole_2.png[39m[0m
[  31% ] [90m[1m_update_scan_actions[22m | wall_left.png[39m[0m
[  31% ] [90m[1m_update_scan_actions[22m | wall_mid.png[39m[0m
[  31% ] [90m[1m_update_scan_actions[22m | wall_outer_front_left.png[39m[0m
[  32% ] [90m[1m_update_scan_actions[22m | wall_outer_front_right.png[39m[0m
[  32% ] [90m[1m_update_scan_actions[22m | wall_outer_mid_left.png[39m[0m
[  32% ] [90m[1m_update_scan_actions[22m | wall_outer_mid_right.png[39m[0m
[  32% ] [90m[1m_update_scan_actions[22m | wall_outer_top_left.png[39m[0m
[  32% ] [90m[1m_update_scan_actions[22m | wall_outer_top_right.png[39m[0m
[  32% ] [90m[1m_update_scan_actions[22m | wall_right.png[39m[0m
[  32% ] [90m[1m_update_scan_actions[22m | wall_top_left.png[39m[0m
[  32% ] [90m[1m_update_scan_actions[22m | wall_top_mid.png[39m[0m
[  32% ] [90m[1m_update_scan_actions[22m | wall_top_right.png[39m[0m
[  33% ] [90m[1m_update_scan_actions[22m | weapon_anime_sword.png[39m[0m
[  33% ] [90m[1m_update_scan_actions[22m | weapon_arrow.png[39m[0m
[  33% ] [90m[1m_update_scan_actions[22m | weapon_axe.png[39m[0m
[  33% ] [90m[1m_update_scan_actions[22m | weapon_baton_with_spikes.png[39m[0m
[  33% ] [90m[1m_update_scan_actions[22m | weapon_big_hammer.png[39m[0m
[  33% ] [90m[1m_update_scan_actions[22m | weapon_bow.png[39m[0m
[  33% ] [90m[1m_update_scan_actions[22m | weapon_bow_2.png[39m[0m
[  33% ] [90m[1m_update_scan_actions[22m | weapon_cleaver.png[39m[0m
[  33% ] [90m[1m_update_scan_actions[22m | weapon_double_axe.png[39m[0m
[  33% ] [90m[1m_update_scan_actions[22m | weapon_duel_sword.png[39m[0m
[  34% ] [90m[1m_update_scan_actions[22m | weapon_golden_sword.png[39m[0m
[  34% ] [90m[1m_update_scan_actions[22m | weapon_green_magic_staff.png[39m[0m
[  34% ] [90m[1m_update_scan_actions[22m | weapon_hammer.png[39m[0m
[  34% ] [90m[1m_update_scan_actions[22m | weapon_katana.png[39m[0m
[  34% ] [90m[1m_update_scan_actions[22m | weapon_knife.png[39m[0m
[  34% ] [90m[1m_update_scan_actions[22m | weapon_knight_sword.png[39m[0m
[  34% ] [90m[1m_update_scan_actions[22m | weapon_lavish_sword.png[39m[0m
[  34% ] [90m[1m_update_scan_actions[22m | weapon_mace.png[39m[0m
[  34% ] [90m[1m_update_scan_actions[22m | weapon_machete.png[39m[0m
[  35% ] [90m[1m_update_scan_actions[22m | weapon_red_gem_sword.png[39m[0m
[  35% ] [90m[1m_update_scan_actions[22m | weapon_red_magic_staff.png[39m[0m
[  35% ] [90m[1m_update_scan_actions[22m | weapon_regular_sword.png[39m[0m
[  35% ] [90m[1m_update_scan_actions[22m | weapon_rusty_sword.png[39m[0m
[  35% ] [90m[1m_update_scan_actions[22m | weapon_saw_sword.png[39m[0m
[  35% ] [90m[1m_update_scan_actions[22m | weapon_spear.png[39m[0m
[  35% ] [90m[1m_update_scan_actions[22m | weapon_throwing_axe.png[39m[0m
[  35% ] [90m[1m_update_scan_actions[22m | weapon_waraxe.png[39m[0m
[  35% ] [90m[1m_update_scan_actions[22m | wizzard_f_hit_anim_f0.png[39m[0m
[  35% ] [90m[1m_update_scan_actions[22m | wizzard_f_idle_anim_f0.png[39m[0m
[  36% ] [90m[1m_update_scan_actions[22m | wizzard_f_idle_anim_f1.png[39m[0m
[  36% ] [90m[1m_update_scan_actions[22m | wizzard_f_idle_anim_f2.png[39m[0m
[  36% ] [90m[1m_update_scan_actions[22m | wizzard_f_idle_anim_f3.png[39m[0m
[  36% ] [90m[1m_update_scan_actions[22m | wizzard_f_run_anim_f0.png[39m[0m
[  36% ] [90m[1m_update_scan_actions[22m | wizzard_f_run_anim_f1.png[39m[0m
[  36% ] [90m[1m_update_scan_actions[22m | wizzard_f_run_anim_f2.png[39m[0m
[  36% ] [90m[1m_update_scan_actions[22m | wizzard_f_run_anim_f3.png[39m[0m
[  36% ] [90m[1m_update_scan_actions[22m | wizzard_m_hit_anim_f0.png[39m[0m
[  36% ] [90m[1m_update_scan_actions[22m | wizzard_m_idle_anim_f0.png[39m[0m
[  37% ] [90m[1m_update_scan_actions[22m | wizzard_m_idle_anim_f1.png[39m[0m
[  37% ] [90m[1m_update_scan_actions[22m | wizzard_m_idle_anim_f2.png[39m[0m
[  37% ] [90m[1m_update_scan_actions[22m | wizzard_m_idle_anim_f3.png[39m[0m
[  37% ] [90m[1m_update_scan_actions[22m | wizzard_m_run_anim_f0.png[39m[0m
[  37% ] [90m[1m_update_scan_actions[22m | wizzard_m_run_anim_f1.png[39m[0m
[  37% ] [90m[1m_update_scan_actions[22m | wizzard_m_run_anim_f2.png[39m[0m
[  37% ] [90m[1m_update_scan_actions[22m | wizzard_m_run_anim_f3.png[39m[0m
[  37% ] [90m[1m_update_scan_actions[22m | wogol_idle_anim_f0.png[39m[0m
[  37% ] [90m[1m_update_scan_actions[22m | wogol_idle_anim_f1.png[39m[0m
[  37% ] [90m[1m_update_scan_actions[22m | wogol_idle_anim_f2.png[39m[0m
[  38% ] [90m[1m_update_scan_actions[22m | wogol_idle_anim_f3.png[39m[0m
[  38% ] [90m[1m_update_scan_actions[22m | wogol_run_anim_f0.png[39m[0m
[  38% ] [90m[1m_update_scan_actions[22m | wogol_run_anim_f1.png[39m[0m
[  38% ] [90m[1m_update_scan_actions[22m | wogol_run_anim_f2.png[39m[0m
[  38% ] [90m[1m_update_scan_actions[22m | wogol_run_anim_f3.png[39m[0m
[  38% ] [90m[1m_update_scan_actions[22m | zombie_anim_f1.png[39m[0m
[  38% ] [90m[1m_update_scan_actions[22m | zombie_anim_f2.png[39m[0m
[  38% ] [90m[1m_update_scan_actions[22m | zombie_anim_f3.png[39m[0m
[  38% ] [90m[1m_update_scan_actions[22m | zombie_anim_f10.png[39m[0m
[  39% ] [90m[1m_update_scan_actions[22m | 0x72_DungeonTilesetII_v1.7.png[39m[0m
[  39% ] [90m[1m_update_scan_actions[22m | atlas_floor-16x16.png[39m[0m
[  39% ] [90m[1m_update_scan_actions[22m | atlas_walls_high-16x32.png[39m[0m
[  39% ] [90m[1m_update_scan_actions[22m | atlas_walls_low-16x16.png[39m[0m
[  39% ] [90m[1m_update_scan_actions[22m | roguelikeChar_magenta.png[39m[0m
[  39% ] [90m[1m_update_scan_actions[22m | roguelikeChar_transparent.png[39m[0m
[  39% ] [90m[1m_update_scan_actions[22m | Preview.png[39m[0m
[  39% ] [90m[1m_update_scan_actions[22m | Sample.png[39m[0m
[  39% ] [90m[1m_update_scan_actions[22m | hurt.png[39m[0m
[  39% ] [90m[1m_update_scan_actions[22m | shoot.png[39m[0m
[  40% ] [90m[1m_update_scan_actions[22m | slash.png[39m[0m
[  40% ] [90m[1m_update_scan_actions[22m | spellcast.png[39m[0m
[  40% ] [90m[1m_update_scan_actions[22m | walk.png[39m[0m
[  40% ] [90m[1m_update_scan_actions[22m | hurt.png[39m[0m
[  40% ] [90m[1m_update_scan_actions[22m | shoot.png[39m[0m
[  40% ] [90m[1m_update_scan_actions[22m | slash.png[39m[0m
[  40% ] [90m[1m_update_scan_actions[22m | spellcast.png[39m[0m
[  40% ] [90m[1m_update_scan_actions[22m | walk.png[39m[0m
[  40% ] [90m[1m_update_scan_actions[22m | hurt.png[39m[0m
[  41% ] [90m[1m_update_scan_actions[22m | shoot.png[39m[0m
[  41% ] [90m[1m_update_scan_actions[22m | slash.png[39m[0m
[  41% ] [90m[1m_update_scan_actions[22m | spellcast.png[39m[0m
[  41% ] [90m[1m_update_scan_actions[22m | walk.png[39m[0m
[  41% ] [90m[1m_update_scan_actions[22m | hurt.png[39m[0m
[  41% ] [90m[1m_update_scan_actions[22m | shoot.png[39m[0m
[  41% ] [90m[1m_update_scan_actions[22m | slash.png[39m[0m
[  41% ] [90m[1m_update_scan_actions[22m | spellcast.png[39m[0m
[  41% ] [90m[1m_update_scan_actions[22m | walk.png[39m[0m
[  41% ] [90m[1m_update_scan_actions[22m | purple.png[39m[0m
[  42% ] [90m[1m_update_scan_actions[22m | purple.png[39m[0m
[  42% ] [90m[1m_update_scan_actions[22m | purple.png[39m[0m
[  42% ] [90m[1m_update_scan_actions[22m | purple.png[39m[0m
[  42% ] [90m[1m_update_scan_actions[22m | purple.png[39m[0m
[  42% ] [90m[1m_update_scan_actions[22m | hurt.png[39m[0m
[  42% ] [90m[1m_update_scan_actions[22m | shoot.png[39m[0m
[  42% ] [90m[1m_update_scan_actions[22m | slash.png[39m[0m
[  42% ] [90m[1m_update_scan_actions[22m | spellcast.png[39m[0m
[  42% ] [90m[1m_update_scan_actions[22m | walk.png[39m[0m
[  43% ] [90m[1m_update_scan_actions[22m | hurt.png[39m[0m
[  43% ] [90m[1m_update_scan_actions[22m | shoot.png[39m[0m
[  43% ] [90m[1m_update_scan_actions[22m | slash.png[39m[0m
[  43% ] [90m[1m_update_scan_actions[22m | spellcast.png[39m[0m
[  43% ] [90m[1m_update_scan_actions[22m | walk.png[39m[0m
[  43% ] [90m[1m_update_scan_actions[22m | hurt.png[39m[0m
[  43% ] [90m[1m_update_scan_actions[22m | shoot.png[39m[0m
[  43% ] [90m[1m_update_scan_actions[22m | slash.png[39m[0m
[  43% ] [90m[1m_update_scan_actions[22m | spellcast.png[39m[0m
[  43% ] [90m[1m_update_scan_actions[22m | walk.png[39m[0m
[  44% ] [90m[1m_update_scan_actions[22m | hurt.png[39m[0m
[  44% ] [90m[1m_update_scan_actions[22m | shoot.png[39m[0m
[  44% ] [90m[1m_update_scan_actions[22m | slash.png[39m[0m
[  44% ] [90m[1m_update_scan_actions[22m | spellcast.png[39m[0m
[  44% ] [90m[1m_update_scan_actions[22m | walk.png[39m[0m
[  44% ] [90m[1m_update_scan_actions[22m | purple.png[39m[0m
[  44% ] [90m[1m_update_scan_actions[22m | purple.png[39m[0m
[  44% ] [90m[1m_update_scan_actions[22m | purple.png[39m[0m
[  44% ] [90m[1m_update_scan_actions[22m | purple.png[39m[0m
[  45% ] [90m[1m_update_scan_actions[22m | purple.png[39m[0m
[  45% ] [90m[1m_update_scan_actions[22m | cane.png[39m[0m
[  45% ] [90m[1m_update_scan_actions[22m | shoot.png[39m[0m
[  45% ] [90m[1m_update_scan_actions[22m | shoot.png[39m[0m
[  45% ] [90m[1m_update_scan_actions[22m | longsword.png[39m[0m
[  45% ] [90m[1m_update_scan_actions[22m | longsword.png[39m[0m
[  45% ] [90m[1m_update_scan_actions[22m | CREDITS.csv[39m[0m
[  45% ] [90m[1m_update_scan_actions[22m | blonde2.png[39m[0m
[  45% ] [90m[1m_update_scan_actions[22m | blonde3.png[39m[0m
[  45% ] [90m[1m_update_scan_actions[22m | blonde4.png[39m[0m
[  46% ] [90m[1m_update_scan_actions[22m | blonde.png[39m[0m
[  46% ] [90m[1m_update_scan_actions[22m | Slash_Cyan.png[39m[0m
[  46% ] [90m[1m_update_scan_actions[22m | Slash_Magenta.png[39m[0m
[  46% ] [90m[1m_update_scan_actions[22m | Slash_Orange.png[39m[0m
[  46% ] [90m[1m_update_scan_actions[22m | Slash_Red.png[39m[0m
[  46% ] [90m[1m_update_scan_actions[22m | Slash_White.png[39m[0m
[  46% ] [90m[1m_update_scan_actions[22m | Slash_Yellow.png[39m[0m
[  46% ] [90m[1m_update_scan_actions[22m | 1haxe.png[39m[0m
[  46% ] [90m[1m_update_scan_actions[22m | 1hhammer.png[39m[0m
[  47% ] [90m[1m_update_scan_actions[22m | 1hmace.png[39m[0m
[  47% ] [90m[1m_update_scan_actions[22m | chainhelm.png[39m[0m
[  47% ] [90m[1m_update_scan_actions[22m | Chainmail.png[39m[0m
[  47% ] [90m[1m_update_scan_actions[22m | doubleaxe.png[39m[0m
[  47% ] [90m[1m_update_scan_actions[22m | hammer.png[39m[0m
[  47% ] [90m[1m_update_scan_actions[22m | helmet.png[39m[0m
[  47% ] [90m[1m_update_scan_actions[22m | leatherchest.png[39m[0m
[  47% ] [90m[1m_update_scan_actions[22m | leatherhood2.png[39m[0m
[  47% ] [90m[1m_update_scan_actions[22m | leatherhood.png[39m[0m
[  47% ] [90m[1m_update_scan_actions[22m | leatherpants.png[39m[0m
[  48% ] [90m[1m_update_scan_actions[22m | mask.png[39m[0m
[  48% ] [90m[1m_update_scan_actions[22m | Shield.png[39m[0m
[  48% ] [90m[1m_update_scan_actions[22m | steelchest.png[39m[0m
[  48% ] [90m[1m_update_scan_actions[22m | steelgloves.png[39m[0m
[  48% ] [90m[1m_update_scan_actions[22m | steelgreathelm.png[39m[0m
[  48% ] [90m[1m_update_scan_actions[22m | steelpants.png[39m[0m
[  48% ] [90m[1m_update_scan_actions[22m | steelsword.png[39m[0m
[  48% ] [90m[1m_update_scan_actions[22m | strawhat.png[39m[0m
[  48% ] [90m[1m_update_scan_actions[22m | Sword.png[39m[0m
[  49% ] [90m[1m_update_scan_actions[22m | towershieldsteel.png[39m[0m
[  49% ] [90m[1m_update_scan_actions[22m | wizardhat.png[39m[0m
[  49% ] [90m[1m_update_scan_actions[22m | Bone.png[39m[0m
[  49% ] [90m[1m_update_scan_actions[22m | ZombieHead.png[39m[0m
[  49% ] [90m[1m_update_scan_actions[22m | Eyeball.png[39m[0m
[  49% ] [90m[1m_update_scan_actions[22m | Ghost.png[39m[0m
[  49% ] [90m[1m_update_scan_actions[22m | goblin.png[39m[0m
[  49% ] [90m[1m_update_scan_actions[22m | golem.png[39m[0m
[  49% ] [90m[1m_update_scan_actions[22m | Skeleton.png[39m[0m
[  50% ] [90m[1m_update_scan_actions[22m | spider.png[39m[0m
[  50% ] [90m[1m_update_scan_actions[22m | Zombie.png[39m[0m
[  50% ] [90m[1m_update_scan_actions[22m | Chest.png[39m[0m
[  50% ] [90m[1m_update_scan_actions[22m | Character.png[39m[0m
[  50% ] [90m[1m_update_scan_actions[22m | range_09.svg[39m[0m
[  50% ] [90m[1m_update_scan_actions[22m | range_10.svg[39m[0m
[  50% ] [90m[1m_update_scan_actions[22m | battlefields.svg[39m[0m
[  50% ] [90m[1m_update_scan_actions[22m | bridges.svg[39m[0m
[  50% ] [90m[1m_update_scan_actions[22m | brigands.svg[39m[0m
[  50% ] [90m[1m_update_scan_actions[22m | canoes.svg[39m[0m
[  51% ] [90m[1m_update_scan_actions[22m | capital.svg[39m[0m
[  51% ] [90m[1m_update_scan_actions[22m | cave.svg[39m[0m
[  51% ] [90m[1m_update_scan_actions[22m | circuses.svg[39m[0m
[  51% ] [90m[1m_update_scan_actions[22m | city.svg[39m[0m
[  51% ] [90m[1m_update_scan_actions[22m | dances.svg[39m[0m
[  51% ] [90m[1m_update_scan_actions[22m | disturbed-burials.svg[39m[0m
[  51% ] [90m[1m_update_scan_actions[22m | dungeons.svg[39m[0m
[  51% ] [90m[1m_update_scan_actions[22m | encounters.svg[39m[0m
[  51% ] [90m[1m_update_scan_actions[22m | fairs.svg[39m[0m
[  52% ] [90m[1m_update_scan_actions[22m | fort.svg[39m[0m
[  52% ] [90m[1m_update_scan_actions[22m | hamlet.svg[39m[0m
[  52% ] [90m[1m_update_scan_actions[22m | hill-monsters.svg[39m[0m
[  52% ] [90m[1m_update_scan_actions[22m | hot-springs.svg[39m[0m
[  52% ] [90m[1m_update_scan_actions[22m | inns.svg[39m[0m
[  52% ] [90m[1m_update_scan_actions[22m | jousts.svg[39m[0m
[  52% ] [90m[1m_update_scan_actions[22m | lake-monsters.svg[39m[0m
[  52% ] [90m[1m_update_scan_actions[22m | libraries.svg[39m[0m
[  52% ] [90m[1m_update_scan_actions[22m | lighthouse.svg[39m[0m
[  52% ] [90m[1m_update_scan_actions[22m | migration.svg[39m[0m
[  53% ] [90m[1m_update_scan_actions[22m | mine.svg[39m[0m
[  53% ] [90m[1m_update_scan_actions[22m | mirage.svg[39m[0m
[  53% ] [90m[1m_update_scan_actions[22m | monastery.svg[39m[0m
[  53% ] [90m[1m_update_scan_actions[22m | necropolises.svg[39m[0m
[  53% ] [90m[1m_update_scan_actions[22m | party.svg[39m[0m
[  53% ] [90m[1m_update_scan_actions[22m | pirates.svg[39m[0m
[  53% ] [90m[1m_update_scan_actions[22m | portals.svg[39m[0m
[  53% ] [90m[1m_update_scan_actions[22m | rifts.svg[39m[0m
[  53% ] [90m[1m_update_scan_actions[22m | ruins.svg[39m[0m
[  54% ] [90m[1m_update_scan_actions[22m | sacred-forests.svg[39m[0m
[  54% ] [90m[1m_update_scan_actions[22m | sacred-mountains.svg[39m[0m
[  54% ] [90m[1m_update_scan_actions[22m | sacred-palm-groves.svg[39m[0m
[  54% ] [90m[1m_update_scan_actions[22m | sacred-pineries.svg[39m[0m
[  54% ] [90m[1m_update_scan_actions[22m | sea-monsters.svg[39m[0m
[  54% ] [90m[1m_update_scan_actions[22m | statues.svg[39m[0m
[  54% ] [90m[1m_update_scan_actions[22m | town.svg[39m[0m
[  54% ] [90m[1m_update_scan_actions[22m | trading.svg[39m[0m
[  54% ] [90m[1m_update_scan_actions[22m | unidentified.svg[39m[0m
[  54% ] [90m[1m_update_scan_actions[22m | village.svg[39m[0m
[  55% ] [90m[1m_update_scan_actions[22m | volcanoes.svg[39m[0m
[  55% ] [90m[1m_update_scan_actions[22m | water-sources.svg[39m[0m
[  55% ] [90m[1m_update_scan_actions[22m | waterfalls.svg[39m[0m
[  55% ] [90m[1m_update_scan_actions[22m | cartographyPack_vector.svg[39m[0m
[  55% ] [90m[1m_update_scan_actions[22m | capital.svg[39m[0m
[  55% ] [90m[1m_update_scan_actions[22m | cave.svg[39m[0m
[  55% ] [90m[1m_update_scan_actions[22m | city.svg[39m[0m
[  55% ] [90m[1m_update_scan_actions[22m | fort.svg[39m[0m
[  55% ] [90m[1m_update_scan_actions[22m | hamlet.svg[39m[0m
[  56% ] [90m[1m_update_scan_actions[22m | lighthouse.svg[39m[0m
[  56% ] [90m[1m_update_scan_actions[22m | mine.svg[39m[0m
[  56% ] [90m[1m_update_scan_actions[22m | monastery.svg[39m[0m
[  56% ] [90m[1m_update_scan_actions[22m | ruins.svg[39m[0m
[  56% ] [90m[1m_update_scan_actions[22m | town.svg[39m[0m
[  56% ] [90m[1m_update_scan_actions[22m | trading.svg[39m[0m
[  56% ] [90m[1m_update_scan_actions[22m | village.svg[39m[0m
[  56% ] [90m[1m_update_scan_actions[22m | capital.svg[39m[0m
[  56% ] [90m[1m_update_scan_actions[22m | cave.svg[39m[0m
[  56% ] [90m[1m_update_scan_actions[22m | city.svg[39m[0m
[  57% ] [90m[1m_update_scan_actions[22m | fort.svg[39m[0m
[  57% ] [90m[1m_update_scan_actions[22m | hamlet.svg[39m[0m
[  57% ] [90m[1m_update_scan_actions[22m | lighthouse.svg[39m[0m
[  57% ] [90m[1m_update_scan_actions[22m | mine.svg[39m[0m
[  57% ] [90m[1m_update_scan_actions[22m | monastery.svg[39m[0m
[  57% ] [90m[1m_update_scan_actions[22m | ruins.svg[39m[0m
[  57% ] [90m[1m_update_scan_actions[22m | town.svg[39m[0m
[  57% ] [90m[1m_update_scan_actions[22m | trading.svg[39m[0m
[  57% ] [90m[1m_update_scan_actions[22m | village.svg[39m[0m
[  58% ] [90m[1m_update_scan_actions[22m | capital.svg[39m[0m
[  58% ] [90m[1m_update_scan_actions[22m | cave.svg[39m[0m
[  58% ] [90m[1m_update_scan_actions[22m | city.svg[39m[0m
[  58% ] [90m[1m_update_scan_actions[22m | fort.svg[39m[0m
[  58% ] [90m[1m_update_scan_actions[22m | hamlet.svg[39m[0m
[  58% ] [90m[1m_update_scan_actions[22m | lighthouse.svg[39m[0m
[  58% ] [90m[1m_update_scan_actions[22m | mine.svg[39m[0m
[  58% ] [90m[1m_update_scan_actions[22m | monastery.svg[39m[0m
[  58% ] [90m[1m_update_scan_actions[22m | ruins.svg[39m[0m
[  58% ] [90m[1m_update_scan_actions[22m | town.svg[39m[0m
[  59% ] [90m[1m_update_scan_actions[22m | trading.svg[39m[0m
[  59% ] [90m[1m_update_scan_actions[22m | village.svg[39m[0m
[  59% ] [90m[1m_update_scan_actions[22m | atlas-showcase.png[39m[0m
[  59% ] [90m[1m_update_scan_actions[22m | game-11-determinism.png[39m[0m
[  59% ] [90m[1m_update_scan_actions[22m | battle-640x360.png[39m[0m
[  59% ] [90m[1m_update_scan_actions[22m | battle-1280x720.png[39m[0m
[  59% ] [90m[1m_update_scan_actions[22m | battle-2560x1440.png[39m[0m
[  59% ] [90m[1m_update_scan_actions[22m | party-history.png[39m[0m
[  59% ] [90m[1m_update_scan_actions[22m | regional-consequences.png[39m[0m
[  60% ] [90m[1m_update_scan_actions[22m | site-encounter.png[39m[0m
[  60% ] [90m[1m_update_scan_actions[22m | victory.png[39m[0m
[  60% ] [90m[1m_update_scan_actions[22m | combat-640x360.png[39m[0m
[  60% ] [90m[1m_update_scan_actions[22m | combat-1280x720.png[39m[0m
[  60% ] [90m[1m_update_scan_actions[22m | combat-2560x1440.png[39m[0m
[  60% ] [90m[1m_update_scan_actions[22m | defeat-results.png[39m[0m
[  60% ] [90m[1m_update_scan_actions[22m | defeat.png[39m[0m
[  60% ] [90m[1m_update_scan_actions[22m | expedition.png[39m[0m
[  60% ] [90m[1m_update_scan_actions[22m | hometown-choice.png[39m[0m
[  60% ] [90m[1m_update_scan_actions[22m | party-prepared.png[39m[0m
[  61% ] [90m[1m_update_scan_actions[22m | party.png[39m[0m
[  61% ] [90m[1m_update_scan_actions[22m | results.png[39m[0m
[  61% ] [90m[1m_update_scan_actions[22m | returned-home.png[39m[0m
[  61% ] [90m[1m_update_scan_actions[22m | site.png[39m[0m
[  61% ] [90m[1m_update_scan_actions[22m | victory.png[39m[0m
[  61% ] [90m[1m_update_scan_actions[22m | world-created.png[39m[0m
[  61% ] [90m[1m_update_scan_actions[22m | 01-main-menu.png[39m[0m
[  61% ] [90m[1m_update_scan_actions[22m | 02-world.png[39m[0m
[  61% ] [90m[1m_update_scan_actions[22m | 03-region.png[39m[0m
[  62% ] [90m[1m_update_scan_actions[22m | 04-hometown.png[39m[0m
[  62% ] [90m[1m_update_scan_actions[22m | 05-confirm.png[39m[0m
[  62% ] [90m[1m_update_scan_actions[22m | 06-established.png[39m[0m
[  62% ] [90m[1m_update_scan_actions[22m | 07-established-640x360.png[39m[0m
[  62% ] [90m[1m_update_scan_actions[22m | 07-established-2560x1440.png[39m[0m
[  62% ] [90m[1m_update_scan_actions[22m | 08-no-hometowns.png[39m[0m
[  62% ] [90m[1m_update_scan_actions[22m | 01-world-i.png[39m[0m
[  62% ] [90m[1m_update_scan_actions[22m | 02-world-ii.png[39m[0m
[  62% ] [90m[1m_update_scan_actions[22m | 03-generated-world.png[39m[0m
[  62% ] [90m[1m_update_scan_actions[22m | confirm-640x360.png[39m[0m
[  63% ] [90m[1m_update_scan_actions[22m | confirm-2560x1440.png[39m[0m
[  63% ] [90m[1m_update_scan_actions[22m | confirm-coastal-port.png[39m[0m
[  63% ] [90m[1m_update_scan_actions[22m | contact-sheet.png[39m[0m
[  63% ] [90m[1m_update_scan_actions[22m | generated-hometown.png[39m[0m
[  63% ] [90m[1m_update_scan_actions[22m | generated-region.png[39m[0m
[  63% ] [90m[1m_update_scan_actions[22m | home-clustered.png[39m[0m
[  63% ] [90m[1m_update_scan_actions[22m | home-coastal_port.png[39m[0m
[  63% ] [90m[1m_update_scan_actions[22m | home-forest.png[39m[0m
[  63% ] [90m[1m_update_scan_actions[22m | home-sparse.png[39m[0m
[  64% ] [90m[1m_update_scan_actions[22m | home-unwalled.png[39m[0m
[  64% ] [90m[1m_update_scan_actions[22m | home-walled.png[39m[0m
[  64% ] [90m[1m_update_scan_actions[22m | origin-established.png[39m[0m
[  64% ] [90m[1m_update_scan_actions[22m | region-coastal_port.png[39m[0m
[  64% ] [90m[1m_update_scan_actions[22m | region-forest.png[39m[0m
[  64% ] [90m[1m_update_scan_actions[22m | state-coastal_port.png[39m[0m
[  64% ] [90m[1m_update_scan_actions[22m | state-forest.png[39m[0m
[  64% ] [90m[1m_update_scan_actions[22m | 01-world-library.png[39m[0m
[  64% ] [90m[1m_update_scan_actions[22m | 02-generate-action.png[39m[0m
[  64% ] [90m[1m_update_scan_actions[22m | 03-generating.png[39m[0m
[  65% ] [90m[1m_update_scan_actions[22m | 04-generated-library.png[39m[0m
[  65% ] [90m[1m_update_scan_actions[22m | 05-generated-preview.png[39m[0m
[  65% ] [90m[1m_update_scan_actions[22m | 06-delete-confirmation.png[39m[0m
[  65% ] [90m[1m_update_scan_actions[22m | 07-world-deleted.png[39m[0m
[  65% ] [90m[1m_update_scan_actions[22m | 08-deletion-blocked.png[39m[0m
[  65% ] [90m[1m_update_scan_actions[22m | 09-generated-region.png[39m[0m
[  65% ] [90m[1m_update_scan_actions[22m | 10-generated-hometown.png[39m[0m
[  65% ] [90m[1m_update_scan_actions[22m | confirmation-640x360.png[39m[0m
[  65% ] [90m[1m_update_scan_actions[22m | confirmation-1280x720.png[39m[0m
[  66% ] [90m[1m_update_scan_actions[22m | confirmation-2560x1440.png[39m[0m
[  66% ] [90m[1m_update_scan_actions[22m | contact-sheet.png[39m[0m
[  66% ] [90m[1m_update_scan_actions[22m | hometown-0-640x360.png[39m[0m
[  66% ] [90m[1m_update_scan_actions[22m | hometown-0-1280x720.png[39m[0m
[  66% ] [90m[1m_update_scan_actions[22m | hometown-1-640x360.png[39m[0m
[  66% ] [90m[1m_update_scan_actions[22m | hometown-1-1280x720.png[39m[0m
[  66% ] [90m[1m_update_scan_actions[22m | hometown-20-640x360.png[39m[0m
[  66% ] [90m[1m_update_scan_actions[22m | hometown-20-1280x720.png[39m[0m
[  66% ] [90m[1m_update_scan_actions[22m | origin-established.png[39m[0m
[  66% ] [90m[1m_update_scan_actions[22m | confirmation-640x360.png[39m[0m
[  67% ] [90m[1m_update_scan_actions[22m | confirmation-1280x720.png[39m[0m
[  67% ] [90m[1m_update_scan_actions[22m | confirmation-2560x1440.png[39m[0m
[  67% ] [90m[1m_update_scan_actions[22m | hometown-0-640x360.png[39m[0m
[  67% ] [90m[1m_update_scan_actions[22m | hometown-0-1280x720.png[39m[0m
[  67% ] [90m[1m_update_scan_actions[22m | hometown-0-2560x1440.png[39m[0m
[  67% ] [90m[1m_update_scan_actions[22m | hometown-1-640x360.png[39m[0m
[  67% ] [90m[1m_update_scan_actions[22m | hometown-1-1280x720.png[39m[0m
[  67% ] [90m[1m_update_scan_actions[22m | hometown-1-2560x1440.png[39m[0m
[  67% ] [90m[1m_update_scan_actions[22m | hometown-20-640x360.png[39m[0m
[  68% ] [90m[1m_update_scan_actions[22m | hometown-20-1280x720.png[39m[0m
[  68% ] [90m[1m_update_scan_actions[22m | hometown-20-2560x1440.png[39m[0m
[  68% ] [90m[1m_update_scan_actions[22m | origin-established.png[39m[0m
[  68% ] [90m[1m_update_scan_actions[22m | region-1-640x360.png[39m[0m
[  68% ] [90m[1m_update_scan_actions[22m | region-1-1280x720.png[39m[0m
[  68% ] [90m[1m_update_scan_actions[22m | region-1-2560x1440.png[39m[0m
[  68% ] [90m[1m_update_scan_actions[22m | region-3-640x360.png[39m[0m
[  68% ] [90m[1m_update_scan_actions[22m | region-3-1280x720.png[39m[0m
[  68% ] [90m[1m_update_scan_actions[22m | region-3-2560x1440.png[39m[0m
[  68% ] [90m[1m_update_scan_actions[22m | state-0-640x360.png[39m[0m
[  69% ] [90m[1m_update_scan_actions[22m | state-0-1280x720.png[39m[0m
[  69% ] [90m[1m_update_scan_actions[22m | state-0-2560x1440.png[39m[0m
[  69% ] [90m[1m_update_scan_actions[22m | state-5-640x360.png[39m[0m
[  69% ] [90m[1m_update_scan_actions[22m | state-5-1280x720.png[39m[0m
[  69% ] [90m[1m_update_scan_actions[22m | state-5-2560x1440.png[39m[0m
[  69% ] [90m[1m_update_scan_actions[22m | contact-sheet.png[39m[0m
[  69% ] [90m[1m_update_scan_actions[22m | background-640x360.png[39m[0m
[  69% ] [90m[1m_update_scan_actions[22m | background-1280x720.png[39m[0m
[  69% ] [90m[1m_update_scan_actions[22m | background-2560x1440.png[39m[0m
[  70% ] [90m[1m_update_scan_actions[22m | edited-name-2560x1440.png[39m[0m
[  70% ] [90m[1m_update_scan_actions[22m | fresh-world-background-2560x1440.png[39m[0m
[  70% ] [90m[1m_update_scan_actions[22m | fresh-world-party-2560x1440.png[39m[0m
[  70% ] [90m[1m_update_scan_actions[22m | main-menu-resume-party.png[39m[0m
[  70% ] [90m[1m_update_scan_actions[22m | main-menu.png[39m[0m
[  70% ] [90m[1m_update_scan_actions[22m | origin-confirmation.png[39m[0m
[  70% ] [90m[1m_update_scan_actions[22m | party-overview-640x360.png[39m[0m
[  70% ] [90m[1m_update_scan_actions[22m | party-overview-1280x720.png[39m[0m
[  70% ] [90m[1m_update_scan_actions[22m | party-overview-2560x1440.png[39m[0m
[  70% ] [90m[1m_update_scan_actions[22m | party-ready-2560x1440.png[39m[0m
[  71% ] [90m[1m_update_scan_actions[22m | people-popup-2560x1440.png[39m[0m
[  71% ] [90m[1m_update_scan_actions[22m | regenerated-background-2560x1440.png[39m[0m
[  71% ] [90m[1m_update_scan_actions[22m | resumed-party-ready.png[39m[0m
[  71% ] [90m[1m_update_scan_actions[22m | second-background-2560x1440.png[39m[0m
[  71% ] [90m[1m_update_scan_actions[22m | third-background-2560x1440.png[39m[0m
[  71% ] [90m[1m_update_scan_actions[22m | consequence-640x360.png[39m[0m
[  71% ] [90m[1m_update_scan_actions[22m | consequence-1280x720.png[39m[0m
[  71% ] [90m[1m_update_scan_actions[22m | consequence-2560x1440.png[39m[0m
[  71% ] [90m[1m_update_scan_actions[22m | fresh-generated-world.png[39m[0m
[  72% ] [90m[1m_update_scan_actions[22m | hometown-640x360.png[39m[0m
[  72% ] [90m[1m_update_scan_actions[22m | hometown-1280x720.png[39m[0m
[  72% ] [90m[1m_update_scan_actions[22m | hometown-2560x1440.png[39m[0m
[  72% ] [90m[1m_update_scan_actions[22m | known-site-map.png[39m[0m
[  72% ] [90m[1m_update_scan_actions[22m | lead-640x360.png[39m[0m
[  72% ] [90m[1m_update_scan_actions[22m | lead-1280x720.png[39m[0m
[  72% ] [90m[1m_update_scan_actions[22m | lead-2560x1440.png[39m[0m
[  72% ] [90m[1m_update_scan_actions[22m | main-menu-resume-expedition.png[39m[0m
[  72% ] [90m[1m_update_scan_actions[22m | party-ready-handoff.png[39m[0m
[  72% ] [90m[1m_update_scan_actions[22m | resumed-result-640x360.png[39m[0m
[  73% ] [90m[1m_update_scan_actions[22m | resumed-result-1280x720.png[39m[0m
[  73% ] [90m[1m_update_scan_actions[22m | resumed-result-2560x1440.png[39m[0m
[  73% ] [90m[1m_update_scan_actions[22m | returned-hometown-640x360.png[39m[0m
[  73% ] [90m[1m_update_scan_actions[22m | returned-hometown-1280x720.png[39m[0m
[  73% ] [90m[1m_update_scan_actions[22m | returned-hometown-2560x1440.png[39m[0m
[  73% ] [90m[1m_update_scan_actions[22m | rumour-before-640x360.png[39m[0m
[  73% ] [90m[1m_update_scan_actions[22m | rumour-before-1280x720.png[39m[0m
[  73% ] [90m[1m_update_scan_actions[22m | rumour-before-2560x1440.png[39m[0m
[  73% ] [90m[1m_update_scan_actions[22m | rumour-discovered-640x360.png[39m[0m
[  74% ] [90m[1m_update_scan_actions[22m | rumour-discovered-1280x720.png[39m[0m
[  74% ] [90m[1m_update_scan_actions[22m | rumour-discovered-2560x1440.png[39m[0m
[  74% ] [90m[1m_update_scan_actions[22m | site-options-640x360.png[39m[0m
[  74% ] [90m[1m_update_scan_actions[22m | site-options-1280x720.png[39m[0m
[  74% ] [90m[1m_update_scan_actions[22m | site-options-2560x1440.png[39m[0m
[  74% ] [90m[1m_update_scan_actions[22m | confirm-640x360.png[39m[0m
[  74% ] [90m[1m_update_scan_actions[22m | confirm-1280x720.png[39m[0m
[  74% ] [90m[1m_update_scan_actions[22m | confirm-2560x1440.png[39m[0m
[  74% ] [90m[1m_update_scan_actions[22m | hometown-choice-640x360.png[39m[0m
[  75% ] [90m[1m_update_scan_actions[22m | hometown-choice-1280x720.png[39m[0m
[  75% ] [90m[1m_update_scan_actions[22m | hometown-choice-2560x1440.png[39m[0m
[  75% ] [90m[1m_update_scan_actions[22m | main-menu-640x360.png[39m[0m
[  75% ] [90m[1m_update_scan_actions[22m | main-menu-1280x720.png[39m[0m
[  75% ] [90m[1m_update_scan_actions[22m | main-menu-2560x1440.png[39m[0m
[  75% ] [90m[1m_update_scan_actions[22m | party-background-640x360.png[39m[0m
[  75% ] [90m[1m_update_scan_actions[22m | party-background-1280x720.png[39m[0m
[  75% ] [90m[1m_update_scan_actions[22m | party-background-2560x1440.png[39m[0m
[  75% ] [90m[1m_update_scan_actions[22m | party-creation-640x360.png[39m[0m
[  75% ] [90m[1m_update_scan_actions[22m | party-creation-1280x720.png[39m[0m
[  76% ] [90m[1m_update_scan_actions[22m | party-creation-2560x1440.png[39m[0m
[  76% ] [90m[1m_update_scan_actions[22m | party-ready-640x360.png[39m[0m
[  76% ] [90m[1m_update_scan_actions[22m | party-ready-1280x720.png[39m[0m
[  76% ] [90m[1m_update_scan_actions[22m | party-ready-2560x1440.png[39m[0m
[  76% ] [90m[1m_update_scan_actions[22m | region-640x360.png[39m[0m
[  76% ] [90m[1m_update_scan_actions[22m | region-1280x720.png[39m[0m
[  76% ] [90m[1m_update_scan_actions[22m | region-2560x1440.png[39m[0m
[  76% ] [90m[1m_update_scan_actions[22m | state-640x360.png[39m[0m
[  76% ] [90m[1m_update_scan_actions[22m | state-1280x720.png[39m[0m
[  77% ] [90m[1m_update_scan_actions[22m | state-2560x1440.png[39m[0m
[  77% ] [90m[1m_update_scan_actions[22m | world-640x360.png[39m[0m
[  77% ] [90m[1m_update_scan_actions[22m | world-1280x720.png[39m[0m
[  77% ] [90m[1m_update_scan_actions[22m | world-2560x1440.png[39m[0m
[  77% ] [90m[1m_update_scan_actions[22m | 01-world-i.png[39m[0m
[  77% ] [90m[1m_update_scan_actions[22m | 02-world-ii.png[39m[0m
[  77% ] [90m[1m_update_scan_actions[22m | 03-generated-world.png[39m[0m
[  77% ] [90m[1m_update_scan_actions[22m | confirm-640x360.png[39m[0m
[  77% ] [90m[1m_update_scan_actions[22m | confirm-2560x1440.png[39m[0m
[  77% ] [90m[1m_update_scan_actions[22m | confirm-coastal-port.png[39m[0m
[  78% ] [90m[1m_update_scan_actions[22m | generated-hometown.png[39m[0m
[  78% ] [90m[1m_update_scan_actions[22m | generated-region.png[39m[0m
[  78% ] [90m[1m_update_scan_actions[22m | home-clustered.png[39m[0m
[  78% ] [90m[1m_update_scan_actions[22m | home-coastal_port.png[39m[0m
[  78% ] [90m[1m_update_scan_actions[22m | home-forest.png[39m[0m
[  78% ] [90m[1m_update_scan_actions[22m | home-sparse.png[39m[0m
[  78% ] [90m[1m_update_scan_actions[22m | home-unwalled.png[39m[0m
[  78% ] [90m[1m_update_scan_actions[22m | home-walled.png[39m[0m
[  78% ] [90m[1m_update_scan_actions[22m | origin-established.png[39m[0m
[  79% ] [90m[1m_update_scan_actions[22m | region-coastal_port.png[39m[0m
[  79% ] [90m[1m_update_scan_actions[22m | region-forest.png[39m[0m
[  79% ] [90m[1m_update_scan_actions[22m | state-coastal_port.png[39m[0m
[  79% ] [90m[1m_update_scan_actions[22m | state-forest.png[39m[0m
[  79% ] [90m[1m_update_scan_actions[22m | consequence-640x360.png[39m[0m
[  79% ] [90m[1m_update_scan_actions[22m | consequence-1280x720.png[39m[0m
[  79% ] [90m[1m_update_scan_actions[22m | consequence-2560x1440.png[39m[0m
[  79% ] [90m[1m_update_scan_actions[22m | fresh-generated-world.png[39m[0m
[  79% ] [90m[1m_update_scan_actions[22m | hometown-640x360.png[39m[0m
[  79% ] [90m[1m_update_scan_actions[22m | hometown-1280x720.png[39m[0m
[  80% ] [90m[1m_update_scan_actions[22m | hometown-2560x1440.png[39m[0m
[  80% ] [90m[1m_update_scan_actions[22m | known-site-map.png[39m[0m
[  80% ] [90m[1m_update_scan_actions[22m | lead-640x360.png[39m[0m
[  80% ] [90m[1m_update_scan_actions[22m | lead-1280x720.png[39m[0m
[  80% ] [90m[1m_update_scan_actions[22m | lead-2560x1440.png[39m[0m
[  80% ] [90m[1m_update_scan_actions[22m | main-menu-resume-expedition.png[39m[0m
[  80% ] [90m[1m_update_scan_actions[22m | party-ready-handoff.png[39m[0m
[  80% ] [90m[1m_update_scan_actions[22m | resumed-result-640x360.png[39m[0m
[  80% ] [90m[1m_update_scan_actions[22m | resumed-result-1280x720.png[39m[0m
[  81% ] [90m[1m_update_scan_actions[22m | resumed-result-2560x1440.png[39m[0m
[  81% ] [90m[1m_update_scan_actions[22m | returned-hometown-640x360.png[39m[0m
[  81% ] [90m[1m_update_scan_actions[22m | returned-hometown-1280x720.png[39m[0m
[  81% ] [90m[1m_update_scan_actions[22m | returned-hometown-2560x1440.png[39m[0m
[  81% ] [90m[1m_update_scan_actions[22m | rumour-before-640x360.png[39m[0m
[  81% ] [90m[1m_update_scan_actions[22m | rumour-before-1280x720.png[39m[0m
[  81% ] [90m[1m_update_scan_actions[22m | rumour-before-2560x1440.png[39m[0m
[  81% ] [90m[1m_update_scan_actions[22m | rumour-discovered-640x360.png[39m[0m
[  81% ] [90m[1m_update_scan_actions[22m | rumour-discovered-1280x720.png[39m[0m
[  81% ] [90m[1m_update_scan_actions[22m | rumour-discovered-2560x1440.png[39m[0m
[  82% ] [90m[1m_update_scan_actions[22m | site-options-640x360.png[39m[0m
[  82% ] [90m[1m_update_scan_actions[22m | site-options-1280x720.png[39m[0m
[  82% ] [90m[1m_update_scan_actions[22m | site-options-2560x1440.png[39m[0m
[  82% ] [90m[1m_update_scan_actions[22m | confirm-640x360.png[39m[0m
[  82% ] [90m[1m_update_scan_actions[22m | confirm-1280x720.png[39m[0m
[  82% ] [90m[1m_update_scan_actions[22m | confirm-2560x1440.png[39m[0m
[  82% ] [90m[1m_update_scan_actions[22m | hometown-choice-640x360.png[39m[0m
[  82% ] [90m[1m_update_scan_actions[22m | hometown-choice-1280x720.png[39m[0m
[  82% ] [90m[1m_update_scan_actions[22m | hometown-choice-2560x1440.png[39m[0m
[  83% ] [90m[1m_update_scan_actions[22m | main-menu-640x360.png[39m[0m
[  83% ] [90m[1m_update_scan_actions[22m | main-menu-1280x720.png[39m[0m
[  83% ] [90m[1m_update_scan_actions[22m | main-menu-2560x1440.png[39m[0m
[  83% ] [90m[1m_update_scan_actions[22m | party-background-640x360.png[39m[0m
[  83% ] [90m[1m_update_scan_actions[22m | party-background-1280x720.png[39m[0m
[  83% ] [90m[1m_update_scan_actions[22m | party-background-2560x1440.png[39m[0m
[  83% ] [90m[1m_update_scan_actions[22m | party-creation-640x360.png[39m[0m
[  83% ] [90m[1m_update_scan_actions[22m | party-creation-1280x720.png[39m[0m
[  83% ] [90m[1m_update_scan_actions[22m | party-creation-2560x1440.png[39m[0m
[  83% ] [90m[1m_update_scan_actions[22m | party-ready-640x360.png[39m[0m
[  84% ] [90m[1m_update_scan_actions[22m | party-ready-1280x720.png[39m[0m
[  84% ] [90m[1m_update_scan_actions[22m | party-ready-2560x1440.png[39m[0m
[  84% ] [90m[1m_update_scan_actions[22m | region-640x360.png[39m[0m
[  84% ] [90m[1m_update_scan_actions[22m | region-1280x720.png[39m[0m
[  84% ] [90m[1m_update_scan_actions[22m | region-2560x1440.png[39m[0m
[  84% ] [90m[1m_update_scan_actions[22m | state-640x360.png[39m[0m
[  84% ] [90m[1m_update_scan_actions[22m | state-1280x720.png[39m[0m
[  84% ] [90m[1m_update_scan_actions[22m | state-2560x1440.png[39m[0m
[  84% ] [90m[1m_update_scan_actions[22m | world-640x360.png[39m[0m
[  85% ] [90m[1m_update_scan_actions[22m | world-1280x720.png[39m[0m
[  85% ] [90m[1m_update_scan_actions[22m | world-2560x1440.png[39m[0m
[  85% ] [90m[1m_update_scan_actions[22m | expedition-comparison.png[39m[0m
[  85% ] [90m[1m_update_scan_actions[22m | onboarding-comparison.png[39m[0m
[  85% ] [90m[1m_update_scan_actions[22m | consequence-640x360.png[39m[0m
[  85% ] [90m[1m_update_scan_actions[22m | consequence-1280x720.png[39m[0m
[  85% ] [90m[1m_update_scan_actions[22m | consequence-2560x1440.png[39m[0m
[  85% ] [90m[1m_update_scan_actions[22m | fresh-generated-world.png[39m[0m
[  85% ] [90m[1m_update_scan_actions[22m | hometown-640x360.png[39m[0m
[  85% ] [90m[1m_update_scan_actions[22m | hometown-1280x720.png[39m[0m
[  86% ] [90m[1m_update_scan_actions[22m | hometown-2560x1440.png[39m[0m
[  86% ] [90m[1m_update_scan_actions[22m | known-site-map.png[39m[0m
[  86% ] [90m[1m_update_scan_actions[22m | lead-640x360.png[39m[0m
[  86% ] [90m[1m_update_scan_actions[22m | lead-1280x720.png[39m[0m
[  86% ] [90m[1m_update_scan_actions[22m | lead-2560x1440.png[39m[0m
[  86% ] [90m[1m_update_scan_actions[22m | main-menu-resume-expedition.png[39m[0m
[  86% ] [90m[1m_update_scan_actions[22m | party-ready-handoff.png[39m[0m
[  86% ] [90m[1m_update_scan_actions[22m | regression-resumed-ready-party-hometown.png[39m[0m
[  86% ] [90m[1m_update_scan_actions[22m | resumed-result-640x360.png[39m[0m
[  87% ] [90m[1m_update_scan_actions[22m | resumed-result-1280x720.png[39m[0m
[  87% ] [90m[1m_update_scan_actions[22m | resumed-result-2560x1440.png[39m[0m
[  87% ] [90m[1m_update_scan_actions[22m | returned-hometown-640x360.png[39m[0m
[  87% ] [90m[1m_update_scan_actions[22m | returned-hometown-1280x720.png[39m[0m
[  87% ] [90m[1m_update_scan_actions[22m | returned-hometown-2560x1440.png[39m[0m
[  87% ] [90m[1m_update_scan_actions[22m | rumour-before-640x360.png[39m[0m
[  87% ] [90m[1m_update_scan_actions[22m | rumour-before-1280x720.png[39m[0m
[  87% ] [90m[1m_update_scan_actions[22m | rumour-before-2560x1440.png[39m[0m
[  87% ] [90m[1m_update_scan_actions[22m | rumour-discovered-640x360.png[39m[0m
[  87% ] [90m[1m_update_scan_actions[22m | rumour-discovered-1280x720.png[39m[0m
[  88% ] [90m[1m_update_scan_actions[22m | rumour-discovered-2560x1440.png[39m[0m
[  88% ] [90m[1m_update_scan_actions[22m | site-options-640x360.png[39m[0m
[  88% ] [90m[1m_update_scan_actions[22m | site-options-1280x720.png[39m[0m
[  88% ] [90m[1m_update_scan_actions[22m | site-options-2560x1440.png[39m[0m
[  88% ] [90m[1m_update_scan_actions[22m | CONTACT-SHEET.png[39m[0m
[  88% ] [90m[1m_update_scan_actions[22m | atlas-showcase.relief.svg[39m[0m
[  88% ] [90m[1m_update_scan_actions[22m | game-11-determinism.relief.svg[39m[0m
[  88% ] [90m[1m_update_scan_actions[22m | bg.png[39m[0m
[  88% ] [90m[1m_update_scan_actions[22m | favicon.svg[39m[0m
[  89% ] [90m[1m_update_scan_actions[22m | favicon.svg[39m[0m
[  89% ] [90m[1m_update_scan_actions[22m | 16x16.png[39m[0m
[  89% ] [90m[1m_update_scan_actions[22m | 32x32.png[39m[0m
[  89% ] [90m[1m_update_scan_actions[22m | 48x48.png[39m[0m
[  89% ] [90m[1m_update_scan_actions[22m | 64x64.png[39m[0m
[  89% ] [90m[1m_update_scan_actions[22m | 128x128.png[39m[0m
[  89% ] [90m[1m_update_scan_actions[22m | 256x256.png[39m[0m
[  89% ] [90m[1m_update_scan_actions[22m | 16x16.png[39m[0m
[  89% ] [90m[1m_update_scan_actions[22m | 32x32.png[39m[0m
[  89% ] [90m[1m_update_scan_actions[22m | 48x48.png[39m[0m
[  90% ] [90m[1m_update_scan_actions[22m | 64x64.png[39m[0m
[  90% ] [90m[1m_update_scan_actions[22m | 128x128.png[39m[0m
[  90% ] [90m[1m_update_scan_actions[22m | 256x256.png[39m[0m
[  90% ] [90m[1m_update_scan_actions[22m | 512x512.png[39m[0m
[  90% ] [90m[1m_update_scan_actions[22m | 1024x1024.png[39m[0m
[  90% ] [90m[1m_update_scan_actions[22m | proton-native.svg[39m[0m
[  90% ] [90m[1m_update_scan_actions[22m | appIcon.png[39m[0m
[  90% ] [90m[1m_update_scan_actions[22m | appIcon.png[39m[0m
[  90% ] [90m[1m_update_scan_actions[22m | codicon-DCmgc-ay.ttf[39m[0m
[  91% ] [90m[1m_update_scan_actions[22m | firefox-1bWoP6pv.svg[39m[0m
[  91% ] [90m[1m_update_scan_actions[22m | firefox-beta-k3eOH_eK.svg[39m[0m
[  91% ] [90m[1m_update_scan_actions[22m | firefox-nightly-Cp5nfeDT.svg[39m[0m
[  91% ] [90m[1m_update_scan_actions[22m | safari-na3_-uQk.svg[39m[0m
[  91% ] [90m[1m_update_scan_actions[22m | playwright-logo.svg[39m[0m
[  91% ] [90m[1m_update_scan_actions[22m | codicon-DCmgc-ay.ttf[39m[0m
[  91% ] [90m[1m_update_scan_actions[22m | playwright-logo.svg[39m[0m
[  91% ] [90m[1m_update_scan_actions[22m | codicon.DCmgc-ay.ttf[39m[0m
[  91% ] [90m[1m_update_scan_actions[22m | playwright-logo.svg[39m[0m
[  91% ] [90m[1m_update_scan_actions[22m | align-center.svg[39m[0m
[  92% ] [90m[1m_update_scan_actions[22m | align-justify.svg[39m[0m
[  92% ] [90m[1m_update_scan_actions[22m | align-left.svg[39m[0m
[  92% ] [90m[1m_update_scan_actions[22m | align-right.svg[39m[0m
[  92% ] [90m[1m_update_scan_actions[22m | attachment.svg[39m[0m
[  92% ] [90m[1m_update_scan_actions[22m | audio.svg[39m[0m
[  92% ] [90m[1m_update_scan_actions[22m | authorship.svg[39m[0m
[  92% ] [90m[1m_update_scan_actions[22m | background.svg[39m[0m
[  92% ] [90m[1m_update_scan_actions[22m | blockquote.svg[39m[0m
[  92% ] [90m[1m_update_scan_actions[22m | bold.svg[39m[0m
[  93% ] [90m[1m_update_scan_actions[22m | clean.svg[39m[0m
[  93% ] [90m[1m_update_scan_actions[22m | code.svg[39m[0m
[  93% ] [90m[1m_update_scan_actions[22m | color.svg[39m[0m
[  93% ] [90m[1m_update_scan_actions[22m | comment.svg[39m[0m
[  93% ] [90m[1m_update_scan_actions[22m | direction-ltr.svg[39m[0m
[  93% ] [90m[1m_update_scan_actions[22m | direction-rtl.svg[39m[0m
[  93% ] [90m[1m_update_scan_actions[22m | dropdown.svg[39m[0m
[  93% ] [90m[1m_update_scan_actions[22m | embed.svg[39m[0m
[  93% ] [90m[1m_update_scan_actions[22m | emoji.svg[39m[0m
[  93% ] [90m[1m_update_scan_actions[22m | float-center.svg[39m[0m
[  94% ] [90m[1m_update_scan_actions[22m | float-full.svg[39m[0m
[  94% ] [90m[1m_update_scan_actions[22m | float-left.svg[39m[0m
[  94% ] [90m[1m_update_scan_actions[22m | float-right.svg[39m[0m
[  94% ] [90m[1m_update_scan_actions[22m | font.svg[39m[0m
[  94% ] [90m[1m_update_scan_actions[22m | formula.svg[39m[0m
[  94% ] [90m[1m_update_scan_actions[22m | hashtag.svg[39m[0m
[  94% ] [90m[1m_update_scan_actions[22m | header-2.svg[39m[0m
[  94% ] [90m[1m_update_scan_actions[22m | header-3.svg[39m[0m
[  94% ] [90m[1m_update_scan_actions[22m | header-4.svg[39m[0m
[  95% ] [90m[1m_update_scan_actions[22m | header-5.svg[39m[0m
[  95% ] [90m[1m_update_scan_actions[22m | header-6.svg[39m[0m
[  95% ] [90m[1m_update_scan_actions[22m | header.svg[39m[0m
[  95% ] [90m[1m_update_scan_actions[22m | horizontal-rule.svg[39m[0m
[  95% ] [90m[1m_update_scan_actions[22m | image.svg[39m[0m
[  95% ] [90m[1m_update_scan_actions[22m | indent.svg[39m[0m
[  95% ] [90m[1m_update_scan_actions[22m | italic.svg[39m[0m
[  95% ] [90m[1m_update_scan_actions[22m | link.svg[39m[0m
[  95% ] [90m[1m_update_scan_actions[22m | list-bullet.svg[39m[0m
[  95% ] [90m[1m_update_scan_actions[22m | list-check.svg[39m[0m
[  96% ] [90m[1m_update_scan_actions[22m | list-ordered.svg[39m[0m
[  96% ] [90m[1m_update_scan_actions[22m | map.svg[39m[0m
[  96% ] [90m[1m_update_scan_actions[22m | mention.svg[39m[0m
[  96% ] [90m[1m_update_scan_actions[22m | more.svg[39m[0m
[  96% ] [90m[1m_update_scan_actions[22m | outdent.svg[39m[0m
[  96% ] [90m[1m_update_scan_actions[22m | redo.svg[39m[0m
[  96% ] [90m[1m_update_scan_actions[22m | size-decrease.svg[39m[0m
[  96% ] [90m[1m_update_scan_actions[22m | size-increase.svg[39m[0m
[  96% ] [90m[1m_update_scan_actions[22m | size.svg[39m[0m
[  97% ] [90m[1m_update_scan_actions[22m | spacing.svg[39m[0m
[  97% ] [90m[1m_update_scan_actions[22m | speech.svg[39m[0m
[  97% ] [90m[1m_update_scan_actions[22m | strike.svg[39m[0m
[  97% ] [90m[1m_update_scan_actions[22m | subscript.svg[39m[0m
[  97% ] [90m[1m_update_scan_actions[22m | superscript.svg[39m[0m
[  97% ] [90m[1m_update_scan_actions[22m | table-border-all.svg[39m[0m
[  97% ] [90m[1m_update_scan_actions[22m | table-border-bottom.svg[39m[0m
[  97% ] [90m[1m_update_scan_actions[22m | table-border-left.svg[39m[0m
[  97% ] [90m[1m_update_scan_actions[22m | table-border-none.svg[39m[0m
[  97% ] [90m[1m_update_scan_actions[22m | table-border-outside.svg[39m[0m
[  98% ] [90m[1m_update_scan_actions[22m | table-border-right.svg[39m[0m
[  98% ] [90m[1m_update_scan_actions[22m | table-border-top.svg[39m[0m
[  98% ] [90m[1m_update_scan_actions[22m | table-delete-cells.svg[39m[0m
[  98% ] [90m[1m_update_scan_actions[22m | table-delete-columns.svg[39m[0m
[  98% ] [90m[1m_update_scan_actions[22m | table-delete-rows.svg[39m[0m
[  98% ] [90m[1m_update_scan_actions[22m | table-insert-cells.svg[39m[0m
[  98% ] [90m[1m_update_scan_actions[22m | table-insert-columns.svg[39m[0m
[  98% ] [90m[1m_update_scan_actions[22m | table-insert-rows.svg[39m[0m
[  98% ] [90m[1m_update_scan_actions[22m | table-merge-cells.svg[39m[0m
[  99% ] [90m[1m_update_scan_actions[22m | table-unmerge-cells.svg[39m[0m
[  99% ] [90m[1m_update_scan_actions[22m | table.svg[39m[0m
[  99% ] [90m[1m_update_scan_actions[22m | underline.svg[39m[0m
[  99% ] [90m[1m_update_scan_actions[22m | undo.svg[39m[0m
[  99% ] [90m[1m_update_scan_actions[22m | video.svg[39m[0m
[  99% ] [90m[1m_update_scan_actions[22m | favicon.png[39m[0m
[  99% ] [90m[1m_update_scan_actions[22m | kenpixel.ttf[39m[0m
[  99% ] [90m[1m_update_scan_actions[22m | icon.svg[39m[0m
[92m[ DONE ][39m [1m_update_scan_actions[22m
[0m
[   0% ] [90m[1mreimport[22m | Started (Re)Importing Assets (947 steps)[39m[0m
[   0% ] [90m[1mreimport[22m | Preparing files to reimport...[39m[0m
[   0% ] [90m[1mreimport[22m | Preparing files to reimport...[39m[0m
[   0% ] [90m[1mreimport[22m | Preparing files to reimport...[39m[0m
[   0% ] [90m[1mreimport[22m | Preparing files to reimport...[39m[0m
[   0% ] [90m[1mreimport[22m | Preparing files to reimport...[39m[0m
[   0% ] [90m[1mreimport[22m | Preparing files to reimport...[39m[0m
[   0% ] [90m[1mreimport[22m | Preparing files to reimport...[39m[0m
[   0% ] [90m[1mreimport[22m | Preparing files to reimport...[39m[0m
[   0% ] [90m[1mreimport[22m | Preparing files to reimport...[39m[0m
[   0% ] [90m[1mreimport[22m | Preparing files to reimport...[39m[0m
[   1% ] [90m[1mreimport[22m | Preparing files to reimport...[39m[0m
[   1% ] [90m[1mreimport[22m | Preparing files to reimport...[39m[0m
[   1% ] [90m[1mreimport[22m | Preparing files to reimport...[39m[0m
[   1% ] [90m[1mreimport[22m | Preparing files to reimport...[39m[0m
[   1% ] [90m[1mreimport[22m | Preparing files to reimport...[39m[0m
[   1% ] [90m[1mreimport[22m | Preparing files to reimport...[39m[0m
[   1% ] [90m[1mreimport[22m | Preparing files to reimport...[39m[0m
[   1% ] [90m[1mreimport[22m | Preparing files to reimport...[39m[0m
[   1% ] [90m[1mreimport[22m | Preparing files to reimport...[39m[0m
[   2% ] [90m[1mreimport[22m | Preparing files to reimport...[39m[0m
[   2% ] [90m[1mreimport[22m | Preparing files to reimport...[39m[0m
[   2% ] [90m[1mreimport[22m | Preparing files to reimport...[39m[0m
[   2% ] [90m[1mreimport[22m | Preparing files to reimport...[39m[0m
[   2% ] [90m[1mreimport[22m | Preparing files to reimport...[39m[0m
[   2% ] [90m[1mreimport[22m | Preparing files to reimport...[39m[0m
[   2% ] [90m[1mreimport[22m | Preparing files to reimport...[39m[0m
[   2% ] [90m[1mreimport[22m | Preparing files to reimport...[39m[0m
[   2% ] [90m[1mreimport[22m | Preparing files to reimport...[39m[0m
[   2% ] [90m[1mreimport[22m | Preparing files to reimport...[39m[0m
[   3% ] [90m[1mreimport[22m | Preparing files to reimport...[39m[0m
[   3% ] [90m[1mreimport[22m | Preparing files to reimport...[39m[0m
[   3% ] [90m[1mreimport[22m | Preparing files to reimport...[39m[0m
[   3% ] [90m[1mreimport[22m | Preparing files to reimport...[39m[0m
[   3% ] [90m[1mreimport[22m | Preparing files to reimport...[39m[0m
[   3% ] [90m[1mreimport[22m | Preparing files to reimport...[39m[0m
[   3% ] [90m[1mreimport[22m | Preparing files to reimport...[39m[0m
[   3% ] [90m[1mreimport[22m | Preparing files to reimport...[39m[0m
[   3% ] [90m[1mreimport[22m | Preparing files to reimport...[39m[0m
[   4% ] [90m[1mreimport[22m | Preparing files to reimport...[39m[0m
[   4% ] [90m[1mreimport[22m | Preparing files to reimport...[39m[0m
[   4% ] [90m[1mreimport[22m | Preparing files to reimport...[39m[0m
[   4% ] [90m[1mreimport[22m | Preparing files to reimport...[39m[0m
[   4% ] [90m[1mreimport[22m | Preparing files to reimport...[39m[0m
[   4% ] [90m[1mreimport[22m | Preparing files to reimport...[39m[0m
[   4% ] [90m[1mreimport[22m | Preparing files to reimport...[39m[0m
[   4% ] [90m[1mreimport[22m | Preparing files to reimport...[39m[0m
[   4% ] [90m[1mreimport[22m | Preparing files to reimport...[39m[0m
[   4% ] [90m[1mreimport[22m | Preparing files to reimport...[39m[0m
[   5% ] [90m[1mreimport[22m | Preparing files to reimport...[39m[0m
[   5% ] [90m[1mreimport[22m | Preparing files to reimport...[39m[0m
[   5% ] [90m[1mreimport[22m | Preparing files to reimport...[39m[0m
[   5% ] [90m[1mreimport[22m | Preparing files to reimport...[39m[0m
[   5% ] [90m[1mreimport[22m | Preparing files to reimport...[39m[0m
[   5% ] [90m[1mreimport[22m | Preparing files to reimport...[39m[0m
[   5% ] [90m[1mreimport[22m | Preparing files to reimport...[39m[0m
[   5% ] [90m[1mreimport[22m | Preparing files to reimport...[39m[0m
[   5% ] [90m[1mreimport[22m | Preparing files to reimport...[39m[0m
[   6% ] [90m[1mreimport[22m | Preparing files to reimport...[39m[0m
[   6% ] [90m[1mreimport[22m | Preparing files to reimport...[39m[0m
[   6% ] [90m[1mreimport[22m | Preparing files to reimport...[39m[0m
[   6% ] [90m[1mreimport[22m | Preparing files to reimport...[39m[0m
[   6% ] [90m[1mreimport[22m | Preparing files to reimport...[39m[0m
[   6% ] [90m[1mreimport[22m | Preparing files to reimport...[39m[0m
[   6% ] [90m[1mreimport[22m | Preparing files to reimport...[39m[0m
[   6% ] [90m[1mreimport[22m | Preparing files to reimport...[39m[0m
[   6% ] [90m[1mreimport[22m | Preparing files to reimport...[39m[0m
[   6% ] [90m[1mreimport[22m | Preparing files to reimport...[39m[0m
[   7% ] [90m[1mreimport[22m | Preparing files to reimport...[39m[0m
[   7% ] [90m[1mreimport[22m | Preparing files to reimport...[39m[0m
[   7% ] [90m[1mreimport[22m | Preparing files to reimport...[39m[0m
[   7% ] [90m[1mreimport[22m | Preparing files to reimport...[39m[0m
[   7% ] [90m[1mreimport[22m | Preparing files to reimport...[39m[0m
[   7% ] [90m[1mreimport[22m | Preparing files to reimport...[39m[0m
[   7% ] [90m[1mreimport[22m | Preparing files to reimport...[39m[0m
[   7% ] [90m[1mreimport[22m | Preparing files to reimport...[39m[0m
[   7% ] [90m[1mreimport[22m | Preparing files to reimport...[39m[0m
[   8% ] [90m[1mreimport[22m | Preparing files to reimport...[39m[0m
[   8% ] [90m[1mreimport[22m | Preparing files to reimport...[39m[0m
[   8% ] [90m[1mreimport[22m | Preparing files to reimport...[39m[0m
[   8% ] [90m[1mreimport[22m | Preparing files to reimport...[39m[0m
[   8% ] [90m[1mreimport[22m | Preparing files to reimport...[39m[0m
[   8% ] [90m[1mreimport[22m | Preparing files to reimport...[39m[0m
[   8% ] [90m[1mreimport[22m | Preparing files to reimport...[39m[0m
[   8% ] [90m[1mreimport[22m | Preparing files to reimport...[39m[0m
[   8% ] [90m[1mreimport[22m | Preparing files to reimport...[39m[0m
[   8% ] [90m[1mreimport[22m | Preparing files to reimport...[39m[0m
[   9% ] [90m[1mreimport[22m | Preparing files to reimport...[39m[0m
[   9% ] [90m[1mreimport[22m | Preparing files to reimport...[39m[0m
[   9% ] [90m[1mreimport[22m | Preparing files to reimport...[39m[0m
[   9% ] [90m[1mreimport[22m | Preparing files to reimport...[39m[0m
[   9% ] [90m[1mreimport[22m | Preparing files to reimport...[39m[0m
[   9% ] [90m[1mreimport[22m | Preparing files to reimport...[39m[0m
[   9% ] [90m[1mreimport[22m | Preparing files to reimport...[39m[0m
[   9% ] [90m[1mreimport[22m | Preparing files to reimport...[39m[0m
[   9% ] [90m[1mreimport[22m | Preparing files to reimport...[39m[0m
[  10% ] [90m[1mreimport[22m | Preparing files to reimport...[39m[0m
[  10% ] [90m[1mreimport[22m | Preparing files to reimport...[39m[0m
[  10% ] [90m[1mreimport[22m | Preparing files to reimport...[39m[0m
[  10% ] [90m[1mreimport[22m | Preparing files to reimport...[39m[0m
[  10% ] [90m[1mreimport[22m | Preparing files to reimport...[39m[0m
[  10% ] [90m[1mreimport[22m | Preparing files to reimport...[39m[0m
[  10% ] [90m[1mreimport[22m | Preparing files to reimport...[39m[0m
[  10% ] [90m[1mreimport[22m | Preparing files to reimport...[39m[0m
[  10% ] [90m[1mreimport[22m | Preparing files to reimport...[39m[0m
[  10% ] [90m[1mreimport[22m | Preparing files to reimport...[39m[0m
[  11% ] [90m[1mreimport[22m | Preparing files to reimport...[39m[0m
[  11% ] [90m[1mreimport[22m | Preparing files to reimport...[39m[0m
[  11% ] [90m[1mreimport[22m | Preparing files to reimport...[39m[0m
[  11% ] [90m[1mreimport[22m | Preparing files to reimport...[39m[0m
[  11% ] [90m[1mreimport[22m | Preparing files to reimport...[39m[0m
[  11% ] [90m[1mreimport[22m | Preparing files to reimport...[39m[0m
[  11% ] [90m[1mreimport[22m | Preparing files to reimport...[39m[0m
[  11% ] [90m[1mreimport[22m | Preparing files to reimport...[39m[0m
[  11% ] [90m[1mreimport[22m | Preparing files to reimport...[39m[0m
[  12% ] [90m[1mreimport[22m | Preparing files to reimport...[39m[0m
[  12% ] [90m[1mreimport[22m | Preparing files to reimport...[39m[0m
[  12% ] [90m[1mreimport[22m | Preparing files to reimport...[39m[0m
[  12% ] [90m[1mreimport[22m | Preparing files to reimport...[39m[0m
[  12% ] [90m[1mreimport[22m | Preparing files to reimport...[39m[0m
[  12% ] [90m[1mreimport[22m | Preparing files to reimport...[39m[0m
[  12% ] [90m[1mreimport[22m | Preparing files to reimport...[39m[0m
[  12% ] [90m[1mreimport[22m | Preparing files to reimport...[39m[0m
[  12% ] [90m[1mreimport[22m | Preparing files to reimport...[39m[0m
[  12% ] [90m[1mreimport[22m | Preparing files to reimport...[39m[0m
[  13% ] [90m[1mreimport[22m | Preparing files to reimport...[39m[0m
[  13% ] [90m[1mreimport[22m | Preparing files to reimport...[39m[0m
[  13% ] [90m[1mreimport[22m | Preparing files to reimport...[39m[0m
[  13% ] [90m[1mreimport[22m | Preparing files to reimport...[39m[0m
[  13% ] [90m[1mreimport[22m | Preparing files to reimport...[39m[0m
[  13% ] [90m[1mreimport[22m | Preparing files to reimport...[39m[0m
[  13% ] [90m[1mreimport[22m | Preparing files to reimport...[39m[0m
[  13% ] [90m[1mreimport[22m | Preparing files to reimport...[39m[0m
[  13% ] [90m[1mreimport[22m | Preparing files to reimport...[39m[0m
[  14% ] [90m[1mreimport[22m | Preparing files to reimport...[39m[0m
[  14% ] [90m[1mreimport[22m | Preparing files to reimport...[39m[0m
[  14% ] [90m[1mreimport[22m | Preparing files to reimport...[39m[0m
[  14% ] [90m[1mreimport[22m | Preparing files to reimport...[39m[0m
[  14% ] [90m[1mreimport[22m | Preparing files to reimport...[39m[0m
[  14% ] [90m[1mreimport[22m | Preparing files to reimport...[39m[0m
[  14% ] [90m[1mreimport[22m | Preparing files to reimport...[39m[0m
[  14% ] [90m[1mreimport[22m | Preparing files to reimport...[39m[0m
[  14% ] [90m[1mreimport[22m | Preparing files to reimport...[39m[0m
[  14% ] [90m[1mreimport[22m | Preparing files to reimport...[39m[0m
[  15% ] [90m[1mreimport[22m | Preparing files to reimport...[39m[0m
[  15% ] [90m[1mreimport[22m | Preparing files to reimport...[39m[0m
[  15% ] [90m[1mreimport[22m | Preparing files to reimport...[39m[0m
[  15% ] [90m[1mreimport[22m | Preparing files to reimport...[39m[0m
[  15% ] [90m[1mreimport[22m | Preparing files to reimport...[39m[0m
[  15% ] [90m[1mreimport[22m | Preparing files to reimport...[39m[0m
[  15% ] [90m[1mreimport[22m | Preparing files to reimport...[39m[0m
[  15% ] [90m[1mreimport[22m | Preparing files to reimport...[39m[0m
[  15% ] [90m[1mreimport[22m | Preparing files to reimport...[39m[0m
[  16% ] [90m[1mreimport[22m | Preparing files to reimport...[39m[0m
[  16% ] [90m[1mreimport[22m | Preparing files to reimport...[39m[0m
[  16% ] [90m[1mreimport[22m | Preparing files to reimport...[39m[0m
[  16% ] [90m[1mreimport[22m | Preparing files to reimport...[39m[0m
[  16% ] [90m[1mreimport[22m | Preparing files to reimport...[39m[0m
[  16% ] [90m[1mreimport[22m | Preparing files to reimport...[39m[0m
[  16% ] [90m[1mreimport[22m | Preparing files to reimport...[39m[0m
[  16% ] [90m[1mreimport[22m | Preparing files to reimport...[39m[0m
[  16% ] [90m[1mreimport[22m | Preparing files to reimport...[39m[0m
[  16% ] [90m[1mreimport[22m | Preparing files to reimport...[39m[0m
[  17% ] [90m[1mreimport[22m | Preparing files to reimport...[39m[0m
[  17% ] [90m[1mreimport[22m | Preparing files to reimport...[39m[0m
[  17% ] [90m[1mreimport[22m | Preparing files to reimport...[39m[0m
[  17% ] [90m[1mreimport[22m | Preparing files to reimport...[39m[0m
[  17% ] [90m[1mreimport[22m | Preparing files to reimport...[39m[0m
[  17% ] [90m[1mreimport[22m | Preparing files to reimport...[39m[0m
[  17% ] [90m[1mreimport[22m | Preparing files to reimport...[39m[0m
[  17% ] [90m[1mreimport[22m | Preparing files to reimport...[39m[0m
[  17% ] [90m[1mreimport[22m | Preparing files to reimport...[39m[0m
[  18% ] [90m[1mreimport[22m | Preparing files to reimport...[39m[0m
[  18% ] [90m[1mreimport[22m | Preparing files to reimport...[39m[0m
[  18% ] [90m[1mreimport[22m | Preparing files to reimport...[39m[0m
[  18% ] [90m[1mreimport[22m | Preparing files to reimport...[39m[0m
[  18% ] [90m[1mreimport[22m | Preparing files to reimport...[39m[0m
[  18% ] [90m[1mreimport[22m | Preparing files to reimport...[39m[0m
[  18% ] [90m[1mreimport[22m | Preparing files to reimport...[39m[0m
[  18% ] [90m[1mreimport[22m | Preparing files to reimport...[39m[0m
[  18% ] [90m[1mreimport[22m | Preparing files to reimport...[39m[0m
[  18% ] [90m[1mreimport[22m | Preparing files to reimport...[39m[0m
[  19% ] [90m[1mreimport[22m | Preparing files to reimport...[39m[0m
[  19% ] [90m[1mreimport[22m | Preparing files to reimport...[39m[0m
[  19% ] [90m[1mreimport[22m | Preparing files to reimport...[39m[0m
[  19% ] [90m[1mreimport[22m | Preparing files to reimport...[39m[0m
[  19% ] [90m[1mreimport[22m | Preparing files to reimport...[39m[0m
[  19% ] [90m[1mreimport[22m | Preparing files to reimport...[39m[0m
[  19% ] [90m[1mreimport[22m | Preparing files to reimport...[39m[0m
[  19% ] [90m[1mreimport[22m | Preparing files to reimport...[39m[0m
[  19% ] [90m[1mreimport[22m | Preparing files to reimport...[39m[0m
[  20% ] [90m[1mreimport[22m | Preparing files to reimport...[39m[0m
[  20% ] [90m[1mreimport[22m | Preparing files to reimport...[39m[0m
[  20% ] [90m[1mreimport[22m | Preparing files to reimport...[39m[0m
[  20% ] [90m[1mreimport[22m | Preparing files to reimport...[39m[0m
[  20% ] [90m[1mreimport[22m | Preparing files to reimport...[39m[0m
[  20% ] [90m[1mreimport[22m | Preparing files to reimport...[39m[0m
[  20% ] [90m[1mreimport[22m | Preparing files to reimport...[39m[0m
[  20% ] [90m[1mreimport[22m | Preparing files to reimport...[39m[0m
[  20% ] [90m[1mreimport[22m | Preparing files to reimport...[39m[0m
[  20% ] [90m[1mreimport[22m | Preparing files to reimport...[39m[0m
[  21% ] [90m[1mreimport[22m | Preparing files to reimport...[39m[0m
[  21% ] [90m[1mreimport[22m | Preparing files to reimport...[39m[0m
[  21% ] [90m[1mreimport[22m | Preparing files to reimport...[39m[0m
[  21% ] [90m[1mreimport[22m | Preparing files to reimport...[39m[0m
[  21% ] [90m[1mreimport[22m | Preparing files to reimport...[39m[0m
[  21% ] [90m[1mreimport[22m | Preparing files to reimport...[39m[0m
[  21% ] [90m[1mreimport[22m | Preparing files to reimport...[39m[0m
[  21% ] [90m[1mreimport[22m | Preparing files to reimport...[39m[0m
[  21% ] [90m[1mreimport[22m | Preparing files to reimport...[39m[0m
[  22% ] [90m[1mreimport[22m | Preparing files to reimport...[39m[0m
[  22% ] [90m[1mreimport[22m | Preparing files to reimport...[39m[0m
[  22% ] [90m[1mreimport[22m | Preparing files to reimport...[39m[0m
[  22% ] [90m[1mreimport[22m | Preparing files to reimport...[39m[0m
[  22% ] [90m[1mreimport[22m | Preparing files to reimport...[39m[0m
[  22% ] [90m[1mreimport[22m | Preparing files to reimport...[39m[0m
[  22% ] [90m[1mreimport[22m | Preparing files to reimport...[39m[0m
[  22% ] [90m[1mreimport[22m | Preparing files to reimport...[39m[0m
[  22% ] [90m[1mreimport[22m | Preparing files to reimport...[39m[0m
[  22% ] [90m[1mreimport[22m | Preparing files to reimport...[39m[0m
[  23% ] [90m[1mreimport[22m | Preparing files to reimport...[39m[0m
[  23% ] [90m[1mreimport[22m | Preparing files to reimport...[39m[0m
[  23% ] [90m[1mreimport[22m | Preparing files to reimport...[39m[0m
[  23% ] [90m[1mreimport[22m | Preparing files to reimport...[39m[0m
[  23% ] [90m[1mreimport[22m | Preparing files to reimport...[39m[0m
[  23% ] [90m[1mreimport[22m | Preparing files to reimport...[39m[0m
[  23% ] [90m[1mreimport[22m | Preparing files to reimport...[39m[0m
[  23% ] [90m[1mreimport[22m | Preparing files to reimport...[39m[0m
[  23% ] [90m[1mreimport[22m | Preparing files to reimport...[39m[0m
[  24% ] [90m[1mreimport[22m | Preparing files to reimport...[39m[0m
[  24% ] [90m[1mreimport[22m | Preparing files to reimport...[39m[0m
[  24% ] [90m[1mreimport[22m | Preparing files to reimport...[39m[0m
[  24% ] [90m[1mreimport[22m | Preparing files to reimport...[39m[0m
[  24% ] [90m[1mreimport[22m | Preparing files to reimport...[39m[0m
[  24% ] [90m[1mreimport[22m | Preparing files to reimport...[39m[0m
[  24% ] [90m[1mreimport[22m | Preparing files to reimport...[39m[0m
[  24% ] [90m[1mreimport[22m | Preparing files to reimport...[39m[0m
[  24% ] [90m[1mreimport[22m | Preparing files to reimport...[39m[0m
[  25% ] [90m[1mreimport[22m | Preparing files to reimport...[39m[0m
[  25% ] [90m[1mreimport[22m | Preparing files to reimport...[39m[0m
[  25% ] [90m[1mreimport[22m | Preparing files to reimport...[39m[0m
[  25% ] [90m[1mreimport[22m | Preparing files to reimport...[39m[0m
[  25% ] [90m[1mreimport[22m | Preparing files to reimport...[39m[0m
[  25% ] [90m[1mreimport[22m | Preparing files to reimport...[39m[0m
[  25% ] [90m[1mreimport[22m | Preparing files to reimport...[39m[0m
[  25% ] [90m[1mreimport[22m | Preparing files to reimport...[39m[0m
[  25% ] [90m[1mreimport[22m | Preparing files to reimport...[39m[0m
[  25% ] [90m[1mreimport[22m | Preparing files to reimport...[39m[0m
[  26% ] [90m[1mreimport[22m | Preparing files to reimport...[39m[0m
[  26% ] [90m[1mreimport[22m | Preparing files to reimport...[39m[0m
[  26% ] [90m[1mreimport[22m | Preparing files to reimport...[39m[0m
[  26% ] [90m[1mreimport[22m | Preparing files to reimport...[39m[0m
[  26% ] [90m[1mreimport[22m | Preparing files to reimport...[39m[0m
[  26% ] [90m[1mreimport[22m | Preparing files to reimport...[39m[0m
[  26% ] [90m[1mreimport[22m | Preparing files to reimport...[39m[0m
[  26% ] [90m[1mreimport[22m | Preparing files to reimport...[39m[0m
[  26% ] [90m[1mreimport[22m | Preparing files to reimport...[39m[0m
[  27% ] [90m[1mreimport[22m | Preparing files to reimport...[39m[0m
[  27% ] [90m[1mreimport[22m | Preparing files to reimport...[39m[0m
[  27% ] [90m[1mreimport[22m | Preparing files to reimport...[39m[0m
[  27% ] [90m[1mreimport[22m | Preparing files to reimport...[39m[0m
[  27% ] [90m[1mreimport[22m | Preparing files to reimport...[39m[0m
[  27% ] [90m[1mreimport[22m | Preparing files to reimport...[39m[0m
[  27% ] [90m[1mreimport[22m | Preparing files to reimport...[39m[0m
[  27% ] [90m[1mreimport[22m | Preparing files to reimport...[39m[0m
[  27% ] [90m[1mreimport[22m | Preparing files to reimport...[39m[0m
[  27% ] [90m[1mreimport[22m | Preparing files to reimport...[39m[0m
[  28% ] [90m[1mreimport[22m | Preparing files to reimport...[39m[0m
[  28% ] [90m[1mreimport[22m | Preparing files to reimport...[39m[0m
[  28% ] [90m[1mreimport[22m | Preparing files to reimport...[39m[0m
[  28% ] [90m[1mreimport[22m | Preparing files to reimport...[39m[0m
[  28% ] [90m[1mreimport[22m | Preparing files to reimport...[39m[0m
[  28% ] [90m[1mreimport[22m | Preparing files to reimport...[39m[0m
[  28% ] [90m[1mreimport[22m | Preparing files to reimport...[39m[0m
[  28% ] [90m[1mreimport[22m | Preparing files to reimport...[39m[0m
[  28% ] [90m[1mreimport[22m | Preparing files to reimport...[39m[0m
[  29% ] [90m[1mreimport[22m | Preparing files to reimport...[39m[0m
[  29% ] [90m[1mreimport[22m | Preparing files to reimport...[39m[0m
[  29% ] [90m[1mreimport[22m | Preparing files to reimport...[39m[0m
[  29% ] [90m[1mreimport[22m | Preparing files to reimport...[39m[0m
[  29% ] [90m[1mreimport[22m | Preparing files to reimport...[39m[0m
[  29% ] [90m[1mreimport[22m | Preparing files to reimport...[39m[0m
[  29% ] [90m[1mreimport[22m | Preparing files to reimport...[39m[0m
[  29% ] [90m[1mreimport[22m | Preparing files to reimport...[39m[0m
[  29% ] [90m[1mreimport[22m | Preparing files to reimport...[39m[0m
[  29% ] [90m[1mreimport[22m | Preparing files to reimport...[39m[0m
[  30% ] [90m[1mreimport[22m | Preparing files to reimport...[39m[0m
[  30% ] [90m[1mreimport[22m | Preparing files to reimport...[39m[0m
[  30% ] [90m[1mreimport[22m | Preparing files to reimport...[39m[0m
[  30% ] [90m[1mreimport[22m | Preparing files to reimport...[39m[0m
[  30% ] [90m[1mreimport[22m | Preparing files to reimport...[39m[0m
[  30% ] [90m[1mreimport[22m | Preparing files to reimport...[39m[0m
[  30% ] [90m[1mreimport[22m | Preparing files to reimport...[39m[0m
[  30% ] [90m[1mreimport[22m | Preparing files to reimport...[39m[0m
[  30% ] [90m[1mreimport[22m | Preparing files to reimport...[39m[0m
[  31% ] [90m[1mreimport[22m | Preparing files to reimport...[39m[0m
[  31% ] [90m[1mreimport[22m | Preparing files to reimport...[39m[0m
[  31% ] [90m[1mreimport[22m | Preparing files to reimport...[39m[0m
[  31% ] [90m[1mreimport[22m | Preparing files to reimport...[39m[0m
[  31% ] [90m[1mreimport[22m | Preparing files to reimport...[39m[0m
[  31% ] [90m[1mreimport[22m | Preparing files to reimport...[39m[0m
[  31% ] [90m[1mreimport[22m | Preparing files to reimport...[39m[0m
[  31% ] [90m[1mreimport[22m | Preparing files to reimport...[39m[0m
[  31% ] [90m[1mreimport[22m | Preparing files to reimport...[39m[0m
[  31% ] [90m[1mreimport[22m | Preparing files to reimport...[39m[0m
[  32% ] [90m[1mreimport[22m | Preparing files to reimport...[39m[0m
[  32% ] [90m[1mreimport[22m | Preparing files to reimport...[39m[0m
[  32% ] [90m[1mreimport[22m | Preparing files to reimport...[39m[0m
[  32% ] [90m[1mreimport[22m | Preparing files to reimport...[39m[0m
[  32% ] [90m[1mreimport[22m | Preparing files to reimport...[39m[0m
[  32% ] [90m[1mreimport[22m | Preparing files to reimport...[39m[0m
[  32% ] [90m[1mreimport[22m | Preparing files to reimport...[39m[0m
[  32% ] [90m[1mreimport[22m | Preparing files to reimport...[39m[0m
[  32% ] [90m[1mreimport[22m | Preparing files to reimport...[39m[0m
[  33% ] [90m[1mreimport[22m | Preparing files to reimport...[39m[0m
[  33% ] [90m[1mreimport[22m | Preparing files to reimport...[39m[0m
[  33% ] [90m[1mreimport[22m | Preparing files to reimport...[39m[0m
[  33% ] [90m[1mreimport[22m | Preparing files to reimport...[39m[0m
[  33% ] [90m[1mreimport[22m | Preparing files to reimport...[39m[0m
[  33% ] [90m[1mreimport[22m | Preparing files to reimport...[39m[0m
[  33% ] [90m[1mreimport[22m | Preparing files to reimport...[39m[0m
[  33% ] [90m[1mreimport[22m | Preparing files to reimport...[39m[0m
[  33% ] [90m[1mreimport[22m | Preparing files to reimport...[39m[0m
[  33% ] [90m[1mreimport[22m | Preparing files to reimport...[39m[0m
[  34% ] [90m[1mreimport[22m | Preparing files to reimport...[39m[0m
[  34% ] [90m[1mreimport[22m | Preparing files to reimport...[39m[0m
[  34% ] [90m[1mreimport[22m | Preparing files to reimport...[39m[0m
[  34% ] [90m[1mreimport[22m | Preparing files to reimport...[39m[0m
[  34% ] [90m[1mreimport[22m | Preparing files to reimport...[39m[0m
[  34% ] [90m[1mreimport[22m | Preparing files to reimport...[39m[0m
[  34% ] [90m[1mreimport[22m | Preparing files to reimport...[39m[0m
[  34% ] [90m[1mreimport[22m | Preparing files to reimport...[39m[0m
[  34% ] [90m[1mreimport[22m | Preparing files to reimport...[39m[0m
[  35% ] [90m[1mreimport[22m | Preparing files to reimport...[39m[0m
[  35% ] [90m[1mreimport[22m | Preparing files to reimport...[39m[0m
[  35% ] [90m[1mreimport[22m | Preparing files to reimport...[39m[0m
[  35% ] [90m[1mreimport[22m | Preparing files to reimport...[39m[0m
[  35% ] [90m[1mreimport[22m | Preparing files to reimport...[39m[0m
[  35% ] [90m[1mreimport[22m | Preparing files to reimport...[39m[0m
[  35% ] [90m[1mreimport[22m | Preparing files to reimport...[39m[0m
[  35% ] [90m[1mreimport[22m | Preparing files to reimport...[39m[0m
[  35% ] [90m[1mreimport[22m | Preparing files to reimport...[39m[0m
[  35% ] [90m[1mreimport[22m | Preparing files to reimport...[39m[0m
[  36% ] [90m[1mreimport[22m | Preparing files to reimport...[39m[0m
[  36% ] [90m[1mreimport[22m | Preparing files to reimport...[39m[0m
[  36% ] [90m[1mreimport[22m | Preparing files to reimport...[39m[0m
[  36% ] [90m[1mreimport[22m | Preparing files to reimport...[39m[0m
[  36% ] [90m[1mreimport[22m | Preparing files to reimport...[39m[0m
[  36% ] [90m[1mreimport[22m | Preparing files to reimport...[39m[0m
[  36% ] [90m[1mreimport[22m | Preparing files to reimport...[39m[0m
[  36% ] [90m[1mreimport[22m | Preparing files to reimport...[39m[0m
[  36% ] [90m[1mreimport[22m | Preparing files to reimport...[39m[0m
[  37% ] [90m[1mreimport[22m | Preparing files to reimport...[39m[0m
[  37% ] [90m[1mreimport[22m | Preparing files to reimport...[39m[0m
[  37% ] [90m[1mreimport[22m | Preparing files to reimport...[39m[0m
[  37% ] [90m[1mreimport[22m | Preparing files to reimport...[39m[0m
[  37% ] [90m[1mreimport[22m | Preparing files to reimport...[39m[0m
[  37% ] [90m[1mreimport[22m | Preparing files to reimport...[39m[0m
[  37% ] [90m[1mreimport[22m | Preparing files to reimport...[39m[0m
[  37% ] [90m[1mreimport[22m | Preparing files to reimport...[39m[0m
[  37% ] [90m[1mreimport[22m | Preparing files to reimport...[39m[0m
[  37% ] [90m[1mreimport[22m | Preparing files to reimport...[39m[0m
[  38% ] [90m[1mreimport[22m | Preparing files to reimport...[39m[0m
[  38% ] [90m[1mreimport[22m | Preparing files to reimport...[39m[0m
[  38% ] [90m[1mreimport[22m | Preparing files to reimport...[39m[0m
[  38% ] [90m[1mreimport[22m | Preparing files to reimport...[39m[0m
[  38% ] [90m[1mreimport[22m | Preparing files to reimport...[39m[0m
[  38% ] [90m[1mreimport[22m | Preparing files to reimport...[39m[0m
[  38% ] [90m[1mreimport[22m | Preparing files to reimport...[39m[0m
[  38% ] [90m[1mreimport[22m | Preparing files to reimport...[39m[0m
[  38% ] [90m[1mreimport[22m | Preparing files to reimport...[39m[0m
[  39% ] [90m[1mreimport[22m | Preparing files to reimport...[39m[0m
[  39% ] [90m[1mreimport[22m | Preparing files to reimport...[39m[0m
[  39% ] [90m[1mreimport[22m | Preparing files to reimport...[39m[0m
[  39% ] [90m[1mreimport[22m | Preparing files to reimport...[39m[0m
[  39% ] [90m[1mreimport[22m | Preparing files to reimport...[39m[0m
[  39% ] [90m[1mreimport[22m | Preparing files to reimport...[39m[0m
[  39% ] [90m[1mreimport[22m | Preparing files to reimport...[39m[0m
[  39% ] [90m[1mreimport[22m | Preparing files to reimport...[39m[0m
[  39% ] [90m[1mreimport[22m | Preparing files to reimport...[39m[0m
[  39% ] [90m[1mreimport[22m | Preparing files to reimport...[39m[0m
[  40% ] [90m[1mreimport[22m | Preparing files to reimport...[39m[0m
[  40% ] [90m[1mreimport[22m | Preparing files to reimport...[39m[0m
[  40% ] [90m[1mreimport[22m | Preparing files to reimport...[39m[0m
[  40% ] [90m[1mreimport[22m | Preparing files to reimport...[39m[0m
[  40% ] [90m[1mreimport[22m | Preparing files to reimport...[39m[0m
[  40% ] [90m[1mreimport[22m | Preparing files to reimport...[39m[0m
[  40% ] [90m[1mreimport[22m | Preparing files to reimport...[39m[0m
[  40% ] [90m[1mreimport[22m | Preparing files to reimport...[39m[0m
[  40% ] [90m[1mreimport[22m | Preparing files to reimport...[39m[0m
[  41% ] [90m[1mreimport[22m | Preparing files to reimport...[39m[0m
[  41% ] [90m[1mreimport[22m | Preparing files to reimport...[39m[0m
[  41% ] [90m[1mreimport[22m | Preparing files to reimport...[39m[0m
[  41% ] [90m[1mreimport[22m | Preparing files to reimport...[39m[0m
[  41% ] [90m[1mreimport[22m | Preparing files to reimport...[39m[0m
[  41% ] [90m[1mreimport[22m | Preparing files to reimport...[39m[0m
[  41% ] [90m[1mreimport[22m | Preparing files to reimport...[39m[0m
[  41% ] [90m[1mreimport[22m | Preparing files to reimport...[39m[0m
[  41% ] [90m[1mreimport[22m | Preparing files to reimport...[39m[0m
[  41% ] [90m[1mreimport[22m | Preparing files to reimport...[39m[0m
[  42% ] [90m[1mreimport[22m | Preparing files to reimport...[39m[0m
[  42% ] [90m[1mreimport[22m | Preparing files to reimport...[39m[0m
[  42% ] [90m[1mreimport[22m | Preparing files to reimport...[39m[0m
[  42% ] [90m[1mreimport[22m | Preparing files to reimport...[39m[0m
[  42% ] [90m[1mreimport[22m | Preparing files to reimport...[39m[0m
[  42% ] [90m[1mreimport[22m | Preparing files to reimport...[39m[0m
[  42% ] [90m[1mreimport[22m | Preparing files to reimport...[39m[0m
[  42% ] [90m[1mreimport[22m | Preparing files to reimport...[39m[0m
[  42% ] [90m[1mreimport[22m | Preparing files to reimport...[39m[0m
[  43% ] [90m[1mreimport[22m | Preparing files to reimport...[39m[0m
[  43% ] [90m[1mreimport[22m | Preparing files to reimport...[39m[0m
[  43% ] [90m[1mreimport[22m | Preparing files to reimport...[39m[0m
[  43% ] [90m[1mreimport[22m | Preparing files to reimport...[39m[0m
[  43% ] [90m[1mreimport[22m | Preparing files to reimport...[39m[0m
[  43% ] [90m[1mreimport[22m | Preparing files to reimport...[39m[0m
[  43% ] [90m[1mreimport[22m | Preparing files to reimport...[39m[0m
[  43% ] [90m[1mreimport[22m | Preparing files to reimport...[39m[0m
[  43% ] [90m[1mreimport[22m | Preparing files to reimport...[39m[0m
[  43% ] [90m[1mreimport[22m | Preparing files to reimport...[39m[0m
[  44% ] [90m[1mreimport[22m | Preparing files to reimport...[39m[0m
[  44% ] [90m[1mreimport[22m | Preparing files to reimport...[39m[0m
[  44% ] [90m[1mreimport[22m | Preparing files to reimport...[39m[0m
[  44% ] [90m[1mreimport[22m | Preparing files to reimport...[39m[0m
[  44% ] [90m[1mreimport[22m | Preparing files to reimport...[39m[0m
[  44% ] [90m[1mreimport[22m | Preparing files to reimport...[39m[0m
[  44% ] [90m[1mreimport[22m | Preparing files to reimport...[39m[0m
[  44% ] [90m[1mreimport[22m | Preparing files to reimport...[39m[0m
[  44% ] [90m[1mreimport[22m | Preparing files to reimport...[39m[0m
[  45% ] [90m[1mreimport[22m | Preparing files to reimport...[39m[0m
[  45% ] [90m[1mreimport[22m | Preparing files to reimport...[39m[0m
[  45% ] [90m[1mreimport[22m | Preparing files to reimport...[39m[0m
[  45% ] [90m[1mreimport[22m | Preparing files to reimport...[39m[0m
[  45% ] [90m[1mreimport[22m | Preparing files to reimport...[39m[0m
[  45% ] [90m[1mreimport[22m | Preparing files to reimport...[39m[0m
[  45% ] [90m[1mreimport[22m | Preparing files to reimport...[39m[0m
[  45% ] [90m[1mreimport[22m | Preparing files to reimport...[39m[0m
[  45% ] [90m[1mreimport[22m | Preparing files to reimport...[39m[0m
[  45% ] [90m[1mreimport[22m | Preparing files to reimport...[39m[0m
[  46% ] [90m[1mreimport[22m | Preparing files to reimport...[39m[0m
[  46% ] [90m[1mreimport[22m | Preparing files to reimport...[39m[0m
[  46% ] [90m[1mreimport[22m | Preparing files to reimport...[39m[0m
[  46% ] [90m[1mreimport[22m | Preparing files to reimport...[39m[0m
[  46% ] [90m[1mreimport[22m | Preparing files to reimport...[39m[0m
[  46% ] [90m[1mreimport[22m | Preparing files to reimport...[39m[0m
[  46% ] [90m[1mreimport[22m | Preparing files to reimport...[39m[0m
[  46% ] [90m[1mreimport[22m | Preparing files to reimport...[39m[0m
[  46% ] [90m[1mreimport[22m | Preparing files to reimport...[39m[0m
[  47% ] [90m[1mreimport[22m | Preparing files to reimport...[39m[0m
[  47% ] [90m[1mreimport[22m | Preparing files to reimport...[39m[0m
[  47% ] [90m[1mreimport[22m | Preparing files to reimport...[39m[0m
[  47% ] [90m[1mreimport[22m | Preparing files to reimport...[39m[0m
[  47% ] [90m[1mreimport[22m | Preparing files to reimport...[39m[0m
[  47% ] [90m[1mreimport[22m | Preparing files to reimport...[39m[0m
[  47% ] [90m[1mreimport[22m | Preparing files to reimport...[39m[0m
[  47% ] [90m[1mreimport[22m | Preparing files to reimport...[39m[0m
[  47% ] [90m[1mreimport[22m | Preparing files to reimport...[39m[0m
[  47% ] [90m[1mreimport[22m | Preparing files to reimport...[39m[0m
[  48% ] [90m[1mreimport[22m | Preparing files to reimport...[39m[0m
[  48% ] [90m[1mreimport[22m | Preparing files to reimport...[39m[0m
[  48% ] [90m[1mreimport[22m | Preparing files to reimport...[39m[0m
[  48% ] [90m[1mreimport[22m | Preparing files to reimport...[39m[0m
[  48% ] [90m[1mreimport[22m | Preparing files to reimport...[39m[0m
[  48% ] [90m[1mreimport[22m | Preparing files to reimport...[39m[0m
[  48% ] [90m[1mreimport[22m | Preparing files to reimport...[39m[0m
[  48% ] [90m[1mreimport[22m | Preparing files to reimport...[39m[0m
[  48% ] [90m[1mreimport[22m | Preparing files to reimport...[39m[0m
[  49% ] [90m[1mreimport[22m | Preparing files to reimport...[39m[0m
[  49% ] [90m[1mreimport[22m | Preparing files to reimport...[39m[0m
[  49% ] [90m[1mreimport[22m | Preparing files to reimport...[39m[0m
[  49% ] [90m[1mreimport[22m | Preparing files to reimport...[39m[0m
[  49% ] [90m[1mreimport[22m | Preparing files to reimport...[39m[0m
[  49% ] [90m[1mreimport[22m | Preparing files to reimport...[39m[0m
[  49% ] [90m[1mreimport[22m | Preparing files to reimport...[39m[0m
[  49% ] [90m[1mreimport[22m | Preparing files to reimport...[39m[0m
[  49% ] [90m[1mreimport[22m | Preparing files to reimport...[39m[0m
[  50% ] [90m[1mreimport[22m | Preparing files to reimport...[39m[0m
[  50% ] [90m[1mreimport[22m | Preparing files to reimport...[39m[0m
[  50% ] [90m[1mreimport[22m | Preparing files to reimport...[39m[0m
[  50% ] [90m[1mreimport[22m | Preparing files to reimport...[39m[0m
[  50% ] [90m[1mreimport[22m | Preparing files to reimport...[39m[0m
[  50% ] [90m[1mreimport[22m | Preparing files to reimport...[39m[0m
[  50% ] [90m[1mreimport[22m | Preparing files to reimport...[39m[0m
[  50% ] [90m[1mreimport[22m | Preparing files to reimport...[39m[0m
[  50% ] [90m[1mreimport[22m | Preparing files to reimport...[39m[0m
[  50% ] [90m[1mreimport[22m | Preparing files to reimport...[39m[0m
[  51% ] [90m[1mreimport[22m | Preparing files to reimport...[39m[0m
[  51% ] [90m[1mreimport[22m | Preparing files to reimport...[39m[0m
[  51% ] [90m[1mreimport[22m | Preparing files to reimport...[39m[0m
[  51% ] [90m[1mreimport[22m | Preparing files to reimport...[39m[0m
[  51% ] [90m[1mreimport[22m | Preparing files to reimport...[39m[0m
[  51% ] [90m[1mreimport[22m | Preparing files to reimport...[39m[0m
[  51% ] [90m[1mreimport[22m | Preparing files to reimport...[39m[0m
[  51% ] [90m[1mreimport[22m | Preparing files to reimport...[39m[0m
[  51% ] [90m[1mreimport[22m | Preparing files to reimport...[39m[0m
[  52% ] [90m[1mreimport[22m | Preparing files to reimport...[39m[0m
[  52% ] [90m[1mreimport[22m | Preparing files to reimport...[39m[0m
[  52% ] [90m[1mreimport[22m | Preparing files to reimport...[39m[0m
[  52% ] [90m[1mreimport[22m | Preparing files to reimport...[39m[0m
[  52% ] [90m[1mreimport[22m | Preparing files to reimport...[39m[0m
[  52% ] [90m[1mreimport[22m | Preparing files to reimport...[39m[0m
[  52% ] [90m[1mreimport[22m | Preparing files to reimport...[39m[0m
[  52% ] [90m[1mreimport[22m | Preparing files to reimport...[39m[0m
[  52% ] [90m[1mreimport[22m | Preparing files to reimport...[39m[0m
[  52% ] [90m[1mreimport[22m | Preparing files to reimport...[39m[0m
[  53% ] [90m[1mreimport[22m | Preparing files to reimport...[39m[0m
[  53% ] [90m[1mreimport[22m | Preparing files to reimport...[39m[0m
[  53% ] [90m[1mreimport[22m | Preparing files to reimport...[39m[0m
[  53% ] [90m[1mreimport[22m | Preparing files to reimport...[39m[0m
[  53% ] [90m[1mreimport[22m | Preparing files to reimport...[39m[0m
[  53% ] [90m[1mreimport[22m | Preparing files to reimport...[39m[0m
[  53% ] [90m[1mreimport[22m | Preparing files to reimport...[39m[0m
[  53% ] [90m[1mreimport[22m | Preparing files to reimport...[39m[0m
[  53% ] [90m[1mreimport[22m | Preparing files to reimport...[39m[0m
[  54% ] [90m[1mreimport[22m | Preparing files to reimport...[39m[0m
[  54% ] [90m[1mreimport[22m | Preparing files to reimport...[39m[0m
[  54% ] [90m[1mreimport[22m | Preparing files to reimport...[39m[0m
[  54% ] [90m[1mreimport[22m | Preparing files to reimport...[39m[0m
[  54% ] [90m[1mreimport[22m | Preparing files to reimport...[39m[0m
[  54% ] [90m[1mreimport[22m | Preparing files to reimport...[39m[0m
[  54% ] [90m[1mreimport[22m | Preparing files to reimport...[39m[0m
[  54% ] [90m[1mreimport[22m | Preparing files to reimport...[39m[0m
[  54% ] [90m[1mreimport[22m | Preparing files to reimport...[39m[0m
[  54% ] [90m[1mreimport[22m | Preparing files to reimport...[39m[0m
[  55% ] [90m[1mreimport[22m | Preparing files to reimport...[39m[0m
[  55% ] [90m[1mreimport[22m | Preparing files to reimport...[39m[0m
[  55% ] [90m[1mreimport[22m | Preparing files to reimport...[39m[0m
[  55% ] [90m[1mreimport[22m | Preparing files to reimport...[39m[0m
[  55% ] [90m[1mreimport[22m | Preparing files to reimport...[39m[0m
[  55% ] [90m[1mreimport[22m | Preparing files to reimport...[39m[0m
[  55% ] [90m[1mreimport[22m | Preparing files to reimport...[39m[0m
[  55% ] [90m[1mreimport[22m | Preparing files to reimport...[39m[0m
[  55% ] [90m[1mreimport[22m | Preparing files to reimport...[39m[0m
[  56% ] [90m[1mreimport[22m | Preparing files to reimport...[39m[0m
[  56% ] [90m[1mreimport[22m | Preparing files to reimport...[39m[0m
[  56% ] [90m[1mreimport[22m | Preparing files to reimport...[39m[0m
[  56% ] [90m[1mreimport[22m | Preparing files to reimport...[39m[0m
[  56% ] [90m[1mreimport[22m | Preparing files to reimport...[39m[0m
[  56% ] [90m[1mreimport[22m | Preparing files to reimport...[39m[0m
[  56% ] [90m[1mreimport[22m | Preparing files to reimport...[39m[0m
[  56% ] [90m[1mreimport[22m | Preparing files to reimport...[39m[0m
[  56% ] [90m[1mreimport[22m | Preparing files to reimport...[39m[0m
[  56% ] [90m[1mreimport[22m | Preparing files to reimport...[39m[0m
[  57% ] [90m[1mreimport[22m | Preparing files to reimport...[39m[0m
[  57% ] [90m[1mreimport[22m | Preparing files to reimport...[39m[0m
[  57% ] [90m[1mreimport[22m | Preparing files to reimport...[39m[0m
[  57% ] [90m[1mreimport[22m | Preparing files to reimport...[39m[0m
[  57% ] [90m[1mreimport[22m | Preparing files to reimport...[39m[0m
[  57% ] [90m[1mreimport[22m | Preparing files to reimport...[39m[0m
[  57% ] [90m[1mreimport[22m | Preparing files to reimport...[39m[0m
[  57% ] [90m[1mreimport[22m | Preparing files to reimport...[39m[0m
[  57% ] [90m[1mreimport[22m | Preparing files to reimport...[39m[0m
[  58% ] [90m[1mreimport[22m | Preparing files to reimport...[39m[0m
[  58% ] [90m[1mreimport[22m | Preparing files to reimport...[39m[0m
[  58% ] [90m[1mreimport[22m | Preparing files to reimport...[39m[0m
[  58% ] [90m[1mreimport[22m | Preparing files to reimport...[39m[0m
[  58% ] [90m[1mreimport[22m | Preparing files to reimport...[39m[0m
[  58% ] [90m[1mreimport[22m | Preparing files to reimport...[39m[0m
[  58% ] [90m[1mreimport[22m | Preparing files to reimport...[39m[0m
[  58% ] [90m[1mreimport[22m | Preparing files to reimport...[39m[0m
[  58% ] [90m[1mreimport[22m | Preparing files to reimport...[39m[0m
[  58% ] [90m[1mreimport[22m | Preparing files to reimport...[39m[0m
[  59% ] [90m[1mreimport[22m | Preparing files to reimport...[39m[0m
[  59% ] [90m[1mreimport[22m | Preparing files to reimport...[39m[0m
[  59% ] [90m[1mreimport[22m | Preparing files to reimport...[39m[0m
[  59% ] [90m[1mreimport[22m | Preparing files to reimport...[39m[0m
[  59% ] [90m[1mreimport[22m | Preparing files to reimport...[39m[0m
[  59% ] [90m[1mreimport[22m | Preparing files to reimport...[39m[0m
[  59% ] [90m[1mreimport[22m | Preparing files to reimport...[39m[0m
[  59% ] [90m[1mreimport[22m | Preparing files to reimport...[39m[0m
[  59% ] [90m[1mreimport[22m | Preparing files to reimport...[39m[0m
[  60% ] [90m[1mreimport[22m | Preparing files to reimport...[39m[0m
[  60% ] [90m[1mreimport[22m | Preparing files to reimport...[39m[0m
[  60% ] [90m[1mreimport[22m | Preparing files to reimport...[39m[0m
[  60% ] [90m[1mreimport[22m | Preparing files to reimport...[39m[0m
[  60% ] [90m[1mreimport[22m | Preparing files to reimport...[39m[0m
[  60% ] [90m[1mreimport[22m | Preparing files to reimport...[39m[0m
[  60% ] [90m[1mreimport[22m | Preparing files to reimport...[39m[0m
[  60% ] [90m[1mreimport[22m | Preparing files to reimport...[39m[0m
[  60% ] [90m[1mreimport[22m | Preparing files to reimport...[39m[0m
[  60% ] [90m[1mreimport[22m | Preparing files to reimport...[39m[0m
[  61% ] [90m[1mreimport[22m | Preparing files to reimport...[39m[0m
[  61% ] [90m[1mreimport[22m | Preparing files to reimport...[39m[0m
[  61% ] [90m[1mreimport[22m | Preparing files to reimport...[39m[0m
[  61% ] [90m[1mreimport[22m | Preparing files to reimport...[39m[0m
[  61% ] [90m[1mreimport[22m | Preparing files to reimport...[39m[0m
[  61% ] [90m[1mreimport[22m | Preparing files to reimport...[39m[0m
[  61% ] [90m[1mreimport[22m | Preparing files to reimport...[39m[0m
[  61% ] [90m[1mreimport[22m | Preparing files to reimport...[39m[0m
[  61% ] [90m[1mreimport[22m | Preparing files to reimport...[39m[0m
[  62% ] [90m[1mreimport[22m | Preparing files to reimport...[39m[0m
[  62% ] [90m[1mreimport[22m | Preparing files to reimport...[39m[0m
[  62% ] [90m[1mreimport[22m | Preparing files to reimport...[39m[0m
[  62% ] [90m[1mreimport[22m | Preparing files to reimport...[39m[0m
[  62% ] [90m[1mreimport[22m | Preparing files to reimport...[39m[0m
[  62% ] [90m[1mreimport[22m | Preparing files to reimport...[39m[0m
[  62% ] [90m[1mreimport[22m | Preparing files to reimport...[39m[0m
[  62% ] [90m[1mreimport[22m | Preparing files to reimport...[39m[0m
[  62% ] [90m[1mreimport[22m | Preparing files to reimport...[39m[0m
[  62% ] [90m[1mreimport[22m | Preparing files to reimport...[39m[0m
[  63% ] [90m[1mreimport[22m | Preparing files to reimport...[39m[0m
[  63% ] [90m[1mreimport[22m | Preparing files to reimport...[39m[0m
[  63% ] [90m[1mreimport[22m | Preparing files to reimport...[39m[0m
[  63% ] [90m[1mreimport[22m | Preparing files to reimport...[39m[0m
[  63% ] [90m[1mreimport[22m | Preparing files to reimport...[39m[0m
[  63% ] [90m[1mreimport[22m | Preparing files to reimport...[39m[0m
[  63% ] [90m[1mreimport[22m | Preparing files to reimport...[39m[0m
[  63% ] [90m[1mreimport[22m | Preparing files to reimport...[39m[0m
[  63% ] [90m[1mreimport[22m | Preparing files to reimport...[39m[0m
[  64% ] [90m[1mreimport[22m | Preparing files to reimport...[39m[0m
[  64% ] [90m[1mreimport[22m | Preparing files to reimport...[39m[0m
[  64% ] [90m[1mreimport[22m | Preparing files to reimport...[39m[0m
[  64% ] [90m[1mreimport[22m | Preparing files to reimport...[39m[0m
[  64% ] [90m[1mreimport[22m | Preparing files to reimport...[39m[0m
[  64% ] [90m[1mreimport[22m | Preparing files to reimport...[39m[0m
[  64% ] [90m[1mreimport[22m | Preparing files to reimport...[39m[0m
[  64% ] [90m[1mreimport[22m | Preparing files to reimport...[39m[0m
[  64% ] [90m[1mreimport[22m | Preparing files to reimport...[39m[0m
[  64% ] [90m[1mreimport[22m | Preparing files to reimport...[39m[0m
[  65% ] [90m[1mreimport[22m | Preparing files to reimport...[39m[0m
[  65% ] [90m[1mreimport[22m | Preparing files to reimport...[39m[0m
[  65% ] [90m[1mreimport[22m | Preparing files to reimport...[39m[0m
[  65% ] [90m[1mreimport[22m | Preparing files to reimport...[39m[0m
[  65% ] [90m[1mreimport[22m | Preparing files to reimport...[39m[0m
[  65% ] [90m[1mreimport[22m | Preparing files to reimport...[39m[0m
[  65% ] [90m[1mreimport[22m | Preparing files to reimport...[39m[0m
[  65% ] [90m[1mreimport[22m | Preparing files to reimport...[39m[0m
[  65% ] [90m[1mreimport[22m | Preparing files to reimport...[39m[0m
[  66% ] [90m[1mreimport[22m | Preparing files to reimport...[39m[0m
[  66% ] [90m[1mreimport[22m | Preparing files to reimport...[39m[0m
[  66% ] [90m[1mreimport[22m | Preparing files to reimport...[39m[0m
[  66% ] [90m[1mreimport[22m | Preparing files to reimport...[39m[0m
[  66% ] [90m[1mreimport[22m | Preparing files to reimport...[39m[0m
[  66% ] [90m[1mreimport[22m | Preparing files to reimport...[39m[0m
[  66% ] [90m[1mreimport[22m | Preparing files to reimport...[39m[0m
[  66% ] [90m[1mreimport[22m | Preparing files to reimport...[39m[0m
[  66% ] [90m[1mreimport[22m | Preparing files to reimport...[39m[0m
[  66% ] [90m[1mreimport[22m | Preparing files to reimport...[39m[0m
[  67% ] [90m[1mreimport[22m | Preparing files to reimport...[39m[0m
[  67% ] [90m[1mreimport[22m | Preparing files to reimport...[39m[0m
[  67% ] [90m[1mreimport[22m | Preparing files to reimport...[39m[0m
[  67% ] [90m[1mreimport[22m | Preparing files to reimport...[39m[0m
[  67% ] [90m[1mreimport[22m | Preparing files to reimport...[39m[0m
[  67% ] [90m[1mreimport[22m | Preparing files to reimport...[39m[0m
[  67% ] [90m[1mreimport[22m | Preparing files to reimport...[39m[0m
[  67% ] [90m[1mreimport[22m | Preparing files to reimport...[39m[0m
[  67% ] [90m[1mreimport[22m | Preparing files to reimport...[39m[0m
[  68% ] [90m[1mreimport[22m | Preparing files to reimport...[39m[0m
[  68% ] [90m[1mreimport[22m | Preparing files to reimport...[39m[0m
[  68% ] [90m[1mreimport[22m | Preparing files to reimport...[39m[0m
[  68% ] [90m[1mreimport[22m | Preparing files to reimport...[39m[0m
[  68% ] [90m[1mreimport[22m | Preparing files to reimport...[39m[0m
[  68% ] [90m[1mreimport[22m | Preparing files to reimport...[39m[0m
[  68% ] [90m[1mreimport[22m | Preparing files to reimport...[39m[0m
[  68% ] [90m[1mreimport[22m | Preparing files to reimport...[39m[0m
[  68% ] [90m[1mreimport[22m | Preparing files to reimport...[39m[0m
[  68% ] [90m[1mreimport[22m | Preparing files to reimport...[39m[0m
[  69% ] [90m[1mreimport[22m | Preparing files to reimport...[39m[0m
[  69% ] [90m[1mreimport[22m | Preparing files to reimport...[39m[0m
[  69% ] [90m[1mreimport[22m | Preparing files to reimport...[39m[0m
[  69% ] [90m[1mreimport[22m | Preparing files to reimport...[39m[0m
[  69% ] [90m[1mreimport[22m | Preparing files to reimport...[39m[0m
[  69% ] [90m[1mreimport[22m | Preparing files to reimport...[39m[0m
[  69% ] [90m[1mreimport[22m | Preparing files to reimport...[39m[0m
[  69% ] [90m[1mreimport[22m | Preparing files to reimport...[39m[0m
[  69% ] [90m[1mreimport[22m | Preparing files to reimport...[39m[0m
[  70% ] [90m[1mreimport[22m | Preparing files to reimport...[39m[0m
[  70% ] [90m[1mreimport[22m | Preparing files to reimport...[39m[0m
[  70% ] [90m[1mreimport[22m | Preparing files to reimport...[39m[0m
[  70% ] [90m[1mreimport[22m | Preparing files to reimport...[39m[0m
[  70% ] [90m[1mreimport[22m | Preparing files to reimport...[39m[0m
[  70% ] [90m[1mreimport[22m | Preparing files to reimport...[39m[0m
[  70% ] [90m[1mreimport[22m | Preparing files to reimport...[39m[0m
[  70% ] [90m[1mreimport[22m | Preparing files to reimport...[39m[0m
[  70% ] [90m[1mreimport[22m | Preparing files to reimport...[39m[0m
[  70% ] [90m[1mreimport[22m | Preparing files to reimport...[39m[0m
[  71% ] [90m[1mreimport[22m | Preparing files to reimport...[39m[0m
[  71% ] [90m[1mreimport[22m | Preparing files to reimport...[39m[0m
[  71% ] [90m[1mreimport[22m | Preparing files to reimport...[39m[0m
[  71% ] [90m[1mreimport[22m | Preparing files to reimport...[39m[0m
[  71% ] [90m[1mreimport[22m | Preparing files to reimport...[39m[0m
[  71% ] [90m[1mreimport[22m | Preparing files to reimport...[39m[0m
[  71% ] [90m[1mreimport[22m | Preparing files to reimport...[39m[0m
[  71% ] [90m[1mreimport[22m | Preparing files to reimport...[39m[0m
[  71% ] [90m[1mreimport[22m | Preparing files to reimport...[39m[0m
[  72% ] [90m[1mreimport[22m | Preparing files to reimport...[39m[0m
[  72% ] [90m[1mreimport[22m | Preparing files to reimport...[39m[0m
[  72% ] [90m[1mreimport[22m | Preparing files to reimport...[39m[0m
[  72% ] [90m[1mreimport[22m | Preparing files to reimport...[39m[0m
[  72% ] [90m[1mreimport[22m | Preparing files to reimport...[39m[0m
[  72% ] [90m[1mreimport[22m | Preparing files to reimport...[39m[0m
[  72% ] [90m[1mreimport[22m | Preparing files to reimport...[39m[0m
[  72% ] [90m[1mreimport[22m | Preparing files to reimport...[39m[0m
[  72% ] [90m[1mreimport[22m | Preparing files to reimport...[39m[0m
[  72% ] [90m[1mreimport[22m | Preparing files to reimport...[39m[0m
[  73% ] [90m[1mreimport[22m | Preparing files to reimport...[39m[0m
[  73% ] [90m[1mreimport[22m | Preparing files to reimport...[39m[0m
[  73% ] [90m[1mreimport[22m | Preparing files to reimport...[39m[0m
[  73% ] [90m[1mreimport[22m | Preparing files to reimport...[39m[0m
[  73% ] [90m[1mreimport[22m | Preparing files to reimport...[39m[0m
[  73% ] [90m[1mreimport[22m | Preparing files to reimport...[39m[0m
[  73% ] [90m[1mreimport[22m | Preparing files to reimport...[39m[0m
[  73% ] [90m[1mreimport[22m | Preparing files to reimport...[39m[0m
[  73% ] [90m[1mreimport[22m | Preparing files to reimport...[39m[0m
[  74% ] [90m[1mreimport[22m | Preparing files to reimport...[39m[0m
[  74% ] [90m[1mreimport[22m | Preparing files to reimport...[39m[0m
[  74% ] [90m[1mreimport[22m | Preparing files to reimport...[39m[0m
[  74% ] [90m[1mreimport[22m | Preparing files to reimport...[39m[0m
[  74% ] [90m[1mreimport[22m | Preparing files to reimport...[39m[0m
[  74% ] [90m[1mreimport[22m | Preparing files to reimport...[39m[0m
[  74% ] [90m[1mreimport[22m | Preparing files to reimport...[39m[0m
[  74% ] [90m[1mreimport[22m | Preparing files to reimport...[39m[0m
[  74% ] [90m[1mreimport[22m | Preparing files to reimport...[39m[0m
[  75% ] [90m[1mreimport[22m | Preparing files to reimport...[39m[0m
[  75% ] [90m[1mreimport[22m | Preparing files to reimport...[39m[0m
[  75% ] [90m[1mreimport[22m | Preparing files to reimport...[39m[0m
[  75% ] [90m[1mreimport[22m | Preparing files to reimport...[39m[0m
[  75% ] [90m[1mreimport[22m | Preparing files to reimport...[39m[0m
[  75% ] [90m[1mreimport[22m | Preparing files to reimport...[39m[0m
[  75% ] [90m[1mreimport[22m | Preparing files to reimport...[39m[0m
[  75% ] [90m[1mreimport[22m | Preparing files to reimport...[39m[0m
[  75% ] [90m[1mreimport[22m | Preparing files to reimport...[39m[0m
[  75% ] [90m[1mreimport[22m | Preparing files to reimport...[39m[0m
[  76% ] [90m[1mreimport[22m | Preparing files to reimport...[39m[0m
[  76% ] [90m[1mreimport[22m | Preparing files to reimport...[39m[0m
[  76% ] [90m[1mreimport[22m | Preparing files to reimport...[39m[0m
[  76% ] [90m[1mreimport[22m | Preparing files to reimport...[39m[0m
[  76% ] [90m[1mreimport[22m | Preparing files to reimport...[39m[0m
[  76% ] [90m[1mreimport[22m | Preparing files to reimport...[39m[0m
[  76% ] [90m[1mreimport[22m | Preparing files to reimport...[39m[0m
[  76% ] [90m[1mreimport[22m | Preparing files to reimport...[39m[0m
[  76% ] [90m[1mreimport[22m | Preparing files to reimport...[39m[0m
[  77% ] [90m[1mreimport[22m | Preparing files to reimport...[39m[0m
[  77% ] [90m[1mreimport[22m | Preparing files to reimport...[39m[0m
[  77% ] [90m[1mreimport[22m | Preparing files to reimport...[39m[0m
[  77% ] [90m[1mreimport[22m | Preparing files to reimport...[39m[0m
[  77% ] [90m[1mreimport[22m | Preparing files to reimport...[39m[0m
[  77% ] [90m[1mreimport[22m | Preparing files to reimport...[39m[0m
[  77% ] [90m[1mreimport[22m | Preparing files to reimport...[39m[0m
[  77% ] [90m[1mreimport[22m | Preparing files to reimport...[39m[0m
[  77% ] [90m[1mreimport[22m | Preparing files to reimport...[39m[0m
[  77% ] [90m[1mreimport[22m | Preparing files to reimport...[39m[0m
[  78% ] [90m[1mreimport[22m | Preparing files to reimport...[39m[0m
[  78% ] [90m[1mreimport[22m | Preparing files to reimport...[39m[0m
[  78% ] [90m[1mreimport[22m | Preparing files to reimport...[39m[0m
[  78% ] [90m[1mreimport[22m | Preparing files to reimport...[39m[0m
[  78% ] [90m[1mreimport[22m | Preparing files to reimport...[39m[0m
[  78% ] [90m[1mreimport[22m | Preparing files to reimport...[39m[0m
[  78% ] [90m[1mreimport[22m | Preparing files to reimport...[39m[0m
[  78% ] [90m[1mreimport[22m | Preparing files to reimport...[39m[0m
[  78% ] [90m[1mreimport[22m | Preparing files to reimport...[39m[0m
[  79% ] [90m[1mreimport[22m | Preparing files to reimport...[39m[0m
[  79% ] [90m[1mreimport[22m | Preparing files to reimport...[39m[0m
[  79% ] [90m[1mreimport[22m | Preparing files to reimport...[39m[0m
[  79% ] [90m[1mreimport[22m | Preparing files to reimport...[39m[0m
[  79% ] [90m[1mreimport[22m | Preparing files to reimport...[39m[0m
[  79% ] [90m[1mreimport[22m | Preparing files to reimport...[39m[0m
[  79% ] [90m[1mreimport[22m | Preparing files to reimport...[39m[0m
[  79% ] [90m[1mreimport[22m | Preparing files to reimport...[39m[0m
[  79% ] [90m[1mreimport[22m | Preparing files to reimport...[39m[0m
[  79% ] [90m[1mreimport[22m | Preparing files to reimport...[39m[0m
[  80% ] [90m[1mreimport[22m | Preparing files to reimport...[39m[0m
[  80% ] [90m[1mreimport[22m | Preparing files to reimport...[39m[0m
[  80% ] [90m[1mreimport[22m | Preparing files to reimport...[39m[0m
[  80% ] [90m[1mreimport[22m | Preparing files to reimport...[39m[0m
[  80% ] [90m[1mreimport[22m | Preparing files to reimport...[39m[0m
[  80% ] [90m[1mreimport[22m | Preparing files to reimport...[39m[0m
[  80% ] [90m[1mreimport[22m | Preparing files to reimport...[39m[0m
[  80% ] [90m[1mreimport[22m | Preparing files to reimport...[39m[0m
[  80% ] [90m[1mreimport[22m | Preparing files to reimport...[39m[0m
[  81% ] [90m[1mreimport[22m | Preparing files to reimport...[39m[0m
[  81% ] [90m[1mreimport[22m | Preparing files to reimport...[39m[0m
[  81% ] [90m[1mreimport[22m | Preparing files to reimport...[39m[0m
[  81% ] [90m[1mreimport[22m | Preparing files to reimport...[39m[0m
[  81% ] [90m[1mreimport[22m | Preparing files to reimport...[39m[0m
[  81% ] [90m[1mreimport[22m | Preparing files to reimport...[39m[0m
[  81% ] [90m[1mreimport[22m | Preparing files to reimport...[39m[0m
[  81% ] [90m[1mreimport[22m | Preparing files to reimport...[39m[0m
[  81% ] [90m[1mreimport[22m | Preparing files to reimport...[39m[0m
[  81% ] [90m[1mreimport[22m | Preparing files to reimport...[39m[0m
[  82% ] [90m[1mreimport[22m | Preparing files to reimport...[39m[0m
[  82% ] [90m[1mreimport[22m | Preparing files to reimport...[39m[0m
[  82% ] [90m[1mreimport[22m | Preparing files to reimport...[39m[0m
[  82% ] [90m[1mreimport[22m | Preparing files to reimport...[39m[0m
[  82% ] [90m[1mreimport[22m | Preparing files to reimport...[39m[0m
[  82% ] [90m[1mreimport[22m | Preparing files to reimport...[39m[0m
[  82% ] [90m[1mreimport[22m | Preparing files to reimport...[39m[0m
[  82% ] [90m[1mreimport[22m | Preparing files to reimport...[39m[0m
[  82% ] [90m[1mreimport[22m | Preparing files to reimport...[39m[0m
[  83% ] [90m[1mreimport[22m | Preparing files to reimport...[39m[0m
[  83% ] [90m[1mreimport[22m | Preparing files to reimport...[39m[0m
[  83% ] [90m[1mreimport[22m | Preparing files to reimport...[39m[0m
[  83% ] [90m[1mreimport[22m | Preparing files to reimport...[39m[0m
[  83% ] [90m[1mreimport[22m | Preparing files to reimport...[39m[0m
[  83% ] [90m[1mreimport[22m | Preparing files to reimport...[39m[0m
[  83% ] [90m[1mreimport[22m | Preparing files to reimport...[39m[0m
[  83% ] [90m[1mreimport[22m | Preparing files to reimport...[39m[0m
[  83% ] [90m[1mreimport[22m | Preparing files to reimport...[39m[0m
[  83% ] [90m[1mreimport[22m | Preparing files to reimport...[39m[0m
[  84% ] [90m[1mreimport[22m | Preparing files to reimport...[39m[0m
[  84% ] [90m[1mreimport[22m | Preparing files to reimport...[39m[0m
[  84% ] [90m[1mreimport[22m | Preparing files to reimport...[39m[0m
[  84% ] [90m[1mreimport[22m | Preparing files to reimport...[39m[0m
[  84% ] [90m[1mreimport[22m | Preparing files to reimport...[39m[0m
[  84% ] [90m[1mreimport[22m | Preparing files to reimport...[39m[0m
[  84% ] [90m[1mreimport[22m | Preparing files to reimport...[39m[0m
[  84% ] [90m[1mreimport[22m | Preparing files to reimport...[39m[0m
[  84% ] [90m[1mreimport[22m | Preparing files to reimport...[39m[0m
[  85% ] [90m[1mreimport[22m | Preparing files to reimport...[39m[0m
[  85% ] [90m[1mreimport[22m | Preparing files to reimport...[39m[0m
[  85% ] [90m[1mreimport[22m | Preparing files to reimport...[39m[0m
[  85% ] [90m[1mreimport[22m | Preparing files to reimport...[39m[0m
[  85% ] [90m[1mreimport[22m | Preparing files to reimport...[39m[0m
[  85% ] [90m[1mreimport[22m | Preparing files to reimport...[39m[0m
[  85% ] [90m[1mreimport[22m | Preparing files to reimport...[39m[0m
[  85% ] [90m[1mreimport[22m | Preparing files to reimport...[39m[0m
[  85% ] [90m[1mreimport[22m | Preparing files to reimport...[39m[0m
[  85% ] [90m[1mreimport[22m | Preparing files to reimport...[39m[0m
[  86% ] [90m[1mreimport[22m | Preparing files to reimport...[39m[0m
[  86% ] [90m[1mreimport[22m | Preparing files to reimport...[39m[0m
[  86% ] [90m[1mreimport[22m | Preparing files to reimport...[39m[0m
[  86% ] [90m[1mreimport[22m | Preparing files to reimport...[39m[0m
[  86% ] [90m[1mreimport[22m | Preparing files to reimport...[39m[0m
[  86% ] [90m[1mreimport[22m | Preparing files to reimport...[39m[0m
[  86% ] [90m[1mreimport[22m | Preparing files to reimport...[39m[0m
[  86% ] [90m[1mreimport[22m | Preparing files to reimport...[39m[0m
[  86% ] [90m[1mreimport[22m | Preparing files to reimport...[39m[0m
[  87% ] [90m[1mreimport[22m | Preparing files to reimport...[39m[0m
[  87% ] [90m[1mreimport[22m | Preparing files to reimport...[39m[0m
[  87% ] [90m[1mreimport[22m | Preparing files to reimport...[39m[0m
[  87% ] [90m[1mreimport[22m | Preparing files to reimport...[39m[0m
[  87% ] [90m[1mreimport[22m | Preparing files to reimport...[39m[0m
[  87% ] [90m[1mreimport[22m | Preparing files to reimport...[39m[0m
[  87% ] [90m[1mreimport[22m | Preparing files to reimport...[39m[0m
[  87% ] [90m[1mreimport[22m | Preparing files to reimport...[39m[0m
[  87% ] [90m[1mreimport[22m | Preparing files to reimport...[39m[0m
[  87% ] [90m[1mreimport[22m | Preparing files to reimport...[39m[0m
[  88% ] [90m[1mreimport[22m | Preparing files to reimport...[39m[0m
[  88% ] [90m[1mreimport[22m | Preparing files to reimport...[39m[0m
[  88% ] [90m[1mreimport[22m | Preparing files to reimport...[39m[0m
[  88% ] [90m[1mreimport[22m | Preparing files to reimport...[39m[0m
[  88% ] [90m[1mreimport[22m | Preparing files to reimport...[39m[0m
[  88% ] [90m[1mreimport[22m | Preparing files to reimport...[39m[0m
[  88% ] [90m[1mreimport[22m | Preparing files to reimport...[39m[0m
[  88% ] [90m[1mreimport[22m | Preparing files to reimport...[39m[0m
[  88% ] [90m[1mreimport[22m | Preparing files to reimport...[39m[0m
[  89% ] [90m[1mreimport[22m | Preparing files to reimport...[39m[0m
[  89% ] [90m[1mreimport[22m | Preparing files to reimport...[39m[0m
[  89% ] [90m[1mreimport[22m | Preparing files to reimport...[39m[0m
[  89% ] [90m[1mreimport[22m | Preparing files to reimport...[39m[0m
[  89% ] [90m[1mreimport[22m | Preparing files to reimport...[39m[0m
[  89% ] [90m[1mreimport[22m | Preparing files to reimport...[39m[0m
[  89% ] [90m[1mreimport[22m | Preparing files to reimport...[39m[0m
[  89% ] [90m[1mreimport[22m | Preparing files to reimport...[39m[0m
[  89% ] [90m[1mreimport[22m | Preparing files to reimport...[39m[0m
[  89% ] [90m[1mreimport[22m | Preparing files to reimport...[39m[0m
[  90% ] [90m[1mreimport[22m | Preparing files to reimport...[39m[0m
[  90% ] [90m[1mreimport[22m | Preparing files to reimport...[39m[0m
[  90% ] [90m[1mreimport[22m | Preparing files to reimport...[39m[0m
[  90% ] [90m[1mreimport[22m | Preparing files to reimport...[39m[0m
[  90% ] [90m[1mreimport[22m | Preparing files to reimport...[39m[0m
[  90% ] [90m[1mreimport[22m | Preparing files to reimport...[39m[0m
[  90% ] [90m[1mreimport[22m | Preparing files to reimport...[39m[0m
[  90% ] [90m[1mreimport[22m | Preparing files to reimport...[39m[0m
[  90% ] [90m[1mreimport[22m | Preparing files to reimport...[39m[0m
[  91% ] [90m[1mreimport[22m | Preparing files to reimport...[39m[0m
[  91% ] [90m[1mreimport[22m | Preparing files to reimport...[39m[0m
[  91% ] [90m[1mreimport[22m | Preparing files to reimport...[39m[0m
[  91% ] [90m[1mreimport[22m | Preparing files to reimport...[39m[0m
[  91% ] [90m[1mreimport[22m | Preparing files to reimport...[39m[0m
[  91% ] [90m[1mreimport[22m | Preparing files to reimport...[39m[0m
[  91% ] [90m[1mreimport[22m | Preparing files to reimport...[39m[0m
[  91% ] [90m[1mreimport[22m | Preparing files to reimport...[39m[0m
[  91% ] [90m[1mreimport[22m | Preparing files to reimport...[39m[0m
[  91% ] [90m[1mreimport[22m | Preparing files to reimport...[39m[0m
[  92% ] [90m[1mreimport[22m | Preparing files to reimport...[39m[0m
[  92% ] [90m[1mreimport[22m | Preparing files to reimport...[39m[0m
[  92% ] [90m[1mreimport[22m | Preparing files to reimport...[39m[0m
[  92% ] [90m[1mreimport[22m | Preparing files to reimport...[39m[0m
[  92% ] [90m[1mreimport[22m | Preparing files to reimport...[39m[0m
[  92% ] [90m[1mreimport[22m | Preparing files to reimport...[39m[0m
[  92% ] [90m[1mreimport[22m | Preparing files to reimport...[39m[0m
[  92% ] [90m[1mreimport[22m | Preparing files to reimport...[39m[0m
[  92% ] [90m[1mreimport[22m | Preparing files to reimport...[39m[0m
[  93% ] [90m[1mreimport[22m | Preparing files to reimport...[39m[0m
[  93% ] [90m[1mreimport[22m | Preparing files to reimport...[39m[0m
[  93% ] [90m[1mreimport[22m | Preparing files to reimport...[39m[0m
[  93% ] [90m[1mreimport[22m | Preparing files to reimport...[39m[0m
[  93% ] [90m[1mreimport[22m | Preparing files to reimport...[39m[0m
[  93% ] [90m[1mreimport[22m | Preparing files to reimport...[39m[0m
[  93% ] [90m[1mreimport[22m | Preparing files to reimport...[39m[0m
[  93% ] [90m[1mreimport[22m | Preparing files to reimport...[39m[0m
[  93% ] [90m[1mreimport[22m | Preparing files to reimport...[39m[0m
[  93% ] [90m[1mreimport[22m | Preparing files to reimport...[39m[0m
[  94% ] [90m[1mreimport[22m | Preparing files to reimport...[39m[0m
[  94% ] [90m[1mreimport[22m | Preparing files to reimport...[39m[0m
[  94% ] [90m[1mreimport[22m | Preparing files to reimport...[39m[0m
[  94% ] [90m[1mreimport[22m | Preparing files to reimport...[39m[0m
[  94% ] [90m[1mreimport[22m | Preparing files to reimport...[39m[0m
[  94% ] [90m[1mreimport[22m | Preparing files to reimport...[39m[0m
[  94% ] [90m[1mreimport[22m | Preparing files to reimport...[39m[0m
[  94% ] [90m[1mreimport[22m | Preparing files to reimport...[39m[0m
[  94% ] [90m[1mreimport[22m | Preparing files to reimport...[39m[0m
[  95% ] [90m[1mreimport[22m | Preparing files to reimport...[39m[0m
[  95% ] [90m[1mreimport[22m | Preparing files to reimport...[39m[0m
[  95% ] [90m[1mreimport[22m | Preparing files to reimport...[39m[0m
[  95% ] [90m[1mreimport[22m | Preparing files to reimport...[39m[0m
[  95% ] [90m[1mreimport[22m | Preparing files to reimport...[39m[0m
[  95% ] [90m[1mreimport[22m | Preparing files to reimport...[39m[0m
[  95% ] [90m[1mreimport[22m | Preparing files to reimport...[39m[0m
[  95% ] [90m[1mreimport[22m | Preparing files to reimport...[39m[0m
[  95% ] [90m[1mreimport[22m | Preparing files to reimport...[39m[0m
[  95% ] [90m[1mreimport[22m | Preparing files to reimport...[39m[0m
[  96% ] [90m[1mreimport[22m | Preparing files to reimport...[39m[0m
[  96% ] [90m[1mreimport[22m | Preparing files to reimport...[39m[0m
[  96% ] [90m[1mreimport[22m | Preparing files to reimport...[39m[0m
[  96% ] [90m[1mreimport[22m | Preparing files to reimport...[39m[0m
[  96% ] [90m[1mreimport[22m | Preparing files to reimport...[39m[0m
[  96% ] [90m[1mreimport[22m | Preparing files to reimport...[39m[0m
[  96% ] [90m[1mreimport[22m | Preparing files to reimport...[39m[0m
[  96% ] [90m[1mreimport[22m | Preparing files to reimport...[39m[0m
[  96% ] [90m[1mreimport[22m | Preparing files to reimport...[39m[0m
[  97% ] [90m[1mreimport[22m | Preparing files to reimport...[39m[0m
[  97% ] [90m[1mreimport[22m | Preparing files to reimport...[39m[0m
[  97% ] [90m[1mreimport[22m | Preparing files to reimport...[39m[0m
[  97% ] [90m[1mreimport[22m | Preparing files to reimport...[39m[0m
[  97% ] [90m[1mreimport[22m | Preparing files to reimport...[39m[0m
[  97% ] [90m[1mreimport[22m | Preparing files to reimport...[39m[0m
[  97% ] [90m[1mreimport[22m | Preparing files to reimport...[39m[0m
[  97% ] [90m[1mreimport[22m | Preparing files to reimport...[39m[0m
[  97% ] [90m[1mreimport[22m | Preparing files to reimport...[39m[0m
[  97% ] [90m[1mreimport[22m | Preparing files to reimport...[39m[0m
[  98% ] [90m[1mreimport[22m | Preparing files to reimport...[39m[0m
[  98% ] [90m[1mreimport[22m | Preparing files to reimport...[39m[0m
[  98% ] [90m[1mreimport[22m | Preparing files to reimport...[39m[0m
[  98% ] [90m[1mreimport[22m | Preparing files to reimport...[39m[0m
[  98% ] [90m[1mreimport[22m | Preparing files to reimport...[39m[0m
[  98% ] [90m[1mreimport[22m | Preparing files to reimport...[39m[0m
[  98% ] [90m[1mreimport[22m | Preparing files to reimport...[39m[0m
[  98% ] [90m[1mreimport[22m | Preparing files to reimport...[39m[0m
[  98% ] [90m[1mreimport[22m | Preparing files to reimport...[39m[0m
[  99% ] [90m[1mreimport[22m | Preparing files to reimport...[39m[0m
[  99% ] [90m[1mreimport[22m | Preparing files to reimport...[39m[0m
[  99% ] [90m[1mreimport[22m | Preparing files to reimport...[39m[0m
[  99% ] [90m[1mreimport[22m | Preparing files to reimport...[39m[0m
[  99% ] [90m[1mreimport[22m | Preparing files to reimport...[39m[0m
[  99% ] [90m[1mreimport[22m | Preparing files to reimport...[39m[0m
[  99% ] [90m[1mreimport[22m | Preparing files to reimport...[39m[0m
[  99% ] [90m[1mreimport[22m | Preparing files to reimport...[39m[0m
[   0% ] [90m[1mreimport[22m | Executing pre-reimport operations...[39m[0m
[   0% ] [90m[1mreimport[22m | CREDITS.csv[39m[0m
[   0% ] [90m[1mreimport[22m | CREDITS.csv[39m[0m
res://vendor/azgaar/node_modules/three/examples/fonts/ttf/kenpixel.ttf: Pixel font detected, disabling subpixel positioning.
[   0% ] [90m[1mreimport[22m | kenpixel.ttf[39m[0m
[   0% ] [90m[1mreimport[22m | codicon-DCmgc-ay.ttf[39m[0m
[   0% ] [90m[1mreimport[22m | codicon-DCmgc-ay.ttf[39m[0m
[   0% ] [90m[1mreimport[22m | CREDITS.csv[39m[0m
[   0% ] [90m[1mreimport[22m | kenpixel.ttf[39m[0m
[   0% ] [90m[1mreimport[22m | codicon-DCmgc-ay.ttf[39m[0m
[   0% ] [90m[1mreimport[22m | codicon-DCmgc-ay.ttf[39m[0m
[   0% ] [90m[1mreimport[22m | codicon.DCmgc-ay.ttf[39m[0m
[   1% ] [90m[1mreimport[22m | 09-generated-region.png[39m[0m
[   1% ] [90m[1mreimport[22m | 10-generated-hometown.png[39m[0m
[   1% ] [90m[1mreimport[22m | confirmation-640x360.png[39m[0m
[   1% ] [90m[1mreimport[22m | confirmation-1280x720.png[39m[0m
[   1% ] [90m[1mreimport[22m | confirmation-2560x1440.png[39m[0m
[   1% ] [90m[1mreimport[22m | contact-sheet.png[39m[0m
[   1% ] [90m[1mreimport[22m | hometown-0-640x360.png[39m[0m
[   1% ] [90m[1mreimport[22m | hometown-0-1280x720.png[39m[0m
[   1% ] [90m[1mreimport[22m | hometown-1-640x360.png[39m[0m
[   2% ] [90m[1mreimport[22m | hometown-1-1280x720.png[39m[0m
[   2% ] [90m[1mreimport[22m | hometown-20-640x360.png[39m[0m
[   2% ] [90m[1mreimport[22m | hometown-20-1280x720.png[39m[0m
[   2% ] [90m[1mreimport[22m | origin-established.png[39m[0m
[   2% ] [90m[1mreimport[22m | confirmation-640x360.png[39m[0m
[   2% ] [90m[1mreimport[22m | confirmation-1280x720.png[39m[0m
[   2% ] [90m[1mreimport[22m | confirmation-2560x1440.png[39m[0m
[   2% ] [90m[1mreimport[22m | hometown-0-640x360.png[39m[0m
[   2% ] [90m[1mreimport[22m | hometown-0-1280x720.png[39m[0m
[   2% ] [90m[1mreimport[22m | hometown-0-2560x1440.png[39m[0m
[   3% ] [90m[1mreimport[22m | hometown-1-640x360.png[39m[0m
[   3% ] [90m[1mreimport[22m | hometown-1-1280x720.png[39m[0m
[   3% ] [90m[1mreimport[22m | hometown-1-2560x1440.png[39m[0m
[   3% ] [90m[1mreimport[22m | hometown-20-640x360.png[39m[0m
[   3% ] [90m[1mreimport[22m | hometown-20-1280x720.png[39m[0m
[   3% ] [90m[1mreimport[22m | hometown-20-2560x1440.png[39m[0m
[   3% ] [90m[1mreimport[22m | origin-established.png[39m[0m
[   3% ] [90m[1mreimport[22m | 07-established-640x360.png[39m[0m
[   3% ] [90m[1mreimport[22m | 07-established-2560x1440.png[39m[0m
[   4% ] [90m[1mreimport[22m | 08-no-hometowns.png[39m[0m
[   4% ] [90m[1mreimport[22m | 01-world-i.png[39m[0m
[   4% ] [90m[1mreimport[22m | 02-world-ii.png[39m[0m
[   4% ] [90m[1mreimport[22m | 03-generated-world.png[39m[0m
[   4% ] [90m[1mreimport[22m | confirm-640x360.png[39m[0m
[   4% ] [90m[1mreimport[22m | confirm-2560x1440.png[39m[0m
[   4% ] [90m[1mreimport[22m | confirm-coastal-port.png[39m[0m
[   4% ] [90m[1mreimport[22m | contact-sheet.png[39m[0m
[   4% ] [90m[1mreimport[22m | generated-hometown.png[39m[0m
[   4% ] [90m[1mreimport[22m | generated-region.png[39m[0m
[   5% ] [90m[1mreimport[22m | home-clustered.png[39m[0m
[   5% ] [90m[1mreimport[22m | home-coastal_port.png[39m[0m
[   5% ] [90m[1mreimport[22m | home-forest.png[39m[0m
[   5% ] [90m[1mreimport[22m | home-sparse.png[39m[0m
[   5% ] [90m[1mreimport[22m | home-unwalled.png[39m[0m
[   5% ] [90m[1mreimport[22m | home-walled.png[39m[0m
[   5% ] [90m[1mreimport[22m | origin-established.png[39m[0m
[   5% ] [90m[1mreimport[22m | region-coastal_port.png[39m[0m
[   5% ] [90m[1mreimport[22m | region-forest.png[39m[0m
[   6% ] [90m[1mreimport[22m | state-coastal_port.png[39m[0m
[   6% ] [90m[1mreimport[22m | state-forest.png[39m[0m
[   6% ] [90m[1mreimport[22m | 01-world-library.png[39m[0m
[   6% ] [90m[1mreimport[22m | 02-generate-action.png[39m[0m
[   6% ] [90m[1mreimport[22m | 03-generating.png[39m[0m
[   6% ] [90m[1mreimport[22m | 04-generated-library.png[39m[0m
[   6% ] [90m[1mreimport[22m | 05-generated-preview.png[39m[0m
[   6% ] [90m[1mreimport[22m | 06-delete-confirmation.png[39m[0m
[   6% ] [90m[1mreimport[22m | 07-world-deleted.png[39m[0m
[   6% ] [90m[1mreimport[22m | 08-deletion-blocked.png[39m[0m
[   7% ] [90m[1mreimport[22m | third-background-2560x1440.png[39m[0m
[   7% ] [90m[1mreimport[22m | consequence-640x360.png[39m[0m
[   7% ] [90m[1mreimport[22m | consequence-1280x720.png[39m[0m
[   7% ] [90m[1mreimport[22m | consequence-2560x1440.png[39m[0m
[   7% ] [90m[1mreimport[22m | fresh-generated-world.png[39m[0m
[   7% ] [90m[1mreimport[22m | hometown-640x360.png[39m[0m
[   7% ] [90m[1mreimport[22m | hometown-1280x720.png[39m[0m
[   7% ] [90m[1mreimport[22m | hometown-2560x1440.png[39m[0m
[   7% ] [90m[1mreimport[22m | known-site-map.png[39m[0m
[   8% ] [90m[1mreimport[22m | lead-640x360.png[39m[0m
[   8% ] [90m[1mreimport[22m | lead-1280x720.png[39m[0m
[   8% ] [90m[1mreimport[22m | lead-2560x1440.png[39m[0m
[   8% ] [90m[1mreimport[22m | main-menu-resume-expedition.png[39m[0m
[   8% ] [90m[1mreimport[22m | party-ready-handoff.png[39m[0m
[   8% ] [90m[1mreimport[22m | resumed-result-640x360.png[39m[0m
[   8% ] [90m[1mreimport[22m | resumed-result-1280x720.png[39m[0m
[   8% ] [90m[1mreimport[22m | resumed-result-2560x1440.png[39m[0m
[   8% ] [90m[1mreimport[22m | returned-hometown-640x360.png[39m[0m
[   8% ] [90m[1mreimport[22m | returned-hometown-1280x720.png[39m[0m
[   9% ] [90m[1mreimport[22m | returned-hometown-2560x1440.png[39m[0m
[   9% ] [90m[1mreimport[22m | rumour-before-640x360.png[39m[0m
[   9% ] [90m[1mreimport[22m | rumour-before-1280x720.png[39m[0m
[   9% ] [90m[1mreimport[22m | rumour-before-2560x1440.png[39m[0m
[   9% ] [90m[1mreimport[22m | rumour-discovered-640x360.png[39m[0m
[   9% ] [90m[1mreimport[22m | rumour-discovered-1280x720.png[39m[0m
[   9% ] [90m[1mreimport[22m | rumour-discovered-2560x1440.png[39m[0m
[   9% ] [90m[1mreimport[22m | site-options-640x360.png[39m[0m
[   9% ] [90m[1mreimport[22m | site-options-1280x720.png[39m[0m
[  10% ] [90m[1mreimport[22m | site-options-2560x1440.png[39m[0m
[  10% ] [90m[1mreimport[22m | confirm-640x360.png[39m[0m
[  10% ] [90m[1mreimport[22m | region-1-640x360.png[39m[0m
[  10% ] [90m[1mreimport[22m | region-1-1280x720.png[39m[0m
[  10% ] [90m[1mreimport[22m | region-1-2560x1440.png[39m[0m
[  10% ] [90m[1mreimport[22m | region-3-640x360.png[39m[0m
[  10% ] [90m[1mreimport[22m | region-3-1280x720.png[39m[0m
[  10% ] [90m[1mreimport[22m | region-3-2560x1440.png[39m[0m
[  10% ] [90m[1mreimport[22m | state-0-640x360.png[39m[0m
[  10% ] [90m[1mreimport[22m | state-0-1280x720.png[39m[0m
[  11% ] [90m[1mreimport[22m | state-0-2560x1440.png[39m[0m
[  11% ] [90m[1mreimport[22m | state-5-640x360.png[39m[0m
[  11% ] [90m[1mreimport[22m | state-5-1280x720.png[39m[0m
[  11% ] [90m[1mreimport[22m | state-5-2560x1440.png[39m[0m
[  11% ] [90m[1mreimport[22m | contact-sheet.png[39m[0m
[  11% ] [90m[1mreimport[22m | background-640x360.png[39m[0m
[  11% ] [90m[1mreimport[22m | background-1280x720.png[39m[0m
[  11% ] [90m[1mreimport[22m | background-2560x1440.png[39m[0m
[  11% ] [90m[1mreimport[22m | edited-name-2560x1440.png[39m[0m
[  12% ] [90m[1mreimport[22m | fresh-world-background-2560x1440.png[39m[0m
[  12% ] [90m[1mreimport[22m | fresh-world-party-2560x1440.png[39m[0m
[  12% ] [90m[1mreimport[22m | main-menu-resume-party.png[39m[0m
[  12% ] [90m[1mreimport[22m | main-menu.png[39m[0m
[  12% ] [90m[1mreimport[22m | origin-confirmation.png[39m[0m
[  12% ] [90m[1mreimport[22m | party-overview-640x360.png[39m[0m
[  12% ] [90m[1mreimport[22m | party-overview-1280x720.png[39m[0m
[  12% ] [90m[1mreimport[22m | party-overview-2560x1440.png[39m[0m
[  12% ] [90m[1mreimport[22m | party-ready-2560x1440.png[39m[0m
[  12% ] [90m[1mreimport[22m | people-popup-2560x1440.png[39m[0m
[  13% ] [90m[1mreimport[22m | regenerated-background-2560x1440.png[39m[0m
[  13% ] [90m[1mreimport[22m | resumed-party-ready.png[39m[0m
[  13% ] [90m[1mreimport[22m | second-background-2560x1440.png[39m[0m
[  13% ] [90m[1mreimport[22m | mine.svg[39m[0m
[  13% ] [90m[1mreimport[22m | mirage.svg[39m[0m
[  13% ] [90m[1mreimport[22m | monastery.svg[39m[0m
[  13% ] [90m[1mreimport[22m | necropolises.svg[39m[0m
[  13% ] [90m[1mreimport[22m | party.svg[39m[0m
[  13% ] [90m[1mreimport[22m | pirates.svg[39m[0m
[  14% ] [90m[1mreimport[22m | portals.svg[39m[0m
[  14% ] [90m[1mreimport[22m | rifts.svg[39m[0m
[  14% ] [90m[1mreimport[22m | ruins.svg[39m[0m
[  14% ] [90m[1mreimport[22m | sacred-forests.svg[39m[0m
[  14% ] [90m[1mreimport[22m | sacred-mountains.svg[39m[0m
[  14% ] [90m[1mreimport[22m | sacred-palm-groves.svg[39m[0m
[  14% ] [90m[1mreimport[22m | sacred-pineries.svg[39m[0m
[  14% ] [90m[1mreimport[22m | sea-monsters.svg[39m[0m
[  14% ] [90m[1mreimport[22m | statues.svg[39m[0m
[  14% ] [90m[1mreimport[22m | town.svg[39m[0m
[  15% ] [90m[1mreimport[22m | trading.svg[39m[0m
[  15% ] [90m[1mreimport[22m | unidentified.svg[39m[0m
[  15% ] [90m[1mreimport[22m | village.svg[39m[0m
[  15% ] [90m[1mreimport[22m | volcanoes.svg[39m[0m
[  15% ] [90m[1mreimport[22m | water-sources.svg[39m[0m
[  15% ] [90m[1mreimport[22m | waterfalls.svg[39m[0m
[  15% ] [90m[1mreimport[22m | cartographyPack_vector.svg[39m[0m
[  15% ] [90m[1mreimport[22m | capital.svg[39m[0m
[  15% ] [90m[1mreimport[22m | cave.svg[39m[0m
[  16% ] [90m[1mreimport[22m | city.svg[39m[0m
[  16% ] [90m[1mreimport[22m | fort.svg[39m[0m
[  16% ] [90m[1mreimport[22m | hamlet.svg[39m[0m
[  16% ] [90m[1mreimport[22m | lighthouse.svg[39m[0m
[  16% ] [90m[1mreimport[22m | spider.png[39m[0m
[  16% ] [90m[1mreimport[22m | Zombie.png[39m[0m
[  16% ] [90m[1mreimport[22m | Chest.png[39m[0m
[  16% ] [90m[1mreimport[22m | Character.png[39m[0m
[  16% ] [90m[1mreimport[22m | range_09.svg[39m[0m
[  16% ] [90m[1mreimport[22m | range_10.svg[39m[0m
[  17% ] [90m[1mreimport[22m | battlefields.svg[39m[0m
[  17% ] [90m[1mreimport[22m | bridges.svg[39m[0m
[  17% ] [90m[1mreimport[22m | brigands.svg[39m[0m
[  17% ] [90m[1mreimport[22m | canoes.svg[39m[0m
[  17% ] [90m[1mreimport[22m | capital.svg[39m[0m
[  17% ] [90m[1mreimport[22m | cave.svg[39m[0m
[  17% ] [90m[1mreimport[22m | circuses.svg[39m[0m
[  17% ] [90m[1mreimport[22m | city.svg[39m[0m
[  17% ] [90m[1mreimport[22m | dances.svg[39m[0m
[  18% ] [90m[1mreimport[22m | disturbed-burials.svg[39m[0m
[  18% ] [90m[1mreimport[22m | dungeons.svg[39m[0m
[  18% ] [90m[1mreimport[22m | encounters.svg[39m[0m
[  18% ] [90m[1mreimport[22m | fairs.svg[39m[0m
[  18% ] [90m[1mreimport[22m | fort.svg[39m[0m
[  18% ] [90m[1mreimport[22m | hamlet.svg[39m[0m
[  18% ] [90m[1mreimport[22m | hill-monsters.svg[39m[0m
[  18% ] [90m[1mreimport[22m | hot-springs.svg[39m[0m
[  18% ] [90m[1mreimport[22m | inns.svg[39m[0m
[  18% ] [90m[1mreimport[22m | jousts.svg[39m[0m
[  19% ] [90m[1mreimport[22m | lake-monsters.svg[39m[0m
[  19% ] [90m[1mreimport[22m | libraries.svg[39m[0m
[  19% ] [90m[1mreimport[22m | lighthouse.svg[39m[0m
[  19% ] [90m[1mreimport[22m | migration.svg[39m[0m
[  19% ] [90m[1mreimport[22m | atlas-showcase.png[39m[0m
[  19% ] [90m[1mreimport[22m | game-11-determinism.png[39m[0m
[  19% ] [90m[1mreimport[22m | battle-640x360.png[39m[0m
[  19% ] [90m[1mreimport[22m | battle-1280x720.png[39m[0m
[  19% ] [90m[1mreimport[22m | battle-2560x1440.png[39m[0m
[  20% ] [90m[1mreimport[22m | party-history.png[39m[0m
[  20% ] [90m[1mreimport[22m | regional-consequences.png[39m[0m
[  20% ] [90m[1mreimport[22m | site-encounter.png[39m[0m
[  20% ] [90m[1mreimport[22m | victory.png[39m[0m
[  20% ] [90m[1mreimport[22m | combat-640x360.png[39m[0m
[  20% ] [90m[1mreimport[22m | combat-1280x720.png[39m[0m
[  20% ] [90m[1mreimport[22m | combat-2560x1440.png[39m[0m
[  20% ] [90m[1mreimport[22m | defeat-results.png[39m[0m
[  20% ] [90m[1mreimport[22m | defeat.png[39m[0m
[  20% ] [90m[1mreimport[22m | expedition.png[39m[0m
[  21% ] [90m[1mreimport[22m | hometown-choice.png[39m[0m
[  21% ] [90m[1mreimport[22m | party-prepared.png[39m[0m
[  21% ] [90m[1mreimport[22m | party.png[39m[0m
[  21% ] [90m[1mreimport[22m | results.png[39m[0m
[  21% ] [90m[1mreimport[22m | returned-home.png[39m[0m
[  21% ] [90m[1mreimport[22m | site.png[39m[0m
[  21% ] [90m[1mreimport[22m | victory.png[39m[0m
[  21% ] [90m[1mreimport[22m | world-created.png[39m[0m
[  21% ] [90m[1mreimport[22m | 01-main-menu.png[39m[0m
[  22% ] [90m[1mreimport[22m | 02-world.png[39m[0m
[  22% ] [90m[1mreimport[22m | 03-region.png[39m[0m
[  22% ] [90m[1mreimport[22m | 04-hometown.png[39m[0m
[  22% ] [90m[1mreimport[22m | 05-confirm.png[39m[0m
[  22% ] [90m[1mreimport[22m | 06-established.png[39m[0m
[  22% ] [90m[1mreimport[22m | mine.svg[39m[0m
[  22% ] [90m[1mreimport[22m | monastery.svg[39m[0m
[  22% ] [90m[1mreimport[22m | ruins.svg[39m[0m
[  22% ] [90m[1mreimport[22m | town.svg[39m[0m
[  22% ] [90m[1mreimport[22m | trading.svg[39m[0m
[  23% ] [90m[1mreimport[22m | village.svg[39m[0m
[  23% ] [90m[1mreimport[22m | capital.svg[39m[0m
[  23% ] [90m[1mreimport[22m | cave.svg[39m[0m
[  23% ] [90m[1mreimport[22m | city.svg[39m[0m
[  23% ] [90m[1mreimport[22m | fort.svg[39m[0m
[  23% ] [90m[1mreimport[22m | hamlet.svg[39m[0m
[  23% ] [90m[1mreimport[22m | lighthouse.svg[39m[0m
[  23% ] [90m[1mreimport[22m | mine.svg[39m[0m
[  23% ] [90m[1mreimport[22m | monastery.svg[39m[0m
[  24% ] [90m[1mreimport[22m | ruins.svg[39m[0m
[  24% ] [90m[1mreimport[22m | town.svg[39m[0m
[  24% ] [90m[1mreimport[22m | trading.svg[39m[0m
[  24% ] [90m[1mreimport[22m | village.svg[39m[0m
[  24% ] [90m[1mreimport[22m | capital.svg[39m[0m
[  24% ] [90m[1mreimport[22m | cave.svg[39m[0m
[  24% ] [90m[1mreimport[22m | city.svg[39m[0m
[  24% ] [90m[1mreimport[22m | fort.svg[39m[0m
[  24% ] [90m[1mreimport[22m | hamlet.svg[39m[0m
[  25% ] [90m[1mreimport[22m | lighthouse.svg[39m[0m
[  25% ] [90m[1mreimport[22m | mine.svg[39m[0m
[  25% ] [90m[1mreimport[22m | monastery.svg[39m[0m
[  25% ] [90m[1mreimport[22m | ruins.svg[39m[0m
[  25% ] [90m[1mreimport[22m | town.svg[39m[0m
[  25% ] [90m[1mreimport[22m | trading.svg[39m[0m
[  25% ] [90m[1mreimport[22m | village.svg[39m[0m
WARNING: ImageLoaderSVG: Target canvas dimensions 51500×51500 (with scale 1.00) exceed the max supported dimensions 16384×16384. The target canvas will be scaled down.
   at: create_image_from_utf8_buffer (modules/svg/image_loader_svg.cpp:97)
[  25% ] [90m[1mreimport[22m | 128x128.png[39m[0m
[  25% ] [90m[1mreimport[22m | 256x256.png[39m[0m
WARNING: ImageLoaderSVG: Target canvas dimensions 51500×51500 (with scale 1.00) exceed the max supported dimensions 16384×16384. The target canvas will be scaled down.
   at: create_image_from_utf8_buffer (modules/svg/image_loader_svg.cpp:97)
[  25% ] [90m[1mreimport[22m | 512x512.png[39m[0m
WARNING: ImageLoaderSVG: Target canvas dimensions 51500×51500 (with scale 1.00) exceed the max supported dimensions 16384×16384. The target canvas will be scaled down.
   at: create_image_from_utf8_buffer (modules/svg/image_loader_svg.cpp:97)
[  25% ] [90m[1mreimport[22m | 512x512.png[39m[0m
[  25% ] [90m[1mreimport[22m | 512x512.png[39m[0m
[  25% ] [90m[1mreimport[22m | 512x512.png[39m[0m
[  25% ] [90m[1mreimport[22m | 512x512.png[39m[0m
[  25% ] [90m[1mreimport[22m | 512x512.png[39m[0m
[  25% ] [90m[1mreimport[22m | 512x512.png[39m[0m
[  25% ] [90m[1mreimport[22m | 512x512.png[39m[0m
[  25% ] [90m[1mreimport[22m | 512x512.png[39m[0m
[  25% ] [90m[1mreimport[22m | 512x512.png[39m[0m
[  25% ] [90m[1mreimport[22m | 512x512.png[39m[0m
[  25% ] [90m[1mreimport[22m | 512x512.png[39m[0m
[  25% ] [90m[1mreimport[22m | 512x512.png[39m[0m
[  25% ] [90m[1mreimport[22m | 512x512.png[39m[0m
[  25% ] [90m[1mreimport[22m | 512x512.png[39m[0m
[  25% ] [90m[1mreimport[22m | 512x512.png[39m[0m
[  25% ] [90m[1mreimport[22m | 512x512.png[39m[0m
[  25% ] [90m[1mreimport[22m | 512x512.png[39m[0m
[  25% ] [90m[1mreimport[22m | 512x512.png[39m[0m
[  25% ] [90m[1mreimport[22m | 512x512.png[39m[0m
[  25% ] [90m[1mreimport[22m | 512x512.png[39m[0m
[  25% ] [90m[1mreimport[22m | 512x512.png[39m[0m
[  25% ] [90m[1mreimport[22m | 512x512.png[39m[0m
[  25% ] [90m[1mreimport[22m | 512x512.png[39m[0m
[  25% ] [90m[1mreimport[22m | 512x512.png[39m[0m
[  25% ] [90m[1mreimport[22m | 512x512.png[39m[0m
[  25% ] [90m[1mreimport[22m | 512x512.png[39m[0m
[  25% ] [90m[1mreimport[22m | 512x512.png[39m[0m
[  25% ] [90m[1mreimport[22m | 512x512.png[39m[0m
[  25% ] [90m[1mreimport[22m | 512x512.png[39m[0m
[  25% ] [90m[1mreimport[22m | 512x512.png[39m[0m
[  25% ] [90m[1mreimport[22m | 512x512.png[39m[0m
[  25% ] [90m[1mreimport[22m | 512x512.png[39m[0m
[  25% ] [90m[1mreimport[22m | 512x512.png[39m[0m
[  25% ] [90m[1mreimport[22m | 512x512.png[39m[0m
[  25% ] [90m[1mreimport[22m | 512x512.png[39m[0m
[  25% ] [90m[1mreimport[22m | 512x512.png[39m[0m
[  25% ] [90m[1mreimport[22m | 512x512.png[39m[0m
[  25% ] [90m[1mreimport[22m | 512x512.png[39m[0m
[  25% ] [90m[1mreimport[22m | 512x512.png[39m[0m
[  25% ] [90m[1mreimport[22m | 512x512.png[39m[0m
[  25% ] [90m[1mreimport[22m | 512x512.png[39m[0m
[  25% ] [90m[1mreimport[22m | 512x512.png[39m[0m
[  26% ] [90m[1mreimport[22m | 1024x1024.png[39m[0m
[  26% ] [90m[1mreimport[22m | proton-native.svg[39m[0m
[  26% ] [90m[1mreimport[22m | appIcon.png[39m[0m
[  26% ] [90m[1mreimport[22m | appIcon.png[39m[0m
[  26% ] [90m[1mreimport[22m | firefox-1bWoP6pv.svg[39m[0m
[  26% ] [90m[1mreimport[22m | firefox-beta-k3eOH_eK.svg[39m[0m
[  26% ] [90m[1mreimport[22m | firefox-nightly-Cp5nfeDT.svg[39m[0m
[  26% ] [90m[1mreimport[22m | safari-na3_-uQk.svg[39m[0m
[  26% ] [90m[1mreimport[22m | playwright-logo.svg[39m[0m
[  27% ] [90m[1mreimport[22m | playwright-logo.svg[39m[0m
[  27% ] [90m[1mreimport[22m | playwright-logo.svg[39m[0m
[  27% ] [90m[1mreimport[22m | align-center.svg[39m[0m
[  27% ] [90m[1mreimport[22m | align-justify.svg[39m[0m
[  27% ] [90m[1mreimport[22m | align-left.svg[39m[0m
[  27% ] [90m[1mreimport[22m | align-right.svg[39m[0m
[  27% ] [90m[1mreimport[22m | attachment.svg[39m[0m
[  27% ] [90m[1mreimport[22m | audio.svg[39m[0m
[  27% ] [90m[1mreimport[22m | authorship.svg[39m[0m
[  27% ] [90m[1mreimport[22m | background.svg[39m[0m
[  28% ] [90m[1mreimport[22m | blockquote.svg[39m[0m
[  28% ] [90m[1mreimport[22m | bold.svg[39m[0m
[  28% ] [90m[1mreimport[22m | clean.svg[39m[0m
[  28% ] [90m[1mreimport[22m | code.svg[39m[0m
[  28% ] [90m[1mreimport[22m | color.svg[39m[0m
[  28% ] [90m[1mreimport[22m | comment.svg[39m[0m
[  28% ] [90m[1mreimport[22m | direction-ltr.svg[39m[0m
[  28% ] [90m[1mreimport[22m | resumed-result-2560x1440.png[39m[0m
[  28% ] [90m[1mreimport[22m | returned-hometown-640x360.png[39m[0m
[  29% ] [90m[1mreimport[22m | returned-hometown-1280x720.png[39m[0m
[  29% ] [90m[1mreimport[22m | returned-hometown-2560x1440.png[39m[0m
[  29% ] [90m[1mreimport[22m | rumour-before-640x360.png[39m[0m
[  29% ] [90m[1mreimport[22m | rumour-before-1280x720.png[39m[0m
[  29% ] [90m[1mreimport[22m | rumour-before-2560x1440.png[39m[0m
[  29% ] [90m[1mreimport[22m | rumour-discovered-640x360.png[39m[0m
[  29% ] [90m[1mreimport[22m | rumour-discovered-1280x720.png[39m[0m
[  29% ] [90m[1mreimport[22m | rumour-discovered-2560x1440.png[39m[0m
[  29% ] [90m[1mreimport[22m | site-options-640x360.png[39m[0m
[  29% ] [90m[1mreimport[22m | site-options-1280x720.png[39m[0m
[  30% ] [90m[1mreimport[22m | site-options-2560x1440.png[39m[0m
[  30% ] [90m[1mreimport[22m | CONTACT-SHEET.png[39m[0m
[  30% ] [90m[1mreimport[22m | atlas-showcase.relief.svg[39m[0m
[  30% ] [90m[1mreimport[22m | game-11-determinism.relief.svg[39m[0m
[  30% ] [90m[1mreimport[22m | bg.png[39m[0m
[  30% ] [90m[1mreimport[22m | favicon.svg[39m[0m
[  30% ] [90m[1mreimport[22m | favicon.svg[39m[0m
[  30% ] [90m[1mreimport[22m | 16x16.png[39m[0m
[  30% ] [90m[1mreimport[22m | 32x32.png[39m[0m
[  31% ] [90m[1mreimport[22m | 48x48.png[39m[0m
[  31% ] [90m[1mreimport[22m | 64x64.png[39m[0m
[  31% ] [90m[1mreimport[22m | 128x128.png[39m[0m
[  31% ] [90m[1mreimport[22m | 256x256.png[39m[0m
[  31% ] [90m[1mreimport[22m | 16x16.png[39m[0m
[  31% ] [90m[1mreimport[22m | 32x32.png[39m[0m
[  31% ] [90m[1mreimport[22m | 48x48.png[39m[0m
[  31% ] [90m[1mreimport[22m | 64x64.png[39m[0m
[  31% ] [90m[1mreimport[22m | size-decrease.svg[39m[0m
[  31% ] [90m[1mreimport[22m | size-increase.svg[39m[0m
[  32% ] [90m[1mreimport[22m | size.svg[39m[0m
[  32% ] [90m[1mreimport[22m | spacing.svg[39m[0m
[  32% ] [90m[1mreimport[22m | speech.svg[39m[0m
[  32% ] [90m[1mreimport[22m | strike.svg[39m[0m
[  32% ] [90m[1mreimport[22m | subscript.svg[39m[0m
[  32% ] [90m[1mreimport[22m | superscript.svg[39m[0m
[  32% ] [90m[1mreimport[22m | table-border-all.svg[39m[0m
[  32% ] [90m[1mreimport[22m | table-border-bottom.svg[39m[0m
[  32% ] [90m[1mreimport[22m | table-border-left.svg[39m[0m
[  33% ] [90m[1mreimport[22m | table-border-none.svg[39m[0m
[  33% ] [90m[1mreimport[22m | table-border-outside.svg[39m[0m
[  33% ] [90m[1mreimport[22m | table-border-right.svg[39m[0m
[  33% ] [90m[1mreimport[22m | table-border-top.svg[39m[0m
[  33% ] [90m[1mreimport[22m | table-delete-cells.svg[39m[0m
[  33% ] [90m[1mreimport[22m | table-delete-columns.svg[39m[0m
[  33% ] [90m[1mreimport[22m | table-delete-rows.svg[39m[0m
[  33% ] [90m[1mreimport[22m | table-insert-cells.svg[39m[0m
[  33% ] [90m[1mreimport[22m | table-insert-columns.svg[39m[0m
[  33% ] [90m[1mreimport[22m | table-insert-rows.svg[39m[0m
[  34% ] [90m[1mreimport[22m | table-merge-cells.svg[39m[0m
[  34% ] [90m[1mreimport[22m | table-unmerge-cells.svg[39m[0m
[  34% ] [90m[1mreimport[22m | table.svg[39m[0m
[  34% ] [90m[1mreimport[22m | underline.svg[39m[0m
[  34% ] [90m[1mreimport[22m | undo.svg[39m[0m
[  34% ] [90m[1mreimport[22m | video.svg[39m[0m
[  34% ] [90m[1mreimport[22m | favicon.png[39m[0m
[  34% ] [90m[1mreimport[22m | icon.svg[39m[0m
[  34% ] [90m[1mreimport[22m | direction-rtl.svg[39m[0m
[  35% ] [90m[1mreimport[22m | dropdown.svg[39m[0m
[  35% ] [90m[1mreimport[22m | embed.svg[39m[0m
[  35% ] [90m[1mreimport[22m | emoji.svg[39m[0m
[  35% ] [90m[1mreimport[22m | float-center.svg[39m[0m
[  35% ] [90m[1mreimport[22m | float-full.svg[39m[0m
[  35% ] [90m[1mreimport[22m | float-left.svg[39m[0m
[  35% ] [90m[1mreimport[22m | float-right.svg[39m[0m
[  35% ] [90m[1mreimport[22m | font.svg[39m[0m
[  35% ] [90m[1mreimport[22m | formula.svg[39m[0m
[  35% ] [90m[1mreimport[22m | hashtag.svg[39m[0m
[  36% ] [90m[1mreimport[22m | header-2.svg[39m[0m
[  36% ] [90m[1mreimport[22m | header-3.svg[39m[0m
[  36% ] [90m[1mreimport[22m | header-4.svg[39m[0m
[  36% ] [90m[1mreimport[22m | header-5.svg[39m[0m
[  36% ] [90m[1mreimport[22m | header-6.svg[39m[0m
[  36% ] [90m[1mreimport[22m | header.svg[39m[0m
[  36% ] [90m[1mreimport[22m | horizontal-rule.svg[39m[0m
[  36% ] [90m[1mreimport[22m | image.svg[39m[0m
[  36% ] [90m[1mreimport[22m | indent.svg[39m[0m
[  37% ] [90m[1mreimport[22m | italic.svg[39m[0m
[  37% ] [90m[1mreimport[22m | link.svg[39m[0m
[  37% ] [90m[1mreimport[22m | list-bullet.svg[39m[0m
[  37% ] [90m[1mreimport[22m | list-check.svg[39m[0m
[  37% ] [90m[1mreimport[22m | list-ordered.svg[39m[0m
[  37% ] [90m[1mreimport[22m | map.svg[39m[0m
[  37% ] [90m[1mreimport[22m | mention.svg[39m[0m
[  37% ] [90m[1mreimport[22m | more.svg[39m[0m
[  37% ] [90m[1mreimport[22m | outdent.svg[39m[0m
[  37% ] [90m[1mreimport[22m | redo.svg[39m[0m
[  38% ] [90m[1mreimport[22m | confirm-2560x1440.png[39m[0m
[  38% ] [90m[1mreimport[22m | confirm-coastal-port.png[39m[0m
[  38% ] [90m[1mreimport[22m | generated-hometown.png[39m[0m
[  38% ] [90m[1mreimport[22m | generated-region.png[39m[0m
[  38% ] [90m[1mreimport[22m | home-clustered.png[39m[0m
[  38% ] [90m[1mreimport[22m | home-coastal_port.png[39m[0m
[  38% ] [90m[1mreimport[22m | home-forest.png[39m[0m
[  38% ] [90m[1mreimport[22m | home-sparse.png[39m[0m
[  38% ] [90m[1mreimport[22m | home-unwalled.png[39m[0m
[  39% ] [90m[1mreimport[22m | home-walled.png[39m[0m
[  39% ] [90m[1mreimport[22m | origin-established.png[39m[0m
[  39% ] [90m[1mreimport[22m | region-coastal_port.png[39m[0m
[  39% ] [90m[1mreimport[22m | region-forest.png[39m[0m
[  39% ] [90m[1mreimport[22m | state-coastal_port.png[39m[0m
[  39% ] [90m[1mreimport[22m | state-forest.png[39m[0m
[  39% ] [90m[1mreimport[22m | consequence-640x360.png[39m[0m
[  39% ] [90m[1mreimport[22m | consequence-1280x720.png[39m[0m
[  39% ] [90m[1mreimport[22m | consequence-2560x1440.png[39m[0m
[  39% ] [90m[1mreimport[22m | fresh-generated-world.png[39m[0m
[  40% ] [90m[1mreimport[22m | hometown-640x360.png[39m[0m
[  40% ] [90m[1mreimport[22m | hometown-1280x720.png[39m[0m
[  40% ] [90m[1mreimport[22m | hometown-2560x1440.png[39m[0m
[  40% ] [90m[1mreimport[22m | known-site-map.png[39m[0m
[  40% ] [90m[1mreimport[22m | lead-640x360.png[39m[0m
[  40% ] [90m[1mreimport[22m | lead-1280x720.png[39m[0m
[  40% ] [90m[1mreimport[22m | lead-2560x1440.png[39m[0m
[  40% ] [90m[1mreimport[22m | main-menu-resume-expedition.png[39m[0m
[  40% ] [90m[1mreimport[22m | party-ready-handoff.png[39m[0m
[  41% ] [90m[1mreimport[22m | resumed-result-640x360.png[39m[0m
[  41% ] [90m[1mreimport[22m | confirm-1280x720.png[39m[0m
[  41% ] [90m[1mreimport[22m | confirm-2560x1440.png[39m[0m
[  41% ] [90m[1mreimport[22m | hometown-choice-640x360.png[39m[0m
[  41% ] [90m[1mreimport[22m | hometown-choice-1280x720.png[39m[0m
[  41% ] [90m[1mreimport[22m | hometown-choice-2560x1440.png[39m[0m
[  41% ] [90m[1mreimport[22m | main-menu-640x360.png[39m[0m
[  41% ] [90m[1mreimport[22m | main-menu-1280x720.png[39m[0m
[  41% ] [90m[1mreimport[22m | main-menu-2560x1440.png[39m[0m
[  41% ] [90m[1mreimport[22m | party-background-640x360.png[39m[0m
[  42% ] [90m[1mreimport[22m | party-background-1280x720.png[39m[0m
[  42% ] [90m[1mreimport[22m | party-background-2560x1440.png[39m[0m
[  42% ] [90m[1mreimport[22m | party-creation-640x360.png[39m[0m
[  42% ] [90m[1mreimport[22m | party-creation-1280x720.png[39m[0m
[  42% ] [90m[1mreimport[22m | party-creation-2560x1440.png[39m[0m
[  42% ] [90m[1mreimport[22m | party-ready-640x360.png[39m[0m
[  42% ] [90m[1mreimport[22m | party-ready-1280x720.png[39m[0m
[  42% ] [90m[1mreimport[22m | party-ready-2560x1440.png[39m[0m
[  42% ] [90m[1mreimport[22m | region-640x360.png[39m[0m
[  43% ] [90m[1mreimport[22m | region-1280x720.png[39m[0m
[  43% ] [90m[1mreimport[22m | region-2560x1440.png[39m[0m
[  43% ] [90m[1mreimport[22m | state-640x360.png[39m[0m
[  43% ] [90m[1mreimport[22m | state-1280x720.png[39m[0m
[  43% ] [90m[1mreimport[22m | state-2560x1440.png[39m[0m
[  43% ] [90m[1mreimport[22m | world-640x360.png[39m[0m
[  43% ] [90m[1mreimport[22m | world-1280x720.png[39m[0m
[  43% ] [90m[1mreimport[22m | world-2560x1440.png[39m[0m
[  43% ] [90m[1mreimport[22m | 01-world-i.png[39m[0m
[  43% ] [90m[1mreimport[22m | 02-world-ii.png[39m[0m
[  44% ] [90m[1mreimport[22m | 03-generated-world.png[39m[0m
[  44% ] [90m[1mreimport[22m | confirm-640x360.png[39m[0m
[  44% ] [90m[1mreimport[22m | party-ready-1280x720.png[39m[0m
[  44% ] [90m[1mreimport[22m | party-ready-2560x1440.png[39m[0m
[  44% ] [90m[1mreimport[22m | region-640x360.png[39m[0m
[  44% ] [90m[1mreimport[22m | region-1280x720.png[39m[0m
[  44% ] [90m[1mreimport[22m | region-2560x1440.png[39m[0m
[  44% ] [90m[1mreimport[22m | state-640x360.png[39m[0m
[  44% ] [90m[1mreimport[22m | state-1280x720.png[39m[0m
[  45% ] [90m[1mreimport[22m | state-2560x1440.png[39m[0m
[  45% ] [90m[1mreimport[22m | world-640x360.png[39m[0m
[  45% ] [90m[1mreimport[22m | world-1280x720.png[39m[0m
[  45% ] [90m[1mreimport[22m | world-2560x1440.png[39m[0m
[  45% ] [90m[1mreimport[22m | expedition-comparison.png[39m[0m
[  45% ] [90m[1mreimport[22m | onboarding-comparison.png[39m[0m
[  45% ] [90m[1mreimport[22m | consequence-640x360.png[39m[0m
[  45% ] [90m[1mreimport[22m | consequence-1280x720.png[39m[0m
[  45% ] [90m[1mreimport[22m | consequence-2560x1440.png[39m[0m
[  45% ] [90m[1mreimport[22m | fresh-generated-world.png[39m[0m
[  46% ] [90m[1mreimport[22m | hometown-640x360.png[39m[0m
[  46% ] [90m[1mreimport[22m | hometown-1280x720.png[39m[0m
[  46% ] [90m[1mreimport[22m | hometown-2560x1440.png[39m[0m
[  46% ] [90m[1mreimport[22m | known-site-map.png[39m[0m
[  46% ] [90m[1mreimport[22m | lead-640x360.png[39m[0m
[  46% ] [90m[1mreimport[22m | lead-1280x720.png[39m[0m
[  46% ] [90m[1mreimport[22m | lead-2560x1440.png[39m[0m
[  46% ] [90m[1mreimport[22m | main-menu-resume-expedition.png[39m[0m
[  46% ] [90m[1mreimport[22m | party-ready-handoff.png[39m[0m
[  47% ] [90m[1mreimport[22m | regression-resumed-ready-party-hometown.png[39m[0m
[  47% ] [90m[1mreimport[22m | resumed-result-640x360.png[39m[0m
[  47% ] [90m[1mreimport[22m | resumed-result-1280x720.png[39m[0m
[  47% ] [90m[1mreimport[22m | resumed-result-1280x720.png[39m[0m
[  47% ] [90m[1mreimport[22m | resumed-result-2560x1440.png[39m[0m
[  47% ] [90m[1mreimport[22m | returned-hometown-640x360.png[39m[0m
[  47% ] [90m[1mreimport[22m | returned-hometown-1280x720.png[39m[0m
[  47% ] [90m[1mreimport[22m | returned-hometown-2560x1440.png[39m[0m
[  47% ] [90m[1mreimport[22m | rumour-before-640x360.png[39m[0m
[  47% ] [90m[1mreimport[22m | rumour-before-1280x720.png[39m[0m
[  48% ] [90m[1mreimport[22m | rumour-before-2560x1440.png[39m[0m
[  48% ] [90m[1mreimport[22m | rumour-discovered-640x360.png[39m[0m
[  48% ] [90m[1mreimport[22m | rumour-discovered-1280x720.png[39m[0m
[  48% ] [90m[1mreimport[22m | rumour-discovered-2560x1440.png[39m[0m
[  48% ] [90m[1mreimport[22m | site-options-640x360.png[39m[0m
[  48% ] [90m[1mreimport[22m | site-options-1280x720.png[39m[0m
[  48% ] [90m[1mreimport[22m | site-options-2560x1440.png[39m[0m
[  48% ] [90m[1mreimport[22m | confirm-640x360.png[39m[0m
[  48% ] [90m[1mreimport[22m | confirm-1280x720.png[39m[0m
[  49% ] [90m[1mreimport[22m | confirm-2560x1440.png[39m[0m
[  49% ] [90m[1mreimport[22m | hometown-choice-640x360.png[39m[0m
[  49% ] [90m[1mreimport[22m | hometown-choice-1280x720.png[39m[0m
[  49% ] [90m[1mreimport[22m | hometown-choice-2560x1440.png[39m[0m
[  49% ] [90m[1mreimport[22m | main-menu-640x360.png[39m[0m
[  49% ] [90m[1mreimport[22m | main-menu-1280x720.png[39m[0m
[  49% ] [90m[1mreimport[22m | main-menu-2560x1440.png[39m[0m
[  49% ] [90m[1mreimport[22m | party-background-640x360.png[39m[0m
[  49% ] [90m[1mreimport[22m | party-background-1280x720.png[39m[0m
[  50% ] [90m[1mreimport[22m | party-background-2560x1440.png[39m[0m
[  50% ] [90m[1mreimport[22m | party-creation-640x360.png[39m[0m
[  50% ] [90m[1mreimport[22m | party-creation-1280x720.png[39m[0m
[  50% ] [90m[1mreimport[22m | party-creation-2560x1440.png[39m[0m
[  50% ] [90m[1mreimport[22m | party-ready-640x360.png[39m[0m
[  50% ] [90m[1mreimport[22m | knight_f_hit_anim_f0.png[39m[0m
[  50% ] [90m[1mreimport[22m | knight_f_idle_anim_f0.png[39m[0m
[  50% ] [90m[1mreimport[22m | knight_f_idle_anim_f1.png[39m[0m
[  50% ] [90m[1mreimport[22m | knight_f_idle_anim_f2.png[39m[0m
[  50% ] [90m[1mreimport[22m | knight_f_idle_anim_f3.png[39m[0m
[  51% ] [90m[1mreimport[22m | knight_f_run_anim_f0.png[39m[0m
[  51% ] [90m[1mreimport[22m | knight_f_run_anim_f1.png[39m[0m
[  51% ] [90m[1mreimport[22m | knight_f_run_anim_f2.png[39m[0m
[  51% ] [90m[1mreimport[22m | knight_f_run_anim_f3.png[39m[0m
[  51% ] [90m[1mreimport[22m | knight_m_hit_anim_f0.png[39m[0m
[  51% ] [90m[1mreimport[22m | knight_m_idle_anim_f0.png[39m[0m
[  51% ] [90m[1mreimport[22m | knight_m_idle_anim_f1.png[39m[0m
[  51% ] [90m[1mreimport[22m | knight_m_idle_anim_f2.png[39m[0m
[  51% ] [90m[1mreimport[22m | knight_m_idle_anim_f3.png[39m[0m
[  52% ] [90m[1mreimport[22m | knight_m_run_anim_f0.png[39m[0m
[  52% ] [90m[1mreimport[22m | knight_m_run_anim_f1.png[39m[0m
[  52% ] [90m[1mreimport[22m | knight_m_run_anim_f2.png[39m[0m
[  52% ] [90m[1mreimport[22m | knight_m_run_anim_f3.png[39m[0m
[  52% ] [90m[1mreimport[22m | lever_left.png[39m[0m
[  52% ] [90m[1mreimport[22m | lever_right.png[39m[0m
[  52% ] [90m[1mreimport[22m | lizard_f_hit_anim_f0.png[39m[0m
[  52% ] [90m[1mreimport[22m | lizard_f_idle_anim_f0.png[39m[0m
[  52% ] [90m[1mreimport[22m | lizard_f_idle_anim_f1.png[39m[0m
[  52% ] [90m[1mreimport[22m | lizard_f_idle_anim_f2.png[39m[0m
[  53% ] [90m[1mreimport[22m | lizard_f_idle_anim_f3.png[39m[0m
[  53% ] [90m[1mreimport[22m | lizard_f_run_anim_f0.png[39m[0m
[  53% ] [90m[1mreimport[22m | lizard_f_run_anim_f1.png[39m[0m
[  53% ] [90m[1mreimport[22m | lizard_f_run_anim_f2.png[39m[0m
[  53% ] [90m[1mreimport[22m | lizard_f_run_anim_f3.png[39m[0m
[  53% ] [90m[1mreimport[22m | floor_6.png[39m[0m
[  53% ] [90m[1mreimport[22m | floor_7.png[39m[0m
[  53% ] [90m[1mreimport[22m | floor_8.png[39m[0m
[  53% ] [90m[1mreimport[22m | floor_ladder.png[39m[0m
[  54% ] [90m[1mreimport[22m | floor_spikes_anim_f0.png[39m[0m
[  54% ] [90m[1mreimport[22m | floor_spikes_anim_f1.png[39m[0m
[  54% ] [90m[1mreimport[22m | floor_spikes_anim_f2.png[39m[0m
[  54% ] [90m[1mreimport[22m | floor_spikes_anim_f3.png[39m[0m
[  54% ] [90m[1mreimport[22m | floor_stairs.png[39m[0m
[  54% ] [90m[1mreimport[22m | goblin_idle_anim_f0.png[39m[0m
[  54% ] [90m[1mreimport[22m | goblin_idle_anim_f1.png[39m[0m
[  54% ] [90m[1mreimport[22m | goblin_idle_anim_f2.png[39m[0m
[  54% ] [90m[1mreimport[22m | goblin_idle_anim_f3.png[39m[0m
[  54% ] [90m[1mreimport[22m | goblin_run_anim_f0.png[39m[0m
[  55% ] [90m[1mreimport[22m | goblin_run_anim_f1.png[39m[0m
[  55% ] [90m[1mreimport[22m | goblin_run_anim_f2.png[39m[0m
[  55% ] [90m[1mreimport[22m | goblin_run_anim_f3.png[39m[0m
[  55% ] [90m[1mreimport[22m | hole.png[39m[0m
[  55% ] [90m[1mreimport[22m | ice_zombie_anim_f0.png[39m[0m
[  55% ] [90m[1mreimport[22m | ice_zombie_anim_f1.png[39m[0m
[  55% ] [90m[1mreimport[22m | ice_zombie_anim_f2.png[39m[0m
[  55% ] [90m[1mreimport[22m | ice_zombie_anim_f3.png[39m[0m
[  55% ] [90m[1mreimport[22m | imp_idle_anim_f0.png[39m[0m
[  56% ] [90m[1mreimport[22m | imp_idle_anim_f1.png[39m[0m
[  56% ] [90m[1mreimport[22m | imp_idle_anim_f2.png[39m[0m
[  56% ] [90m[1mreimport[22m | imp_idle_anim_f3.png[39m[0m
[  56% ] [90m[1mreimport[22m | imp_run_anim_f0.png[39m[0m
[  56% ] [90m[1mreimport[22m | imp_run_anim_f1.png[39m[0m
[  56% ] [90m[1mreimport[22m | imp_run_anim_f2.png[39m[0m
[  56% ] [90m[1mreimport[22m | imp_run_anim_f3.png[39m[0m
[  56% ] [90m[1mreimport[22m | ogre_run_anim_f1.png[39m[0m
[  56% ] [90m[1mreimport[22m | ogre_run_anim_f2.png[39m[0m
[  56% ] [90m[1mreimport[22m | ogre_run_anim_f3.png[39m[0m
[  57% ] [90m[1mreimport[22m | orc_shaman_idle_anim_f0.png[39m[0m
[  57% ] [90m[1mreimport[22m | orc_shaman_idle_anim_f1.png[39m[0m
[  57% ] [90m[1mreimport[22m | orc_shaman_idle_anim_f2.png[39m[0m
[  57% ] [90m[1mreimport[22m | orc_shaman_idle_anim_f3.png[39m[0m
[  57% ] [90m[1mreimport[22m | orc_shaman_run_anim_f0.png[39m[0m
[  57% ] [90m[1mreimport[22m | orc_shaman_run_anim_f1.png[39m[0m
[  57% ] [90m[1mreimport[22m | orc_shaman_run_anim_f2.png[39m[0m
[  57% ] [90m[1mreimport[22m | orc_shaman_run_anim_f3.png[39m[0m
[  57% ] [90m[1mreimport[22m | orc_warrior_idle_anim_f0.png[39m[0m
[  58% ] [90m[1mreimport[22m | orc_warrior_idle_anim_f1.png[39m[0m
[  58% ] [90m[1mreimport[22m | orc_warrior_idle_anim_f2.png[39m[0m
[  58% ] [90m[1mreimport[22m | orc_warrior_idle_anim_f3.png[39m[0m
[  58% ] [90m[1mreimport[22m | orc_warrior_run_anim_f0.png[39m[0m
[  58% ] [90m[1mreimport[22m | orc_warrior_run_anim_f1.png[39m[0m
[  58% ] [90m[1mreimport[22m | orc_warrior_run_anim_f2.png[39m[0m
[  58% ] [90m[1mreimport[22m | orc_warrior_run_anim_f3.png[39m[0m
[  58% ] [90m[1mreimport[22m | pumpkin_dude_idle_anim_f0.png[39m[0m
[  58% ] [90m[1mreimport[22m | pumpkin_dude_idle_anim_f1.png[39m[0m
[  58% ] [90m[1mreimport[22m | pumpkin_dude_idle_anim_f2.png[39m[0m
[  59% ] [90m[1mreimport[22m | pumpkin_dude_idle_anim_f3.png[39m[0m
[  59% ] [90m[1mreimport[22m | pumpkin_dude_run_anim_f0.png[39m[0m
[  59% ] [90m[1mreimport[22m | pumpkin_dude_run_anim_f1.png[39m[0m
[  59% ] [90m[1mreimport[22m | pumpkin_dude_run_anim_f2.png[39m[0m
[  59% ] [90m[1mreimport[22m | pumpkin_dude_run_anim_f3.png[39m[0m
[  59% ] [90m[1mreimport[22m | skelet_idle_anim_f0.png[39m[0m
[  59% ] [90m[1mreimport[22m | skelet_idle_anim_f1.png[39m[0m
[  59% ] [90m[1mreimport[22m | lizard_m_hit_anim_f0.png[39m[0m
[  59% ] [90m[1mreimport[22m | lizard_m_idle_anim_f0.png[39m[0m
[  60% ] [90m[1mreimport[22m | lizard_m_idle_anim_f1.png[39m[0m
[  60% ] [90m[1mreimport[22m | lizard_m_idle_anim_f2.png[39m[0m
[  60% ] [90m[1mreimport[22m | lizard_m_idle_anim_f3.png[39m[0m
[  60% ] [90m[1mreimport[22m | lizard_m_run_anim_f0.png[39m[0m
[  60% ] [90m[1mreimport[22m | lizard_m_run_anim_f1.png[39m[0m
[  60% ] [90m[1mreimport[22m | lizard_m_run_anim_f2.png[39m[0m
[  60% ] [90m[1mreimport[22m | lizard_m_run_anim_f3.png[39m[0m
[  60% ] [90m[1mreimport[22m | masked_orc_idle_anim_f0.png[39m[0m
[  60% ] [90m[1mreimport[22m | masked_orc_idle_anim_f1.png[39m[0m
[  60% ] [90m[1mreimport[22m | masked_orc_idle_anim_f2.png[39m[0m
[  61% ] [90m[1mreimport[22m | masked_orc_idle_anim_f3.png[39m[0m
[  61% ] [90m[1mreimport[22m | masked_orc_run_anim_f0.png[39m[0m
[  61% ] [90m[1mreimport[22m | masked_orc_run_anim_f1.png[39m[0m
[  61% ] [90m[1mreimport[22m | masked_orc_run_anim_f2.png[39m[0m
[  61% ] [90m[1mreimport[22m | masked_orc_run_anim_f3.png[39m[0m
[  61% ] [90m[1mreimport[22m | muddy_anim_f0.png[39m[0m
[  61% ] [90m[1mreimport[22m | muddy_anim_f1.png[39m[0m
[  61% ] [90m[1mreimport[22m | muddy_anim_f2.png[39m[0m
[  61% ] [90m[1mreimport[22m | muddy_anim_f3.png[39m[0m
[  62% ] [90m[1mreimport[22m | necromancer_anim_f0.png[39m[0m
[  62% ] [90m[1mreimport[22m | necromancer_anim_f1.png[39m[0m
[  62% ] [90m[1mreimport[22m | necromancer_anim_f2.png[39m[0m
[  62% ] [90m[1mreimport[22m | necromancer_anim_f3.png[39m[0m
[  62% ] [90m[1mreimport[22m | ogre_idle_anim_f0.png[39m[0m
[  62% ] [90m[1mreimport[22m | ogre_idle_anim_f1.png[39m[0m
[  62% ] [90m[1mreimport[22m | ogre_idle_anim_f2.png[39m[0m
[  62% ] [90m[1mreimport[22m | ogre_idle_anim_f3.png[39m[0m
[  62% ] [90m[1mreimport[22m | ogre_run_anim_f0.png[39m[0m
[  62% ] [90m[1mreimport[22m | button_red_up.png[39m[0m
[  63% ] [90m[1mreimport[22m | chest_empty_open_anim_f0.png[39m[0m
[  63% ] [90m[1mreimport[22m | chest_empty_open_anim_f1.png[39m[0m
[  63% ] [90m[1mreimport[22m | chest_empty_open_anim_f2.png[39m[0m
[  63% ] [90m[1mreimport[22m | chest_full_open_anim_f0.png[39m[0m
[  63% ] [90m[1mreimport[22m | chest_full_open_anim_f1.png[39m[0m
[  63% ] [90m[1mreimport[22m | chest_full_open_anim_f2.png[39m[0m
[  63% ] [90m[1mreimport[22m | chest_mimic_open_anim_f0.png[39m[0m
[  63% ] [90m[1mreimport[22m | chest_mimic_open_anim_f1.png[39m[0m
[  63% ] [90m[1mreimport[22m | chest_mimic_open_anim_f2.png[39m[0m
[  64% ] [90m[1mreimport[22m | chort_idle_anim_f0.png[39m[0m
[  64% ] [90m[1mreimport[22m | chort_idle_anim_f1.png[39m[0m
[  64% ] [90m[1mreimport[22m | chort_idle_anim_f2.png[39m[0m
[  64% ] [90m[1mreimport[22m | chort_idle_anim_f3.png[39m[0m
[  64% ] [90m[1mreimport[22m | chort_run_anim_f0.png[39m[0m
[  64% ] [90m[1mreimport[22m | chort_run_anim_f1.png[39m[0m
[  64% ] [90m[1mreimport[22m | chort_run_anim_f2.png[39m[0m
[  64% ] [90m[1mreimport[22m | chort_run_anim_f3.png[39m[0m
[  64% ] [90m[1mreimport[22m | coin_anim_f0.png[39m[0m
[  64% ] [90m[1mreimport[22m | coin_anim_f1.png[39m[0m
[  65% ] [90m[1mreimport[22m | coin_anim_f2.png[39m[0m
[  65% ] [90m[1mreimport[22m | coin_anim_f3.png[39m[0m
[  65% ] [90m[1mreimport[22m | column.png[39m[0m
[  65% ] [90m[1mreimport[22m | column_wall.png[39m[0m
[  65% ] [90m[1mreimport[22m | crate.png[39m[0m
[  65% ] [90m[1mreimport[22m | doc_idle_anim_f0.png[39m[0m
[  65% ] [90m[1mreimport[22m | doc_idle_anim_f1.png[39m[0m
[  65% ] [90m[1mreimport[22m | doc_idle_anim_f2.png[39m[0m
[  65% ] [90m[1mreimport[22m | doc_idle_anim_f3.png[39m[0m
[  66% ] [90m[1mreimport[22m | angel_idle_anim_f0.png[39m[0m
[  66% ] [90m[1mreimport[22m | angel_idle_anim_f1.png[39m[0m
[  66% ] [90m[1mreimport[22m | angel_idle_anim_f2.png[39m[0m
[  66% ] [90m[1mreimport[22m | angel_idle_anim_f3.png[39m[0m
[  66% ] [90m[1mreimport[22m | angel_run_anim_f0.png[39m[0m
[  66% ] [90m[1mreimport[22m | angel_run_anim_f1.png[39m[0m
[  66% ] [90m[1mreimport[22m | angel_run_anim_f2.png[39m[0m
[  66% ] [90m[1mreimport[22m | angel_run_anim_f3.png[39m[0m
[  66% ] [90m[1mreimport[22m | big_demon_idle_anim_f0.png[39m[0m
[  66% ] [90m[1mreimport[22m | big_demon_idle_anim_f1.png[39m[0m
[  67% ] [90m[1mreimport[22m | big_demon_idle_anim_f2.png[39m[0m
[  67% ] [90m[1mreimport[22m | big_demon_idle_anim_f3.png[39m[0m
[  67% ] [90m[1mreimport[22m | big_demon_run_anim_f0.png[39m[0m
[  67% ] [90m[1mreimport[22m | big_demon_run_anim_f1.png[39m[0m
[  67% ] [90m[1mreimport[22m | big_demon_run_anim_f2.png[39m[0m
[  67% ] [90m[1mreimport[22m | big_demon_run_anim_f3.png[39m[0m
[  67% ] [90m[1mreimport[22m | big_zombie_idle_anim_f0.png[39m[0m
[  67% ] [90m[1mreimport[22m | big_zombie_idle_anim_f1.png[39m[0m
[  67% ] [90m[1mreimport[22m | big_zombie_idle_anim_f2.png[39m[0m
[  68% ] [90m[1mreimport[22m | big_zombie_idle_anim_f3.png[39m[0m
[  68% ] [90m[1mreimport[22m | big_zombie_run_anim_f0.png[39m[0m
[  68% ] [90m[1mreimport[22m | big_zombie_run_anim_f1.png[39m[0m
[  68% ] [90m[1mreimport[22m | big_zombie_run_anim_f2.png[39m[0m
[  68% ] [90m[1mreimport[22m | big_zombie_run_anim_f3.png[39m[0m
[  68% ] [90m[1mreimport[22m | bomb_f0.png[39m[0m
[  68% ] [90m[1mreimport[22m | bomb_f1.png[39m[0m
[  68% ] [90m[1mreimport[22m | bomb_f2.png[39m[0m
[  68% ] [90m[1mreimport[22m | button_blue_down.png[39m[0m
[  68% ] [90m[1mreimport[22m | button_blue_up.png[39m[0m
[  69% ] [90m[1mreimport[22m | button_red_down.png[39m[0m
[  69% ] [90m[1mreimport[22m | elf_f_idle_anim_f1.png[39m[0m
[  69% ] [90m[1mreimport[22m | elf_f_idle_anim_f2.png[39m[0m
[  69% ] [90m[1mreimport[22m | elf_f_idle_anim_f3.png[39m[0m
[  69% ] [90m[1mreimport[22m | elf_f_run_anim_f0.png[39m[0m
[  69% ] [90m[1mreimport[22m | elf_f_run_anim_f1.png[39m[0m
[  69% ] [90m[1mreimport[22m | elf_f_run_anim_f2.png[39m[0m
[  69% ] [90m[1mreimport[22m | elf_f_run_anim_f3.png[39m[0m
[  69% ] [90m[1mreimport[22m | elf_m_hit_anim_f0.png[39m[0m
[  70% ] [90m[1mreimport[22m | elf_m_idle_anim_f0.png[39m[0m
[  70% ] [90m[1mreimport[22m | elf_m_idle_anim_f1.png[39m[0m
[  70% ] [90m[1mreimport[22m | elf_m_idle_anim_f2.png[39m[0m
[  70% ] [90m[1mreimport[22m | elf_m_idle_anim_f3.png[39m[0m
[  70% ] [90m[1mreimport[22m | elf_m_run_anim_f0.png[39m[0m
[  70% ] [90m[1mreimport[22m | elf_m_run_anim_f1.png[39m[0m
[  70% ] [90m[1mreimport[22m | elf_m_run_anim_f2.png[39m[0m
[  70% ] [90m[1mreimport[22m | elf_m_run_anim_f3.png[39m[0m
[  70% ] [90m[1mreimport[22m | flask_big_blue.png[39m[0m
[  70% ] [90m[1mreimport[22m | flask_big_green.png[39m[0m
[  71% ] [90m[1mreimport[22m | flask_big_red.png[39m[0m
[  71% ] [90m[1mreimport[22m | flask_big_yellow.png[39m[0m
[  71% ] [90m[1mreimport[22m | flask_blue.png[39m[0m
[  71% ] [90m[1mreimport[22m | flask_green.png[39m[0m
[  71% ] [90m[1mreimport[22m | flask_red.png[39m[0m
[  71% ] [90m[1mreimport[22m | flask_yellow.png[39m[0m
[  71% ] [90m[1mreimport[22m | floor_1.png[39m[0m
[  71% ] [90m[1mreimport[22m | floor_2.png[39m[0m
[  71% ] [90m[1mreimport[22m | floor_3.png[39m[0m
[  72% ] [90m[1mreimport[22m | floor_4.png[39m[0m
[  72% ] [90m[1mreimport[22m | floor_5.png[39m[0m
[  72% ] [90m[1mreimport[22m | doc_run_anim_f0.png[39m[0m
[  72% ] [90m[1mreimport[22m | doc_run_anim_f1.png[39m[0m
[  72% ] [90m[1mreimport[22m | doc_run_anim_f2.png[39m[0m
[  72% ] [90m[1mreimport[22m | doc_run_anim_f3.png[39m[0m
[  72% ] [90m[1mreimport[22m | doors_frame_left.png[39m[0m
[  72% ] [90m[1mreimport[22m | doors_frame_right.png[39m[0m
[  72% ] [90m[1mreimport[22m | doors_frame_top.png[39m[0m
[  72% ] [90m[1mreimport[22m | doors_leaf_closed.png[39m[0m
[  73% ] [90m[1mreimport[22m | doors_leaf_open.png[39m[0m
[  73% ] [90m[1mreimport[22m | dwarf_f_hit_anim_f0.png[39m[0m
[  73% ] [90m[1mreimport[22m | dwarf_f_idle_anim_f0.png[39m[0m
[  73% ] [90m[1mreimport[22m | dwarf_f_idle_anim_f1.png[39m[0m
[  73% ] [90m[1mreimport[22m | dwarf_f_idle_anim_f2.png[39m[0m
[  73% ] [90m[1mreimport[22m | dwarf_f_idle_anim_f3.png[39m[0m
[  73% ] [90m[1mreimport[22m | dwarf_f_run_anim_f0.png[39m[0m
[  73% ] [90m[1mreimport[22m | dwarf_f_run_anim_f1.png[39m[0m
[  73% ] [90m[1mreimport[22m | dwarf_f_run_anim_f2.png[39m[0m
[  74% ] [90m[1mreimport[22m | dwarf_f_run_anim_f3.png[39m[0m
[  74% ] [90m[1mreimport[22m | dwarf_m_hit_anim_f0.png[39m[0m
[  74% ] [90m[1mreimport[22m | dwarf_m_idle_anim_f0.png[39m[0m
[  74% ] [90m[1mreimport[22m | dwarf_m_idle_anim_f1.png[39m[0m
[  74% ] [90m[1mreimport[22m | dwarf_m_idle_anim_f2.png[39m[0m
[  74% ] [90m[1mreimport[22m | dwarf_m_idle_anim_f3.png[39m[0m
[  74% ] [90m[1mreimport[22m | dwarf_m_run_anim_f0.png[39m[0m
[  74% ] [90m[1mreimport[22m | dwarf_m_run_anim_f1.png[39m[0m
[  74% ] [90m[1mreimport[22m | dwarf_m_run_anim_f2.png[39m[0m
[  75% ] [90m[1mreimport[22m | dwarf_m_run_anim_f3.png[39m[0m
[  75% ] [90m[1mreimport[22m | edge_down.png[39m[0m
[  75% ] [90m[1mreimport[22m | elf_f_hit_anim_f0.png[39m[0m
[  75% ] [90m[1mreimport[22m | elf_f_idle_anim_f0.png[39m[0m
[  75% ] [90m[1mreimport[22m | slash.png[39m[0m
[  75% ] [90m[1mreimport[22m | spellcast.png[39m[0m
[  75% ] [90m[1mreimport[22m | walk.png[39m[0m
[  75% ] [90m[1mreimport[22m | hurt.png[39m[0m
[  75% ] [90m[1mreimport[22m | shoot.png[39m[0m
[  75% ] [90m[1mreimport[22m | slash.png[39m[0m
[  76% ] [90m[1mreimport[22m | spellcast.png[39m[0m
[  76% ] [90m[1mreimport[22m | walk.png[39m[0m
[  76% ] [90m[1mreimport[22m | hurt.png[39m[0m
[  76% ] [90m[1mreimport[22m | shoot.png[39m[0m
[  76% ] [90m[1mreimport[22m | slash.png[39m[0m
[  76% ] [90m[1mreimport[22m | spellcast.png[39m[0m
[  76% ] [90m[1mreimport[22m | walk.png[39m[0m
[  76% ] [90m[1mreimport[22m | purple.png[39m[0m
[  76% ] [90m[1mreimport[22m | purple.png[39m[0m
[  77% ] [90m[1mreimport[22m | purple.png[39m[0m
[  77% ] [90m[1mreimport[22m | purple.png[39m[0m
[  77% ] [90m[1mreimport[22m | purple.png[39m[0m
[  77% ] [90m[1mreimport[22m | hurt.png[39m[0m
[  77% ] [90m[1mreimport[22m | shoot.png[39m[0m
[  77% ] [90m[1mreimport[22m | slash.png[39m[0m
[  77% ] [90m[1mreimport[22m | spellcast.png[39m[0m
[  77% ] [90m[1mreimport[22m | walk.png[39m[0m
[  77% ] [90m[1mreimport[22m | hurt.png[39m[0m
[  77% ] [90m[1mreimport[22m | shoot.png[39m[0m
[  78% ] [90m[1mreimport[22m | slash.png[39m[0m
[  78% ] [90m[1mreimport[22m | spellcast.png[39m[0m
[  78% ] [90m[1mreimport[22m | walk.png[39m[0m
[  78% ] [90m[1mreimport[22m | hurt.png[39m[0m
[  78% ] [90m[1mreimport[22m | wizzard_m_run_anim_f1.png[39m[0m
[  78% ] [90m[1mreimport[22m | wizzard_m_run_anim_f2.png[39m[0m
[  78% ] [90m[1mreimport[22m | wizzard_m_run_anim_f3.png[39m[0m
[  78% ] [90m[1mreimport[22m | wogol_idle_anim_f0.png[39m[0m
[  78% ] [90m[1mreimport[22m | wogol_idle_anim_f1.png[39m[0m
[  79% ] [90m[1mreimport[22m | wogol_idle_anim_f2.png[39m[0m
[  79% ] [90m[1mreimport[22m | wogol_idle_anim_f3.png[39m[0m
[  79% ] [90m[1mreimport[22m | wogol_run_anim_f0.png[39m[0m
[  79% ] [90m[1mreimport[22m | wogol_run_anim_f1.png[39m[0m
[  79% ] [90m[1mreimport[22m | wogol_run_anim_f2.png[39m[0m
[  79% ] [90m[1mreimport[22m | wogol_run_anim_f3.png[39m[0m
[  79% ] [90m[1mreimport[22m | zombie_anim_f1.png[39m[0m
[  79% ] [90m[1mreimport[22m | zombie_anim_f2.png[39m[0m
[  79% ] [90m[1mreimport[22m | zombie_anim_f3.png[39m[0m
[  79% ] [90m[1mreimport[22m | zombie_anim_f10.png[39m[0m
[  80% ] [90m[1mreimport[22m | 0x72_DungeonTilesetII_v1.7.png[39m[0m
[  80% ] [90m[1mreimport[22m | atlas_floor-16x16.png[39m[0m
[  80% ] [90m[1mreimport[22m | atlas_walls_high-16x32.png[39m[0m
[  80% ] [90m[1mreimport[22m | atlas_walls_low-16x16.png[39m[0m
[  80% ] [90m[1mreimport[22m | roguelikeChar_magenta.png[39m[0m
[  80% ] [90m[1mreimport[22m | roguelikeChar_transparent.png[39m[0m
[  80% ] [90m[1mreimport[22m | Preview.png[39m[0m
[  80% ] [90m[1mreimport[22m | Sample.png[39m[0m
[  80% ] [90m[1mreimport[22m | hurt.png[39m[0m
[  81% ] [90m[1mreimport[22m | shoot.png[39m[0m
[  81% ] [90m[1mreimport[22m | slash.png[39m[0m
[  81% ] [90m[1mreimport[22m | spellcast.png[39m[0m
[  81% ] [90m[1mreimport[22m | walk.png[39m[0m
[  81% ] [90m[1mreimport[22m | hurt.png[39m[0m
[  81% ] [90m[1mreimport[22m | shoot.png[39m[0m
[  81% ] [90m[1mreimport[22m | 1hhammer.png[39m[0m
[  81% ] [90m[1mreimport[22m | 1hmace.png[39m[0m
[  81% ] [90m[1mreimport[22m | chainhelm.png[39m[0m
[  81% ] [90m[1mreimport[22m | Chainmail.png[39m[0m
[  82% ] [90m[1mreimport[22m | doubleaxe.png[39m[0m
[  82% ] [90m[1mreimport[22m | hammer.png[39m[0m
[  82% ] [90m[1mreimport[22m | helmet.png[39m[0m
[  82% ] [90m[1mreimport[22m | leatherchest.png[39m[0m
[  82% ] [90m[1mreimport[22m | leatherhood2.png[39m[0m
[  82% ] [90m[1mreimport[22m | leatherhood.png[39m[0m
[  82% ] [90m[1mreimport[22m | leatherpants.png[39m[0m
[  82% ] [90m[1mreimport[22m | mask.png[39m[0m
[  82% ] [90m[1mreimport[22m | Shield.png[39m[0m
[  83% ] [90m[1mreimport[22m | steelchest.png[39m[0m
[  83% ] [90m[1mreimport[22m | steelgloves.png[39m[0m
[  83% ] [90m[1mreimport[22m | steelgreathelm.png[39m[0m
[  83% ] [90m[1mreimport[22m | steelpants.png[39m[0m
[  83% ] [90m[1mreimport[22m | steelsword.png[39m[0m
[  83% ] [90m[1mreimport[22m | strawhat.png[39m[0m
[  83% ] [90m[1mreimport[22m | Sword.png[39m[0m
[  83% ] [90m[1mreimport[22m | towershieldsteel.png[39m[0m
[  83% ] [90m[1mreimport[22m | wizardhat.png[39m[0m
[  83% ] [90m[1mreimport[22m | Bone.png[39m[0m
[  84% ] [90m[1mreimport[22m | ZombieHead.png[39m[0m
[  84% ] [90m[1mreimport[22m | Eyeball.png[39m[0m
[  84% ] [90m[1mreimport[22m | Ghost.png[39m[0m
[  84% ] [90m[1mreimport[22m | goblin.png[39m[0m
[  84% ] [90m[1mreimport[22m | golem.png[39m[0m
[  84% ] [90m[1mreimport[22m | Skeleton.png[39m[0m
[  84% ] [90m[1mreimport[22m | shoot.png[39m[0m
[  84% ] [90m[1mreimport[22m | slash.png[39m[0m
[  84% ] [90m[1mreimport[22m | spellcast.png[39m[0m
[  85% ] [90m[1mreimport[22m | walk.png[39m[0m
[  85% ] [90m[1mreimport[22m | hurt.png[39m[0m
[  85% ] [90m[1mreimport[22m | shoot.png[39m[0m
[  85% ] [90m[1mreimport[22m | slash.png[39m[0m
[  85% ] [90m[1mreimport[22m | spellcast.png[39m[0m
[  85% ] [90m[1mreimport[22m | walk.png[39m[0m
[  85% ] [90m[1mreimport[22m | purple.png[39m[0m
[  85% ] [90m[1mreimport[22m | purple.png[39m[0m
[  85% ] [90m[1mreimport[22m | purple.png[39m[0m
[  85% ] [90m[1mreimport[22m | purple.png[39m[0m
[  86% ] [90m[1mreimport[22m | purple.png[39m[0m
[  86% ] [90m[1mreimport[22m | cane.png[39m[0m
[  86% ] [90m[1mreimport[22m | shoot.png[39m[0m
[  86% ] [90m[1mreimport[22m | shoot.png[39m[0m
[  86% ] [90m[1mreimport[22m | longsword.png[39m[0m
[  86% ] [90m[1mreimport[22m | longsword.png[39m[0m
[  86% ] [90m[1mreimport[22m | blonde2.png[39m[0m
[  86% ] [90m[1mreimport[22m | blonde3.png[39m[0m
[  86% ] [90m[1mreimport[22m | blonde4.png[39m[0m
[  87% ] [90m[1mreimport[22m | blonde.png[39m[0m
[  87% ] [90m[1mreimport[22m | Slash_Cyan.png[39m[0m
[  87% ] [90m[1mreimport[22m | Slash_Magenta.png[39m[0m
[  87% ] [90m[1mreimport[22m | Slash_Orange.png[39m[0m
[  87% ] [90m[1mreimport[22m | Slash_Red.png[39m[0m
[  87% ] [90m[1mreimport[22m | Slash_White.png[39m[0m
[  87% ] [90m[1mreimport[22m | Slash_Yellow.png[39m[0m
[  87% ] [90m[1mreimport[22m | 1haxe.png[39m[0m
[  87% ] [90m[1mreimport[22m | wall_banner_blue.png[39m[0m
[  87% ] [90m[1mreimport[22m | wall_banner_green.png[39m[0m
[  88% ] [90m[1mreimport[22m | wall_banner_red.png[39m[0m
[  88% ] [90m[1mreimport[22m | wall_banner_yellow.png[39m[0m
[  88% ] [90m[1mreimport[22m | wall_edge_bottom_left.png[39m[0m
[  88% ] [90m[1mreimport[22m | wall_edge_bottom_right.png[39m[0m
[  88% ] [90m[1mreimport[22m | wall_edge_left.png[39m[0m
[  88% ] [90m[1mreimport[22m | wall_edge_mid_left.png[39m[0m
[  88% ] [90m[1mreimport[22m | wall_edge_mid_right.png[39m[0m
[  88% ] [90m[1mreimport[22m | wall_edge_right.png[39m[0m
[  88% ] [90m[1mreimport[22m | wall_edge_top_left.png[39m[0m
[  89% ] [90m[1mreimport[22m | wall_edge_top_right.png[39m[0m
[  89% ] [90m[1mreimport[22m | wall_edge_tshape_bottom_left.png[39m[0m
[  89% ] [90m[1mreimport[22m | wall_edge_tshape_bottom_right.png[39m[0m
[  89% ] [90m[1mreimport[22m | wall_edge_tshape_left.png[39m[0m
[  89% ] [90m[1mreimport[22m | wall_edge_tshape_right.png[39m[0m
[  89% ] [90m[1mreimport[22m | wall_fountain_basin_blue_anim_f0.png[39m[0m
[  89% ] [90m[1mreimport[22m | wall_fountain_basin_blue_anim_f1.png[39m[0m
[  89% ] [90m[1mreimport[22m | wall_fountain_basin_blue_anim_f2.png[39m[0m
[  89% ] [90m[1mreimport[22m | wall_fountain_basin_red_anim_f0.png[39m[0m
[  89% ] [90m[1mreimport[22m | wall_fountain_basin_red_anim_f1.png[39m[0m
[  90% ] [90m[1mreimport[22m | wall_fountain_basin_red_anim_f2.png[39m[0m
[  90% ] [90m[1mreimport[22m | wall_fountain_mid_blue_anim_f0.png[39m[0m
[  90% ] [90m[1mreimport[22m | wall_fountain_mid_blue_anim_f1.png[39m[0m
[  90% ] [90m[1mreimport[22m | wall_fountain_mid_blue_anim_f2.png[39m[0m
[  90% ] [90m[1mreimport[22m | wall_fountain_mid_red_anim_f0.png[39m[0m
[  90% ] [90m[1mreimport[22m | wall_fountain_mid_red_anim_f1.png[39m[0m
[  90% ] [90m[1mreimport[22m | wall_fountain_mid_red_anim_f2.png[39m[0m
[  90% ] [90m[1mreimport[22m | wall_fountain_top_1.png[39m[0m
[  90% ] [90m[1mreimport[22m | skelet_idle_anim_f2.png[39m[0m
[  91% ] [90m[1mreimport[22m | skelet_idle_anim_f3.png[39m[0m
[  91% ] [90m[1mreimport[22m | skelet_run_anim_f0.png[39m[0m
[  91% ] [90m[1mreimport[22m | skelet_run_anim_f1.png[39m[0m
[  91% ] [90m[1mreimport[22m | skelet_run_anim_f2.png[39m[0m
[  91% ] [90m[1mreimport[22m | skelet_run_anim_f3.png[39m[0m
[  91% ] [90m[1mreimport[22m | skull.png[39m[0m
[  91% ] [90m[1mreimport[22m | slug_anim_f0.png[39m[0m
[  91% ] [90m[1mreimport[22m | slug_anim_f1.png[39m[0m
[  91% ] [90m[1mreimport[22m | slug_anim_f2.png[39m[0m
[  91% ] [90m[1mreimport[22m | slug_anim_f3.png[39m[0m
[  92% ] [90m[1mreimport[22m | swampy_anim_f0.png[39m[0m
[  92% ] [90m[1mreimport[22m | swampy_anim_f1.png[39m[0m
[  92% ] [90m[1mreimport[22m | swampy_anim_f2.png[39m[0m
[  92% ] [90m[1mreimport[22m | swampy_anim_f3.png[39m[0m
[  92% ] [90m[1mreimport[22m | tiny_slug_anim_f0.png[39m[0m
[  92% ] [90m[1mreimport[22m | tiny_slug_anim_f1.png[39m[0m
[  92% ] [90m[1mreimport[22m | tiny_slug_anim_f2.png[39m[0m
[  92% ] [90m[1mreimport[22m | tiny_slug_anim_f3.png[39m[0m
[  92% ] [90m[1mreimport[22m | tiny_zombie_idle_anim_f0.png[39m[0m
[  93% ] [90m[1mreimport[22m | tiny_zombie_idle_anim_f1.png[39m[0m
[  93% ] [90m[1mreimport[22m | tiny_zombie_idle_anim_f2.png[39m[0m
[  93% ] [90m[1mreimport[22m | tiny_zombie_idle_anim_f3.png[39m[0m
[  93% ] [90m[1mreimport[22m | tiny_zombie_run_anim_f0.png[39m[0m
[  93% ] [90m[1mreimport[22m | tiny_zombie_run_anim_f1.png[39m[0m
[  93% ] [90m[1mreimport[22m | tiny_zombie_run_anim_f2.png[39m[0m
[  93% ] [90m[1mreimport[22m | tiny_zombie_run_anim_f3.png[39m[0m
[  93% ] [90m[1mreimport[22m | ui_heart_empty.png[39m[0m
[  93% ] [90m[1mreimport[22m | ui_heart_full.png[39m[0m
[  93% ] [90m[1mreimport[22m | ui_heart_half.png[39m[0m
[  94% ] [90m[1mreimport[22m | weapon_hammer.png[39m[0m
[  94% ] [90m[1mreimport[22m | weapon_katana.png[39m[0m
[  94% ] [90m[1mreimport[22m | weapon_knife.png[39m[0m
[  94% ] [90m[1mreimport[22m | weapon_knight_sword.png[39m[0m
[  94% ] [90m[1mreimport[22m | weapon_lavish_sword.png[39m[0m
[  94% ] [90m[1mreimport[22m | weapon_mace.png[39m[0m
[  94% ] [90m[1mreimport[22m | weapon_machete.png[39m[0m
[  94% ] [90m[1mreimport[22m | weapon_red_gem_sword.png[39m[0m
[  94% ] [90m[1mreimport[22m | weapon_red_magic_staff.png[39m[0m
[  95% ] [90m[1mreimport[22m | weapon_regular_sword.png[39m[0m
[  95% ] [90m[1mreimport[22m | weapon_rusty_sword.png[39m[0m
[  95% ] [90m[1mreimport[22m | weapon_saw_sword.png[39m[0m
[  95% ] [90m[1mreimport[22m | weapon_spear.png[39m[0m
[  95% ] [90m[1mreimport[22m | weapon_throwing_axe.png[39m[0m
[  95% ] [90m[1mreimport[22m | weapon_waraxe.png[39m[0m
[  95% ] [90m[1mreimport[22m | wizzard_f_hit_anim_f0.png[39m[0m
[  95% ] [90m[1mreimport[22m | wizzard_f_idle_anim_f0.png[39m[0m
[  95% ] [90m[1mreimport[22m | wizzard_f_idle_anim_f1.png[39m[0m
[  95% ] [90m[1mreimport[22m | wizzard_f_idle_anim_f2.png[39m[0m
[  96% ] [90m[1mreimport[22m | wizzard_f_idle_anim_f3.png[39m[0m
[  96% ] [90m[1mreimport[22m | wizzard_f_run_anim_f0.png[39m[0m
[  96% ] [90m[1mreimport[22m | wizzard_f_run_anim_f1.png[39m[0m
[  96% ] [90m[1mreimport[22m | wizzard_f_run_anim_f2.png[39m[0m
[  96% ] [90m[1mreimport[22m | wizzard_f_run_anim_f3.png[39m[0m
[  96% ] [90m[1mreimport[22m | wizzard_m_hit_anim_f0.png[39m[0m
[  96% ] [90m[1mreimport[22m | wizzard_m_idle_anim_f0.png[39m[0m
[  96% ] [90m[1mreimport[22m | wizzard_m_idle_anim_f1.png[39m[0m
[  96% ] [90m[1mreimport[22m | wizzard_m_idle_anim_f2.png[39m[0m
[  97% ] [90m[1mreimport[22m | wizzard_m_idle_anim_f3.png[39m[0m
[  97% ] [90m[1mreimport[22m | wizzard_m_run_anim_f0.png[39m[0m
[  97% ] [90m[1mreimport[22m | wall_fountain_top_2.png[39m[0m
[  97% ] [90m[1mreimport[22m | wall_fountain_top_3.png[39m[0m
[  97% ] [90m[1mreimport[22m | wall_goo.png[39m[0m
[  97% ] [90m[1mreimport[22m | wall_goo_base.png[39m[0m
[  97% ] [90m[1mreimport[22m | wall_hole_1.png[39m[0m
[  97% ] [90m[1mreimport[22m | wall_hole_2.png[39m[0m
[  97% ] [90m[1mreimport[22m | wall_left.png[39m[0m
[  97% ] [90m[1mreimport[22m | wall_mid.png[39m[0m
[  98% ] [90m[1mreimport[22m | wall_outer_front_left.png[39m[0m
[  98% ] [90m[1mreimport[22m | wall_outer_front_right.png[39m[0m
[  98% ] [90m[1mreimport[22m | wall_outer_mid_left.png[39m[0m
[  98% ] [90m[1mreimport[22m | wall_outer_mid_right.png[39m[0m
[  98% ] [90m[1mreimport[22m | wall_outer_top_left.png[39m[0m
[  98% ] [90m[1mreimport[22m | wall_outer_top_right.png[39m[0m
[  98% ] [90m[1mreimport[22m | wall_right.png[39m[0m
[  98% ] [90m[1mreimport[22m | wall_top_left.png[39m[0m
[  98% ] [90m[1mreimport[22m | wall_top_mid.png[39m[0m
[  99% ] [90m[1mreimport[22m | wall_top_right.png[39m[0m
[  99% ] [90m[1mreimport[22m | weapon_anime_sword.png[39m[0m
[  99% ] [90m[1mreimport[22m | weapon_arrow.png[39m[0m
[  99% ] [90m[1mreimport[22m | weapon_axe.png[39m[0m
[  99% ] [90m[1mreimport[22m | weapon_baton_with_spikes.png[39m[0m
[  99% ] [90m[1mreimport[22m | weapon_big_hammer.png[39m[0m
[  99% ] [90m[1mreimport[22m | weapon_bow.png[39m[0m
[  99% ] [90m[1mreimport[22m | weapon_bow_2.png[39m[0m
[  99% ] [90m[1mreimport[22m | Finalizing Asset Import...[39m[0m
[92m[ DONE ][39m [1mreimport[22m
[0m
[   0% ] [90m[1mreimport[22m | Started (Re)Importing Assets (947 steps)[39m[0m
[   0% ] [90m[1mreimport[22m | Executing post-reimport operations...[39m[0m
[92m[ DONE ][39m [1mreimport[22m
[0m
[   0% ] [90m[1mloading_editor_layout[22m | Started Loading editor (5 steps)[39m[0m
[   0% ] [90m[1mloading_editor_layout[22m | Loading editor layout...[39m[0m
[  16% ] [90m[1mloading_editor_layout[22m | Loading docks...[39m[0m
[92m[ DONE ][39m [1mloading_editor_layout[22m
[0m
