Godot Engine v4.6.3.stable.official.7d41c59c4 - https://godotengine.org

[   0% ] [90m[1mfirst_scan_filesystem[22m | Started Project initialization (5 steps)[39m[0m
[   0% ] [90m[1mfirst_scan_filesystem[22m | Scanning file structure...[39m[0m
[  16% ] [90m[1mfirst_scan_filesystem[22m | Loading global class names...[39m[0m
[  33% ] [90m[1mfirst_scan_filesystem[22m | Verifying GDExtensions...[39m[0m
[  50% ] [90m[1mfirst_scan_filesystem[22m | Creating autoload scripts...[39m[0m
[  66% ] [90m[1mfirst_scan_filesystem[22m | Initializing plugins...[39m[0m
[  83% ] [90m[1mfirst_scan_filesystem[22m | Starting file scan...[39m[0m
[92m[ DONE ][39m [1mfirst_scan_filesystem[22m
[0m
WARNING: Missing .uid file for path "res://scripts/debug/map_renderer/atlas_frame_layer.gd". The file was re-created from cache.
     at: _process_file_system (editor/file_system/editor_file_system.cpp:1374)
WARNING: Missing .uid file for path "res://scripts/debug/map_renderer/label_layer.gd". The file was re-created from cache.
     at: _process_file_system (editor/file_system/editor_file_system.cpp:1374)
WARNING: Missing .uid file for path "res://scripts/debug/map_renderer/landmark_layer.gd". The file was re-created from cache.
     at: _process_file_system (editor/file_system/editor_file_system.cpp:1374)
WARNING: Missing .uid file for path "res://scripts/debug/map_renderer/legend_icon_white.gdshader". The file was re-created from cache.
     at: _process_file_system (editor/file_system/editor_file_system.cpp:1374)
WARNING: Missing .uid file for path "res://scripts/debug/map_renderer/line_layers.gd". The file was re-created from cache.
     at: _process_file_system (editor/file_system/editor_file_system.cpp:1374)
WARNING: Missing .uid file for path "res://scripts/debug/map_renderer/map_icon_provider.gd". The file was re-created from cache.
     at: _process_file_system (editor/file_system/editor_file_system.cpp:1374)
WARNING: Missing .uid file for path "res://scripts/debug/map_renderer/map_layer.gd". The file was re-created from cache.
     at: _process_file_system (editor/file_system/editor_file_system.cpp:1374)
WARNING: Missing .uid file for path "res://scripts/debug/map_renderer/map_render_baker.gd". The file was re-created from cache.
     at: _process_file_system (editor/file_system/editor_file_system.cpp:1374)
WARNING: Missing .uid file for path "res://scripts/debug/map_renderer/map_render_model.gd". The file was re-created from cache.
     at: _process_file_system (editor/file_system/editor_file_system.cpp:1374)
WARNING: Missing .uid file for path "res://scripts/debug/map_renderer/map_world_text.gd". The file was re-created from cache.
     at: _process_file_system (editor/file_system/editor_file_system.cpp:1374)
WARNING: Missing .uid file for path "res://scripts/debug/map_renderer/political_layer.gd". The file was re-created from cache.
     at: _process_file_system (editor/file_system/editor_file_system.cpp:1374)
WARNING: Missing .uid file for path "res://scripts/debug/map_renderer/selection_layer.gd". The file was re-created from cache.
     at: _process_file_system (editor/file_system/editor_file_system.cpp:1374)
WARNING: Missing .uid file for path "res://scripts/debug/map_renderer/settlement_layer.gd". The file was re-created from cache.
     at: _process_file_system (editor/file_system/editor_file_system.cpp:1374)
WARNING: Missing .uid file for path "res://scripts/debug/map_renderer/svg_sidecar_layer.gd". The file was re-created from cache.
     at: _process_file_system (editor/file_system/editor_file_system.cpp:1374)
WARNING: Missing .uid file for path "res://scripts/debug/map_renderer/terrain_layer.gd". The file was re-created from cache.
     at: _process_file_system (editor/file_system/editor_file_system.cpp:1374)
WARNING: Missing .uid file for path "res://scripts/debug/map_renderer/wilderness_layer.gd". The file was re-created from cache.
     at: _process_file_system (editor/file_system/editor_file_system.cpp:1374)
WARNING: Missing .uid file for path "res://scripts/debug/map_renderer/world_fixture_loader.gd". The file was re-created from cache.
     at: _process_file_system (editor/file_system/editor_file_system.cpp:1374)
WARNING: Missing .uid file for path "res://scripts/debug/constrained_region_preview.gd". The file was re-created from cache.
     at: _process_file_system (editor/file_system/editor_file_system.cpp:1374)
WARNING: Missing .uid file for path "res://scripts/debug/local_region_v1.gd". The file was re-created from cache.
     at: _process_file_system (editor/file_system/editor_file_system.cpp:1374)
WARNING: Missing .uid file for path "res://scripts/debug/map_landmark_key.gd". The file was re-created from cache.
     at: _process_file_system (editor/file_system/editor_file_system.cpp:1374)
WARNING: Missing .uid file for path "res://scripts/debug/world_fixture_renderer.gd". The file was re-created from cache.
     at: _process_file_system (editor/file_system/editor_file_system.cpp:1374)
WARNING: Missing .uid file for path "res://scripts/debug/world_fixture_viewer.gd". The file was re-created from cache.
     at: _process_file_system (editor/file_system/editor_file_system.cpp:1374)
WARNING: Missing .uid file for path "res://scripts/expedition/expedition_map.gd". The file was re-created from cache.
     at: _process_file_system (editor/file_system/editor_file_system.cpp:1374)
WARNING: Missing .uid file for path "res://scripts/expedition/expedition_records.gd". The file was re-created from cache.
     at: _process_file_system (editor/file_system/editor_file_system.cpp:1374)
WARNING: Missing .uid file for path "res://scripts/game_world/game_world_template.gd". The file was re-created from cache.
     at: _process_file_system (editor/file_system/editor_file_system.cpp:1374)
WARNING: Missing .uid file for path "res://scripts/intro/intro_card_loader.gd". The file was re-created from cache.
     at: _process_file_system (editor/file_system/editor_file_system.cpp:1374)
WARNING: Missing .uid file for path "res://scripts/intro/intro_card_view.gd". The file was re-created from cache.
     at: _process_file_system (editor/file_system/editor_file_system.cpp:1374)
WARNING: Missing .uid file for path "res://scripts/intro/intro_sequence.gd". The file was re-created from cache.
     at: _process_file_system (editor/file_system/editor_file_system.cpp:1374)
WARNING: Missing .uid file for path "res://scripts/origin_context/origin_context.gd". The file was re-created from cache.
     at: _process_file_system (editor/file_system/editor_file_system.cpp:1374)
WARNING: Missing .uid file for path "res://scripts/party/party_records.gd". The file was re-created from cache.
     at: _process_file_system (editor/file_system/editor_file_system.cpp:1374)
WARNING: Missing .uid file for path "res://scripts/party/party_service.gd". The file was re-created from cache.
     at: _process_file_system (editor/file_system/editor_file_system.cpp:1374)
WARNING: Missing .uid file for path "res://scripts/party/world_peoples.gd". The file was re-created from cache.
     at: _process_file_system (editor/file_system/editor_file_system.cpp:1374)
WARNING: Missing .uid file for path "res://scripts/rules/rules_character.gd". The file was re-created from cache.
     at: _process_file_system (editor/file_system/editor_file_system.cpp:1374)
WARNING: Missing .uid file for path "res://scripts/rules/rules_effects.gd". The file was re-created from cache.
     at: _process_file_system (editor/file_system/editor_file_system.cpp:1374)
WARNING: Missing .uid file for path "res://scripts/rules/rules_expressions.gd". The file was re-created from cache.
     at: _process_file_system (editor/file_system/editor_file_system.cpp:1374)
WARNING: Missing .uid file for path "res://scripts/rules/rules_hooks.gd". The file was re-created from cache.
     at: _process_file_system (editor/file_system/editor_file_system.cpp:1374)
WARNING: Missing .uid file for path "res://scripts/rules/rules_json.gd". The file was re-created from cache.
     at: _process_file_system (editor/file_system/editor_file_system.cpp:1374)
WARNING: Missing .uid file for path "res://scripts/rules/rules_modifiers.gd". The file was re-created from cache.
     at: _process_file_system (editor/file_system/editor_file_system.cpp:1374)
WARNING: Missing .uid file for path "res://scripts/rules/rules_records.gd". The file was re-created from cache.
     at: _process_file_system (editor/file_system/editor_file_system.cpp:1374)
WARNING: Missing .uid file for path "res://scripts/rules/rules_registry.gd". The file was re-created from cache.
     at: _process_file_system (editor/file_system/editor_file_system.cpp:1374)
WARNING: Missing .uid file for path "res://scripts/rules/rules_rng.gd". The file was re-created from cache.
     at: _process_file_system (editor/file_system/editor_file_system.cpp:1374)
WARNING: Missing .uid file for path "res://scripts/rules/rules_service.gd". The file was re-created from cache.
     at: _process_file_system (editor/file_system/editor_file_system.cpp:1374)
WARNING: Missing .uid file for path "res://scripts/ui/components/choice_row.gd". The file was re-created from cache.
     at: _process_file_system (editor/file_system/editor_file_system.cpp:1374)
WARNING: Missing .uid file for path "res://scripts/ui/components/game_ui.gd". The file was re-created from cache.
     at: _process_file_system (editor/file_system/editor_file_system.cpp:1374)
WARNING: Missing .uid file for path "res://scripts/ui/components/local_map_art.gd". The file was re-created from cache.
     at: _process_file_system (editor/file_system/editor_file_system.cpp:1374)
WARNING: Missing .uid file for path "res://scripts/ui/components/responsive_canvas.gd". The file was re-created from cache.
     at: _process_file_system (editor/file_system/editor_file_system.cpp:1374)
WARNING: Missing .uid file for path "res://scripts/ui/components/site_marker.gd". The file was re-created from cache.
     at: _process_file_system (editor/file_system/editor_file_system.cpp:1374)
WARNING: Missing .uid file for path "res://scripts/ui/new_game_origin.gd". The file was re-created from cache.
     at: _process_file_system (editor/file_system/editor_file_system.cpp:1374)
WARNING: Missing .uid file for path "res://scripts/ui/new_game_placeholder.gd". The file was re-created from cache.
     at: _process_file_system (editor/file_system/editor_file_system.cpp:1374)
WARNING: Missing .uid file for path "res://scripts/ui/origin_map_preview.gd". The file was re-created from cache.
     at: _process_file_system (editor/file_system/editor_file_system.cpp:1374)
WARNING: Missing .uid file for path "res://scripts/ui/settings_menu.gd". The file was re-created from cache.
     at: _process_file_system (editor/file_system/editor_file_system.cpp:1374)
WARNING: Missing .uid file for path "res://scripts/world_enrichment/immutable_validation_cache.gd". The file was re-created from cache.
     at: _process_file_system (editor/file_system/editor_file_system.cpp:1374)
WARNING: Missing .uid file for path "res://scripts/world_enrichment/origin_lore.gd". The file was re-created from cache.
     at: _process_file_system (editor/file_system/editor_file_system.cpp:1374)
WARNING: Missing .uid file for path "res://scripts/world_enrichment/origin_profiles.gd". The file was re-created from cache.
     at: _process_file_system (editor/file_system/editor_file_system.cpp:1374)
WARNING: Missing .uid file for path "res://scripts/world_library/world_library.gd". The file was re-created from cache.
     at: _process_file_system (editor/file_system/editor_file_system.cpp:1374)
WARNING: Missing .uid file for path "res://tests/expedition/benchmark.gd". The file was re-created from cache.
     at: _process_file_system (editor/file_system/editor_file_system.cpp:1374)
WARNING: Missing .uid file for path "res://tests/expedition/cache-integrity.gd". The file was re-created from cache.
     at: _process_file_system (editor/file_system/editor_file_system.cpp:1374)
WARNING: Missing .uid file for path "res://tests/expedition/failures.gd". The file was re-created from cache.
     at: _process_file_system (editor/file_system/editor_file_system.cpp:1374)
WARNING: Missing .uid file for path "res://tests/expedition/lifecycle.gd". The file was re-created from cache.
     at: _process_file_system (editor/file_system/editor_file_system.cpp:1374)
WARNING: Missing .uid file for path "res://tests/expedition/outcome-corpus.gd". The file was re-created from cache.
     at: _process_file_system (editor/file_system/editor_file_system.cpp:1374)
WARNING: Missing .uid file for path "res://tests/expedition/verify-distribution.gd". The file was re-created from cache.
     at: _process_file_system (editor/file_system/editor_file_system.cpp:1374)
WARNING: Missing .uid file for path "res://tests/game_world/smoke-game-world.gd". The file was re-created from cache.
     at: _process_file_system (editor/file_system/editor_file_system.cpp:1374)
WARNING: Missing .uid file for path "res://tests/onboarding/bake-previews.gd". The file was re-created from cache.
     at: _process_file_system (editor/file_system/editor_file_system.cpp:1374)
WARNING: Missing .uid file for path "res://tests/onboarding/capture-flow.gd". The file was re-created from cache.
     at: _process_file_system (editor/file_system/editor_file_system.cpp:1374)
WARNING: Missing .uid file for path "res://tests/onboarding/verify-origin.gd". The file was re-created from cache.
     at: _process_file_system (editor/file_system/editor_file_system.cpp:1374)
WARNING: Missing .uid file for path "res://tests/onboarding/verify-reload-failure.gd". The file was re-created from cache.
     at: _process_file_system (editor/file_system/editor_file_system.cpp:1374)
WARNING: Missing .uid file for path "res://tests/origin_context/capture-context.gd". The file was re-created from cache.
     at: _process_file_system (editor/file_system/editor_file_system.cpp:1374)
WARNING: Missing .uid file for path "res://tests/origin_context/verify-context.gd". The file was re-created from cache.
     at: _process_file_system (editor/file_system/editor_file_system.cpp:1374)
WARNING: Missing .uid file for path "res://tests/origin_profiles/capture-profiles.gd". The file was re-created from cache.
     at: _process_file_system (editor/file_system/editor_file_system.cpp:1374)
WARNING: Missing .uid file for path "res://tests/origin_profiles/verify-distribution.gd". The file was re-created from cache.
     at: _process_file_system (editor/file_system/editor_file_system.cpp:1374)
WARNING: Missing .uid file for path "res://tests/origin_profiles/verify-postwrite.gd". The file was re-created from cache.
     at: _process_file_system (editor/file_system/editor_file_system.cpp:1374)
WARNING: Missing .uid file for path "res://tests/origin_profiles/verify-presets.gd". The file was re-created from cache.
     at: _process_file_system (editor/file_system/editor_file_system.cpp:1374)
WARNING: Missing .uid file for path "res://tests/origin_profiles/verify-worlds.gd". The file was re-created from cache.
     at: _process_file_system (editor/file_system/editor_file_system.cpp:1374)
WARNING: Missing .uid file for path "res://tests/party/capture-flow.gd". The file was re-created from cache.
     at: _process_file_system (editor/file_system/editor_file_system.cpp:1374)
WARNING: Missing .uid file for path "res://tests/party/capture-smoke.gd". The file was re-created from cache.
     at: _process_file_system (editor/file_system/editor_file_system.cpp:1374)
WARNING: Missing .uid file for path "res://tests/party/failures.gd". The file was re-created from cache.
     at: _process_file_system (editor/file_system/editor_file_system.cpp:1374)
WARNING: Missing .uid file for path "res://tests/party/lifecycle.gd". The file was re-created from cache.
     at: _process_file_system (editor/file_system/editor_file_system.cpp:1374)
WARNING: Missing .uid file for path "res://tests/party/reader-failures.gd". The file was re-created from cache.
     at: _process_file_system (editor/file_system/editor_file_system.cpp:1374)
WARNING: Missing .uid file for path "res://tests/party/smoke-party.gd". The file was re-created from cache.
     at: _process_file_system (editor/file_system/editor_file_system.cpp:1374)
WARNING: Missing .uid file for path "res://tests/party/verify-distribution.gd". The file was re-created from cache.
     at: _process_file_system (editor/file_system/editor_file_system.cpp:1374)
WARNING: Missing .uid file for path "res://tests/regiongen/capture-v1.gd". The file was re-created from cache.
     at: _process_file_system (editor/file_system/editor_file_system.cpp:1374)
WARNING: Missing .uid file for path "res://tests/regiongen/smoke-v1.gd". The file was re-created from cache.
     at: _process_file_system (editor/file_system/editor_file_system.cpp:1374)
WARNING: Missing .uid file for path "res://tests/rules/kernel.gd". The file was re-created from cache.
     at: _process_file_system (editor/file_system/editor_file_system.cpp:1374)
WARNING: Missing .uid file for path "res://tests/rules/migration.gd". The file was re-created from cache.
     at: _process_file_system (editor/file_system/editor_file_system.cpp:1374)
WARNING: Missing .uid file for path "res://tests/ui_system/back-navigation.gd". The file was re-created from cache.
     at: _process_file_system (editor/file_system/editor_file_system.cpp:1374)
WARNING: Missing .uid file for path "res://tests/ui_system/capture-expedition.gd". The file was re-created from cache.
     at: _process_file_system (editor/file_system/editor_file_system.cpp:1374)
WARNING: Missing .uid file for path "res://tests/ui_system/capture-origin.gd". The file was re-created from cache.
     at: _process_file_system (editor/file_system/editor_file_system.cpp:1374)
WARNING: Missing .uid file for path "res://tests/ui_system/list-visibility.gd". The file was re-created from cache.
     at: _process_file_system (editor/file_system/editor_file_system.cpp:1374)
WARNING: Missing .uid file for path "res://tests/ui_system/presentation.gd". The file was re-created from cache.
     at: _process_file_system (editor/file_system/editor_file_system.cpp:1374)
WARNING: Missing .uid file for path "res://tests/worldgen/smoke-landmark-inspection.gd". The file was re-created from cache.
     at: _process_file_system (editor/file_system/editor_file_system.cpp:1374)
WARNING: Missing .uid file for path "res://tests/worldgen/smoke-landmark-key.gd". The file was re-created from cache.
     at: _process_file_system (editor/file_system/editor_file_system.cpp:1374)
WARNING: Missing .uid file for path "res://tests/world_enrichment/capture-origin.gd". The file was re-created from cache.
     at: _process_file_system (editor/file_system/editor_file_system.cpp:1374)
WARNING: Missing .uid file for path "res://tests/world_enrichment/verify-lifecycle.gd". The file was re-created from cache.
     at: _process_file_system (editor/file_system/editor_file_system.cpp:1374)
WARNING: Missing .uid file for path "res://tests/world_enrichment/verify-reload.gd". The file was re-created from cache.
     at: _process_file_system (editor/file_system/editor_file_system.cpp:1374)
WARNING: Missing .uid file for path "res://tests/world_library/capture-library.gd". The file was re-created from cache.
     at: _process_file_system (editor/file_system/editor_file_system.cpp:1374)
WARNING: Missing .uid file for path "res://tests/world_library/verify-library.gd". The file was re-created from cache.
     at: _process_file_system (editor/file_system/editor_file_system.cpp:1374)
WARNING: Missing .uid file for path "res://tools/release/export-notices.gd". The file was re-created from cache.
     at: _process_file_system (editor/file_system/editor_file_system.cpp:1374)
[   0% ] [90m[1mupdate_scripts_classes[22m | Started Registering global classes... (38 steps)[39m[0m
[   0% ] [90m[1mupdate_scripts_classes[22m | OriginLore[39m[0m
[   2% ] [90m[1mupdate_scripts_classes[22m | [39m[0m
[   5% ] [90m[1mupdate_scripts_classes[22m | [39m[0m
[   7% ] [90m[1mupdate_scripts_classes[22m | AdventureRecords[39m[0m
[  10% ] [90m[1mupdate_scripts_classes[22m | AdventureService[39m[0m
[  12% ] [90m[1mupdate_scripts_classes[22m | CombatBattlefields[39m[0m
[  15% ] [90m[1mupdate_scripts_classes[22m | TacticalCombat[39m[0m
[  17% ] [90m[1mupdate_scripts_classes[22m | ExpeditionService[39m[0m
[  20% ] [90m[1mupdate_scripts_classes[22m | GamePlaythroughStore[39m[0m
[  23% ] [90m[1mupdate_scripts_classes[22m | SandboxAdventure[39m[0m
[  25% ] [90m[1mupdate_scripts_classes[22m | SandboxGenerator[39m[0m
[  28% ] [90m[1mupdate_scripts_classes[22m | SandboxRecords[39m[0m
[  30% ] [90m[1mupdate_scripts_classes[22m | BattlefieldArt[39m[0m
[  33% ] [90m[1mupdate_scripts_classes[22m | BattlefieldTile[39m[0m
[  35% ] [90m[1mupdate_scripts_classes[22m | CombatArt[39m[0m
[  38% ] [90m[1mupdate_scripts_classes[22m | CombatEffect[39m[0m
[  41% ] [90m[1mupdate_scripts_classes[22m | CombatPacing[39m[0m
[  43% ] [90m[1mupdate_scripts_classes[22m | CombatPawn[39m[0m
[  46% ] [90m[1mupdate_scripts_classes[22m | PartyRoster[39m[0m
[  48% ] [90m[1mupdate_scripts_classes[22m | [39m[0m
[  51% ] [90m[1mupdate_scripts_classes[22m | [39m[0m
[  53% ] [90m[1mupdate_scripts_classes[22m | MainMenu[39m[0m
[  56% ] [90m[1mupdate_scripts_classes[22m | [39m[0m
[  58% ] [90m[1mupdate_scripts_classes[22m | [39m[0m
[  61% ] [90m[1mupdate_scripts_classes[22m | [39m[0m
[  64% ] [90m[1mupdate_scripts_classes[22m | [39m[0m
[  66% ] [90m[1mupdate_scripts_classes[22m | [39m[0m
[  69% ] [90m[1mupdate_scripts_classes[22m | [39m[0m
[  71% ] [90m[1mupdate_scripts_classes[22m | [39m[0m
[  74% ] [90m[1mupdate_scripts_classes[22m | Game94CombatOracle[39m[0m
[  76% ] [90m[1mupdate_scripts_classes[22m | [39m[0m
[  79% ] [90m[1mupdate_scripts_classes[22m | [39m[0m
[  82% ] [90m[1mupdate_scripts_classes[22m | [39m[0m
[  84% ] [90m[1mupdate_scripts_classes[22m | [39m[0m
[  87% ] [90m[1mupdate_scripts_classes[22m | [39m[0m
[  89% ] [90m[1mupdate_scripts_classes[22m | [39m[0m
[  92% ] [90m[1mupdate_scripts_classes[22m | [39m[0m
[  94% ] [90m[1mupdate_scripts_classes[22m | [39m[0m
[92m[ DONE ][39m [1mupdate_scripts_classes[22m
[0m
[   0% ] [90m[1m_update_scan_actions[22m | Started Scanning actions... (825 steps)[39m[0m
[   0% ] [90m[1m_update_scan_actions[22m | angel_idle_anim_f0.png[39m[0m
[   0% ] [90m[1m_update_scan_actions[22m | angel_idle_anim_f1.png[39m[0m
[   0% ] [90m[1m_update_scan_actions[22m | angel_idle_anim_f2.png[39m[0m
[   0% ] [90m[1m_update_scan_actions[22m | angel_idle_anim_f3.png[39m[0m
[   0% ] [90m[1m_update_scan_actions[22m | angel_run_anim_f0.png[39m[0m
[   0% ] [90m[1m_update_scan_actions[22m | angel_run_anim_f1.png[39m[0m
[   0% ] [90m[1m_update_scan_actions[22m | angel_run_anim_f2.png[39m[0m
[   0% ] [90m[1m_update_scan_actions[22m | angel_run_anim_f3.png[39m[0m
[   0% ] [90m[1m_update_scan_actions[22m | big_demon_idle_anim_f0.png[39m[0m
[   1% ] [90m[1m_update_scan_actions[22m | big_demon_idle_anim_f1.png[39m[0m
[   1% ] [90m[1m_update_scan_actions[22m | big_demon_idle_anim_f2.png[39m[0m
[   1% ] [90m[1m_update_scan_actions[22m | big_demon_idle_anim_f3.png[39m[0m
[   1% ] [90m[1m_update_scan_actions[22m | big_demon_run_anim_f0.png[39m[0m
[   1% ] [90m[1m_update_scan_actions[22m | big_demon_run_anim_f1.png[39m[0m
[   1% ] [90m[1m_update_scan_actions[22m | big_demon_run_anim_f2.png[39m[0m
[   1% ] [90m[1m_update_scan_actions[22m | big_demon_run_anim_f3.png[39m[0m
[   1% ] [90m[1m_update_scan_actions[22m | big_zombie_idle_anim_f0.png[39m[0m
[   2% ] [90m[1m_update_scan_actions[22m | big_zombie_idle_anim_f1.png[39m[0m
[   2% ] [90m[1m_update_scan_actions[22m | big_zombie_idle_anim_f2.png[39m[0m
[   2% ] [90m[1m_update_scan_actions[22m | big_zombie_idle_anim_f3.png[39m[0m
[   2% ] [90m[1m_update_scan_actions[22m | big_zombie_run_anim_f0.png[39m[0m
[   2% ] [90m[1m_update_scan_actions[22m | big_zombie_run_anim_f1.png[39m[0m
[   2% ] [90m[1m_update_scan_actions[22m | big_zombie_run_anim_f2.png[39m[0m
[   2% ] [90m[1m_update_scan_actions[22m | big_zombie_run_anim_f3.png[39m[0m
[   2% ] [90m[1m_update_scan_actions[22m | bomb_f0.png[39m[0m
[   3% ] [90m[1m_update_scan_actions[22m | bomb_f1.png[39m[0m
[   3% ] [90m[1m_update_scan_actions[22m | bomb_f2.png[39m[0m
[   3% ] [90m[1m_update_scan_actions[22m | button_blue_down.png[39m[0m
[   3% ] [90m[1m_update_scan_actions[22m | button_blue_up.png[39m[0m
[   3% ] [90m[1m_update_scan_actions[22m | button_red_down.png[39m[0m
[   3% ] [90m[1m_update_scan_actions[22m | button_red_up.png[39m[0m
[   3% ] [90m[1m_update_scan_actions[22m | chest_empty_open_anim_f0.png[39m[0m
[   3% ] [90m[1m_update_scan_actions[22m | chest_empty_open_anim_f1.png[39m[0m
[   3% ] [90m[1m_update_scan_actions[22m | chest_empty_open_anim_f2.png[39m[0m
[   4% ] [90m[1m_update_scan_actions[22m | chest_full_open_anim_f0.png[39m[0m
[   4% ] [90m[1m_update_scan_actions[22m | chest_full_open_anim_f1.png[39m[0m
[   4% ] [90m[1m_update_scan_actions[22m | chest_full_open_anim_f2.png[39m[0m
[   4% ] [90m[1m_update_scan_actions[22m | chest_mimic_open_anim_f0.png[39m[0m
[   4% ] [90m[1m_update_scan_actions[22m | chest_mimic_open_anim_f1.png[39m[0m
[   4% ] [90m[1m_update_scan_actions[22m | chest_mimic_open_anim_f2.png[39m[0m
[   4% ] [90m[1m_update_scan_actions[22m | chort_idle_anim_f0.png[39m[0m
[   4% ] [90m[1m_update_scan_actions[22m | chort_idle_anim_f1.png[39m[0m
[   5% ] [90m[1m_update_scan_actions[22m | chort_idle_anim_f2.png[39m[0m
[   5% ] [90m[1m_update_scan_actions[22m | chort_idle_anim_f3.png[39m[0m
[   5% ] [90m[1m_update_scan_actions[22m | chort_run_anim_f0.png[39m[0m
[   5% ] [90m[1m_update_scan_actions[22m | chort_run_anim_f1.png[39m[0m
[   5% ] [90m[1m_update_scan_actions[22m | chort_run_anim_f2.png[39m[0m
[   5% ] [90m[1m_update_scan_actions[22m | chort_run_anim_f3.png[39m[0m
[   5% ] [90m[1m_update_scan_actions[22m | coin_anim_f0.png[39m[0m
[   5% ] [90m[1m_update_scan_actions[22m | coin_anim_f1.png[39m[0m
[   6% ] [90m[1m_update_scan_actions[22m | coin_anim_f2.png[39m[0m
[   6% ] [90m[1m_update_scan_actions[22m | coin_anim_f3.png[39m[0m
[   6% ] [90m[1m_update_scan_actions[22m | column.png[39m[0m
[   6% ] [90m[1m_update_scan_actions[22m | column_wall.png[39m[0m
[   6% ] [90m[1m_update_scan_actions[22m | crate.png[39m[0m
[   6% ] [90m[1m_update_scan_actions[22m | doc_idle_anim_f0.png[39m[0m
[   6% ] [90m[1m_update_scan_actions[22m | doc_idle_anim_f1.png[39m[0m
[   6% ] [90m[1m_update_scan_actions[22m | doc_idle_anim_f2.png[39m[0m
[   7% ] [90m[1m_update_scan_actions[22m | doc_idle_anim_f3.png[39m[0m
[   7% ] [90m[1m_update_scan_actions[22m | doc_run_anim_f0.png[39m[0m
[   7% ] [90m[1m_update_scan_actions[22m | doc_run_anim_f1.png[39m[0m
[   7% ] [90m[1m_update_scan_actions[22m | doc_run_anim_f2.png[39m[0m
[   7% ] [90m[1m_update_scan_actions[22m | doc_run_anim_f3.png[39m[0m
[   7% ] [90m[1m_update_scan_actions[22m | doors_frame_left.png[39m[0m
[   7% ] [90m[1m_update_scan_actions[22m | doors_frame_right.png[39m[0m
[   7% ] [90m[1m_update_scan_actions[22m | doors_frame_top.png[39m[0m
[   7% ] [90m[1m_update_scan_actions[22m | doors_leaf_closed.png[39m[0m
[   8% ] [90m[1m_update_scan_actions[22m | doors_leaf_open.png[39m[0m
[   8% ] [90m[1m_update_scan_actions[22m | dwarf_f_hit_anim_f0.png[39m[0m
[   8% ] [90m[1m_update_scan_actions[22m | dwarf_f_idle_anim_f0.png[39m[0m
[   8% ] [90m[1m_update_scan_actions[22m | dwarf_f_idle_anim_f1.png[39m[0m
[   8% ] [90m[1m_update_scan_actions[22m | dwarf_f_idle_anim_f2.png[39m[0m
[   8% ] [90m[1m_update_scan_actions[22m | dwarf_f_idle_anim_f3.png[39m[0m
[   8% ] [90m[1m_update_scan_actions[22m | dwarf_f_run_anim_f0.png[39m[0m
[   8% ] [90m[1m_update_scan_actions[22m | dwarf_f_run_anim_f1.png[39m[0m
[   9% ] [90m[1m_update_scan_actions[22m | dwarf_f_run_anim_f2.png[39m[0m
[   9% ] [90m[1m_update_scan_actions[22m | dwarf_f_run_anim_f3.png[39m[0m
[   9% ] [90m[1m_update_scan_actions[22m | dwarf_m_hit_anim_f0.png[39m[0m
[   9% ] [90m[1m_update_scan_actions[22m | dwarf_m_idle_anim_f0.png[39m[0m
[   9% ] [90m[1m_update_scan_actions[22m | dwarf_m_idle_anim_f1.png[39m[0m
[   9% ] [90m[1m_update_scan_actions[22m | dwarf_m_idle_anim_f2.png[39m[0m
[   9% ] [90m[1m_update_scan_actions[22m | dwarf_m_idle_anim_f3.png[39m[0m
[   9% ] [90m[1m_update_scan_actions[22m | dwarf_m_run_anim_f0.png[39m[0m
[  10% ] [90m[1m_update_scan_actions[22m | dwarf_m_run_anim_f1.png[39m[0m
[  10% ] [90m[1m_update_scan_actions[22m | dwarf_m_run_anim_f2.png[39m[0m
[  10% ] [90m[1m_update_scan_actions[22m | dwarf_m_run_anim_f3.png[39m[0m
[  10% ] [90m[1m_update_scan_actions[22m | edge_down.png[39m[0m
[  10% ] [90m[1m_update_scan_actions[22m | elf_f_hit_anim_f0.png[39m[0m
[  10% ] [90m[1m_update_scan_actions[22m | elf_f_idle_anim_f0.png[39m[0m
[  10% ] [90m[1m_update_scan_actions[22m | elf_f_idle_anim_f1.png[39m[0m
[  10% ] [90m[1m_update_scan_actions[22m | elf_f_idle_anim_f2.png[39m[0m
[  11% ] [90m[1m_update_scan_actions[22m | elf_f_idle_anim_f3.png[39m[0m
[  11% ] [90m[1m_update_scan_actions[22m | elf_f_run_anim_f0.png[39m[0m
[  11% ] [90m[1m_update_scan_actions[22m | elf_f_run_anim_f1.png[39m[0m
[  11% ] [90m[1m_update_scan_actions[22m | elf_f_run_anim_f2.png[39m[0m
[  11% ] [90m[1m_update_scan_actions[22m | elf_f_run_anim_f3.png[39m[0m
[  11% ] [90m[1m_update_scan_actions[22m | elf_m_hit_anim_f0.png[39m[0m
[  11% ] [90m[1m_update_scan_actions[22m | elf_m_idle_anim_f0.png[39m[0m
[  11% ] [90m[1m_update_scan_actions[22m | elf_m_idle_anim_f1.png[39m[0m
[  11% ] [90m[1m_update_scan_actions[22m | elf_m_idle_anim_f2.png[39m[0m
[  12% ] [90m[1m_update_scan_actions[22m | elf_m_idle_anim_f3.png[39m[0m
[  12% ] [90m[1m_update_scan_actions[22m | elf_m_run_anim_f0.png[39m[0m
[  12% ] [90m[1m_update_scan_actions[22m | elf_m_run_anim_f1.png[39m[0m
[  12% ] [90m[1m_update_scan_actions[22m | elf_m_run_anim_f2.png[39m[0m
[  12% ] [90m[1m_update_scan_actions[22m | elf_m_run_anim_f3.png[39m[0m
[  12% ] [90m[1m_update_scan_actions[22m | flask_big_blue.png[39m[0m
[  12% ] [90m[1m_update_scan_actions[22m | flask_big_green.png[39m[0m
[  12% ] [90m[1m_update_scan_actions[22m | flask_big_red.png[39m[0m
[  13% ] [90m[1m_update_scan_actions[22m | flask_big_yellow.png[39m[0m
[  13% ] [90m[1m_update_scan_actions[22m | flask_blue.png[39m[0m
[  13% ] [90m[1m_update_scan_actions[22m | flask_green.png[39m[0m
[  13% ] [90m[1m_update_scan_actions[22m | flask_red.png[39m[0m
[  13% ] [90m[1m_update_scan_actions[22m | flask_yellow.png[39m[0m
[  13% ] [90m[1m_update_scan_actions[22m | floor_1.png[39m[0m
[  13% ] [90m[1m_update_scan_actions[22m | floor_2.png[39m[0m
[  13% ] [90m[1m_update_scan_actions[22m | floor_3.png[39m[0m
[  14% ] [90m[1m_update_scan_actions[22m | floor_4.png[39m[0m
[  14% ] [90m[1m_update_scan_actions[22m | floor_5.png[39m[0m
[  14% ] [90m[1m_update_scan_actions[22m | floor_6.png[39m[0m
[  14% ] [90m[1m_update_scan_actions[22m | floor_7.png[39m[0m
[  14% ] [90m[1m_update_scan_actions[22m | floor_8.png[39m[0m
[  14% ] [90m[1m_update_scan_actions[22m | floor_ladder.png[39m[0m
[  14% ] [90m[1m_update_scan_actions[22m | floor_spikes_anim_f0.png[39m[0m
[  14% ] [90m[1m_update_scan_actions[22m | floor_spikes_anim_f1.png[39m[0m
[  15% ] [90m[1m_update_scan_actions[22m | floor_spikes_anim_f2.png[39m[0m
[  15% ] [90m[1m_update_scan_actions[22m | floor_spikes_anim_f3.png[39m[0m
[  15% ] [90m[1m_update_scan_actions[22m | floor_stairs.png[39m[0m
[  15% ] [90m[1m_update_scan_actions[22m | goblin_idle_anim_f0.png[39m[0m
[  15% ] [90m[1m_update_scan_actions[22m | goblin_idle_anim_f1.png[39m[0m
[  15% ] [90m[1m_update_scan_actions[22m | goblin_idle_anim_f2.png[39m[0m
[  15% ] [90m[1m_update_scan_actions[22m | goblin_idle_anim_f3.png[39m[0m
[  15% ] [90m[1m_update_scan_actions[22m | goblin_run_anim_f0.png[39m[0m
[  15% ] [90m[1m_update_scan_actions[22m | goblin_run_anim_f1.png[39m[0m
[  16% ] [90m[1m_update_scan_actions[22m | goblin_run_anim_f2.png[39m[0m
[  16% ] [90m[1m_update_scan_actions[22m | goblin_run_anim_f3.png[39m[0m
[  16% ] [90m[1m_update_scan_actions[22m | hole.png[39m[0m
[  16% ] [90m[1m_update_scan_actions[22m | ice_zombie_anim_f0.png[39m[0m
[  16% ] [90m[1m_update_scan_actions[22m | ice_zombie_anim_f1.png[39m[0m
[  16% ] [90m[1m_update_scan_actions[22m | ice_zombie_anim_f2.png[39m[0m
[  16% ] [90m[1m_update_scan_actions[22m | ice_zombie_anim_f3.png[39m[0m
[  16% ] [90m[1m_update_scan_actions[22m | imp_idle_anim_f0.png[39m[0m
[  17% ] [90m[1m_update_scan_actions[22m | imp_idle_anim_f1.png[39m[0m
[  17% ] [90m[1m_update_scan_actions[22m | imp_idle_anim_f2.png[39m[0m
[  17% ] [90m[1m_update_scan_actions[22m | imp_idle_anim_f3.png[39m[0m
[  17% ] [90m[1m_update_scan_actions[22m | imp_run_anim_f0.png[39m[0m
[  17% ] [90m[1m_update_scan_actions[22m | imp_run_anim_f1.png[39m[0m
[  17% ] [90m[1m_update_scan_actions[22m | imp_run_anim_f2.png[39m[0m
[  17% ] [90m[1m_update_scan_actions[22m | imp_run_anim_f3.png[39m[0m
[  17% ] [90m[1m_update_scan_actions[22m | knight_f_hit_anim_f0.png[39m[0m
[  18% ] [90m[1m_update_scan_actions[22m | knight_f_idle_anim_f0.png[39m[0m
[  18% ] [90m[1m_update_scan_actions[22m | knight_f_idle_anim_f1.png[39m[0m
[  18% ] [90m[1m_update_scan_actions[22m | knight_f_idle_anim_f2.png[39m[0m
[  18% ] [90m[1m_update_scan_actions[22m | knight_f_idle_anim_f3.png[39m[0m
[  18% ] [90m[1m_update_scan_actions[22m | knight_f_run_anim_f0.png[39m[0m
[  18% ] [90m[1m_update_scan_actions[22m | knight_f_run_anim_f1.png[39m[0m
[  18% ] [90m[1m_update_scan_actions[22m | knight_f_run_anim_f2.png[39m[0m
[  18% ] [90m[1m_update_scan_actions[22m | knight_f_run_anim_f3.png[39m[0m
[  19% ] [90m[1m_update_scan_actions[22m | knight_m_hit_anim_f0.png[39m[0m
[  19% ] [90m[1m_update_scan_actions[22m | knight_m_idle_anim_f0.png[39m[0m
[  19% ] [90m[1m_update_scan_actions[22m | knight_m_idle_anim_f1.png[39m[0m
[  19% ] [90m[1m_update_scan_actions[22m | knight_m_idle_anim_f2.png[39m[0m
[  19% ] [90m[1m_update_scan_actions[22m | knight_m_idle_anim_f3.png[39m[0m
[  19% ] [90m[1m_update_scan_actions[22m | knight_m_run_anim_f0.png[39m[0m
[  19% ] [90m[1m_update_scan_actions[22m | knight_m_run_anim_f1.png[39m[0m
[  19% ] [90m[1m_update_scan_actions[22m | knight_m_run_anim_f2.png[39m[0m
[  19% ] [90m[1m_update_scan_actions[22m | knight_m_run_anim_f3.png[39m[0m
[  20% ] [90m[1m_update_scan_actions[22m | lever_left.png[39m[0m
[  20% ] [90m[1m_update_scan_actions[22m | lever_right.png[39m[0m
[  20% ] [90m[1m_update_scan_actions[22m | lizard_f_hit_anim_f0.png[39m[0m
[  20% ] [90m[1m_update_scan_actions[22m | lizard_f_idle_anim_f0.png[39m[0m
[  20% ] [90m[1m_update_scan_actions[22m | lizard_f_idle_anim_f1.png[39m[0m
[  20% ] [90m[1m_update_scan_actions[22m | lizard_f_idle_anim_f2.png[39m[0m
[  20% ] [90m[1m_update_scan_actions[22m | lizard_f_idle_anim_f3.png[39m[0m
[  20% ] [90m[1m_update_scan_actions[22m | lizard_f_run_anim_f0.png[39m[0m
[  21% ] [90m[1m_update_scan_actions[22m | lizard_f_run_anim_f1.png[39m[0m
[  21% ] [90m[1m_update_scan_actions[22m | lizard_f_run_anim_f2.png[39m[0m
[  21% ] [90m[1m_update_scan_actions[22m | lizard_f_run_anim_f3.png[39m[0m
[  21% ] [90m[1m_update_scan_actions[22m | lizard_m_hit_anim_f0.png[39m[0m
[  21% ] [90m[1m_update_scan_actions[22m | lizard_m_idle_anim_f0.png[39m[0m
[  21% ] [90m[1m_update_scan_actions[22m | lizard_m_idle_anim_f1.png[39m[0m
[  21% ] [90m[1m_update_scan_actions[22m | lizard_m_idle_anim_f2.png[39m[0m
[  21% ] [90m[1m_update_scan_actions[22m | lizard_m_idle_anim_f3.png[39m[0m
[  22% ] [90m[1m_update_scan_actions[22m | lizard_m_run_anim_f0.png[39m[0m
[  22% ] [90m[1m_update_scan_actions[22m | lizard_m_run_anim_f1.png[39m[0m
[  22% ] [90m[1m_update_scan_actions[22m | lizard_m_run_anim_f2.png[39m[0m
[  22% ] [90m[1m_update_scan_actions[22m | lizard_m_run_anim_f3.png[39m[0m
[  22% ] [90m[1m_update_scan_actions[22m | masked_orc_idle_anim_f0.png[39m[0m
[  22% ] [90m[1m_update_scan_actions[22m | masked_orc_idle_anim_f1.png[39m[0m
[  22% ] [90m[1m_update_scan_actions[22m | masked_orc_idle_anim_f2.png[39m[0m
[  22% ] [90m[1m_update_scan_actions[22m | masked_orc_idle_anim_f3.png[39m[0m
[  23% ] [90m[1m_update_scan_actions[22m | masked_orc_run_anim_f0.png[39m[0m
[  23% ] [90m[1m_update_scan_actions[22m | masked_orc_run_anim_f1.png[39m[0m
[  23% ] [90m[1m_update_scan_actions[22m | masked_orc_run_anim_f2.png[39m[0m
[  23% ] [90m[1m_update_scan_actions[22m | masked_orc_run_anim_f3.png[39m[0m
[  23% ] [90m[1m_update_scan_actions[22m | muddy_anim_f0.png[39m[0m
[  23% ] [90m[1m_update_scan_actions[22m | muddy_anim_f1.png[39m[0m
[  23% ] [90m[1m_update_scan_actions[22m | muddy_anim_f2.png[39m[0m
[  23% ] [90m[1m_update_scan_actions[22m | muddy_anim_f3.png[39m[0m
[  23% ] [90m[1m_update_scan_actions[22m | necromancer_anim_f0.png[39m[0m
[  24% ] [90m[1m_update_scan_actions[22m | necromancer_anim_f1.png[39m[0m
[  24% ] [90m[1m_update_scan_actions[22m | necromancer_anim_f2.png[39m[0m
[  24% ] [90m[1m_update_scan_actions[22m | necromancer_anim_f3.png[39m[0m
[  24% ] [90m[1m_update_scan_actions[22m | ogre_idle_anim_f0.png[39m[0m
[  24% ] [90m[1m_update_scan_actions[22m | ogre_idle_anim_f1.png[39m[0m
[  24% ] [90m[1m_update_scan_actions[22m | ogre_idle_anim_f2.png[39m[0m
[  24% ] [90m[1m_update_scan_actions[22m | ogre_idle_anim_f3.png[39m[0m
[  24% ] [90m[1m_update_scan_actions[22m | ogre_run_anim_f0.png[39m[0m
[  25% ] [90m[1m_update_scan_actions[22m | ogre_run_anim_f1.png[39m[0m
[  25% ] [90m[1m_update_scan_actions[22m | ogre_run_anim_f2.png[39m[0m
[  25% ] [90m[1m_update_scan_actions[22m | ogre_run_anim_f3.png[39m[0m
[  25% ] [90m[1m_update_scan_actions[22m | orc_shaman_idle_anim_f0.png[39m[0m
[  25% ] [90m[1m_update_scan_actions[22m | orc_shaman_idle_anim_f1.png[39m[0m
[  25% ] [90m[1m_update_scan_actions[22m | orc_shaman_idle_anim_f2.png[39m[0m
[  25% ] [90m[1m_update_scan_actions[22m | orc_shaman_idle_anim_f3.png[39m[0m
[  25% ] [90m[1m_update_scan_actions[22m | orc_shaman_run_anim_f0.png[39m[0m
[  26% ] [90m[1m_update_scan_actions[22m | orc_shaman_run_anim_f1.png[39m[0m
[  26% ] [90m[1m_update_scan_actions[22m | orc_shaman_run_anim_f2.png[39m[0m
[  26% ] [90m[1m_update_scan_actions[22m | orc_shaman_run_anim_f3.png[39m[0m
[  26% ] [90m[1m_update_scan_actions[22m | orc_warrior_idle_anim_f0.png[39m[0m
[  26% ] [90m[1m_update_scan_actions[22m | orc_warrior_idle_anim_f1.png[39m[0m
[  26% ] [90m[1m_update_scan_actions[22m | orc_warrior_idle_anim_f2.png[39m[0m
[  26% ] [90m[1m_update_scan_actions[22m | orc_warrior_idle_anim_f3.png[39m[0m
[  26% ] [90m[1m_update_scan_actions[22m | orc_warrior_run_anim_f0.png[39m[0m
[  26% ] [90m[1m_update_scan_actions[22m | orc_warrior_run_anim_f1.png[39m[0m
[  27% ] [90m[1m_update_scan_actions[22m | orc_warrior_run_anim_f2.png[39m[0m
[  27% ] [90m[1m_update_scan_actions[22m | orc_warrior_run_anim_f3.png[39m[0m
[  27% ] [90m[1m_update_scan_actions[22m | pumpkin_dude_idle_anim_f0.png[39m[0m
[  27% ] [90m[1m_update_scan_actions[22m | pumpkin_dude_idle_anim_f1.png[39m[0m
[  27% ] [90m[1m_update_scan_actions[22m | pumpkin_dude_idle_anim_f2.png[39m[0m
[  27% ] [90m[1m_update_scan_actions[22m | pumpkin_dude_idle_anim_f3.png[39m[0m
[  27% ] [90m[1m_update_scan_actions[22m | pumpkin_dude_run_anim_f0.png[39m[0m
[  27% ] [90m[1m_update_scan_actions[22m | pumpkin_dude_run_anim_f1.png[39m[0m
[  28% ] [90m[1m_update_scan_actions[22m | pumpkin_dude_run_anim_f2.png[39m[0m
[  28% ] [90m[1m_update_scan_actions[22m | pumpkin_dude_run_anim_f3.png[39m[0m
[  28% ] [90m[1m_update_scan_actions[22m | skelet_idle_anim_f0.png[39m[0m
[  28% ] [90m[1m_update_scan_actions[22m | skelet_idle_anim_f1.png[39m[0m
[  28% ] [90m[1m_update_scan_actions[22m | skelet_idle_anim_f2.png[39m[0m
[  28% ] [90m[1m_update_scan_actions[22m | skelet_idle_anim_f3.png[39m[0m
[  28% ] [90m[1m_update_scan_actions[22m | skelet_run_anim_f0.png[39m[0m
[  28% ] [90m[1m_update_scan_actions[22m | skelet_run_anim_f1.png[39m[0m
[  29% ] [90m[1m_update_scan_actions[22m | skelet_run_anim_f2.png[39m[0m
[  29% ] [90m[1m_update_scan_actions[22m | skelet_run_anim_f3.png[39m[0m
[  29% ] [90m[1m_update_scan_actions[22m | skull.png[39m[0m
[  29% ] [90m[1m_update_scan_actions[22m | slug_anim_f0.png[39m[0m
[  29% ] [90m[1m_update_scan_actions[22m | slug_anim_f1.png[39m[0m
[  29% ] [90m[1m_update_scan_actions[22m | slug_anim_f2.png[39m[0m
[  29% ] [90m[1m_update_scan_actions[22m | slug_anim_f3.png[39m[0m
[  29% ] [90m[1m_update_scan_actions[22m | swampy_anim_f0.png[39m[0m
[  30% ] [90m[1m_update_scan_actions[22m | swampy_anim_f1.png[39m[0m
[  30% ] [90m[1m_update_scan_actions[22m | swampy_anim_f2.png[39m[0m
[  30% ] [90m[1m_update_scan_actions[22m | swampy_anim_f3.png[39m[0m
[  30% ] [90m[1m_update_scan_actions[22m | tiny_slug_anim_f0.png[39m[0m
[  30% ] [90m[1m_update_scan_actions[22m | tiny_slug_anim_f1.png[39m[0m
[  30% ] [90m[1m_update_scan_actions[22m | tiny_slug_anim_f2.png[39m[0m
[  30% ] [90m[1m_update_scan_actions[22m | tiny_slug_anim_f3.png[39m[0m
[  30% ] [90m[1m_update_scan_actions[22m | tiny_zombie_idle_anim_f0.png[39m[0m
[  30% ] [90m[1m_update_scan_actions[22m | tiny_zombie_idle_anim_f1.png[39m[0m
[  31% ] [90m[1m_update_scan_actions[22m | tiny_zombie_idle_anim_f2.png[39m[0m
[  31% ] [90m[1m_update_scan_actions[22m | tiny_zombie_idle_anim_f3.png[39m[0m
[  31% ] [90m[1m_update_scan_actions[22m | tiny_zombie_run_anim_f0.png[39m[0m
[  31% ] [90m[1m_update_scan_actions[22m | tiny_zombie_run_anim_f1.png[39m[0m
[  31% ] [90m[1m_update_scan_actions[22m | tiny_zombie_run_anim_f2.png[39m[0m
[  31% ] [90m[1m_update_scan_actions[22m | tiny_zombie_run_anim_f3.png[39m[0m
[  31% ] [90m[1m_update_scan_actions[22m | ui_heart_empty.png[39m[0m
[  31% ] [90m[1m_update_scan_actions[22m | ui_heart_full.png[39m[0m
[  32% ] [90m[1m_update_scan_actions[22m | ui_heart_half.png[39m[0m
[  32% ] [90m[1m_update_scan_actions[22m | wall_banner_blue.png[39m[0m
[  32% ] [90m[1m_update_scan_actions[22m | wall_banner_green.png[39m[0m
[  32% ] [90m[1m_update_scan_actions[22m | wall_banner_red.png[39m[0m
[  32% ] [90m[1m_update_scan_actions[22m | wall_banner_yellow.png[39m[0m
[  32% ] [90m[1m_update_scan_actions[22m | wall_edge_bottom_left.png[39m[0m
[  32% ] [90m[1m_update_scan_actions[22m | wall_edge_bottom_right.png[39m[0m
[  32% ] [90m[1m_update_scan_actions[22m | wall_edge_left.png[39m[0m
[  33% ] [90m[1m_update_scan_actions[22m | wall_edge_mid_left.png[39m[0m
[  33% ] [90m[1m_update_scan_actions[22m | wall_edge_mid_right.png[39m[0m
[  33% ] [90m[1m_update_scan_actions[22m | wall_edge_right.png[39m[0m
[  33% ] [90m[1m_update_scan_actions[22m | wall_edge_top_left.png[39m[0m
[  33% ] [90m[1m_update_scan_actions[22m | wall_edge_top_right.png[39m[0m
[  33% ] [90m[1m_update_scan_actions[22m | wall_edge_tshape_bottom_left.png[39m[0m
[  33% ] [90m[1m_update_scan_actions[22m | wall_edge_tshape_bottom_right.png[39m[0m
[  33% ] [90m[1m_update_scan_actions[22m | wall_edge_tshape_left.png[39m[0m
[  34% ] [90m[1m_update_scan_actions[22m | wall_edge_tshape_right.png[39m[0m
[  34% ] [90m[1m_update_scan_actions[22m | wall_fountain_basin_blue_anim_f0.png[39m[0m
[  34% ] [90m[1m_update_scan_actions[22m | wall_fountain_basin_blue_anim_f1.png[39m[0m
[  34% ] [90m[1m_update_scan_actions[22m | wall_fountain_basin_blue_anim_f2.png[39m[0m
[  34% ] [90m[1m_update_scan_actions[22m | wall_fountain_basin_red_anim_f0.png[39m[0m
[  34% ] [90m[1m_update_scan_actions[22m | wall_fountain_basin_red_anim_f1.png[39m[0m
[  34% ] [90m[1m_update_scan_actions[22m | wall_fountain_basin_red_anim_f2.png[39m[0m
[  34% ] [90m[1m_update_scan_actions[22m | wall_fountain_mid_blue_anim_f0.png[39m[0m
[  34% ] [90m[1m_update_scan_actions[22m | wall_fountain_mid_blue_anim_f1.png[39m[0m
[  35% ] [90m[1m_update_scan_actions[22m | wall_fountain_mid_blue_anim_f2.png[39m[0m
[  35% ] [90m[1m_update_scan_actions[22m | wall_fountain_mid_red_anim_f0.png[39m[0m
[  35% ] [90m[1m_update_scan_actions[22m | wall_fountain_mid_red_anim_f1.png[39m[0m
[  35% ] [90m[1m_update_scan_actions[22m | wall_fountain_mid_red_anim_f2.png[39m[0m
[  35% ] [90m[1m_update_scan_actions[22m | wall_fountain_top_1.png[39m[0m
[  35% ] [90m[1m_update_scan_actions[22m | wall_fountain_top_2.png[39m[0m
[  35% ] [90m[1m_update_scan_actions[22m | wall_fountain_top_3.png[39m[0m
[  35% ] [90m[1m_update_scan_actions[22m | wall_goo.png[39m[0m
[  36% ] [90m[1m_update_scan_actions[22m | wall_goo_base.png[39m[0m
[  36% ] [90m[1m_update_scan_actions[22m | wall_hole_1.png[39m[0m
[  36% ] [90m[1m_update_scan_actions[22m | wall_hole_2.png[39m[0m
[  36% ] [90m[1m_update_scan_actions[22m | wall_left.png[39m[0m
[  36% ] [90m[1m_update_scan_actions[22m | wall_mid.png[39m[0m
[  36% ] [90m[1m_update_scan_actions[22m | wall_outer_front_left.png[39m[0m
[  36% ] [90m[1m_update_scan_actions[22m | wall_outer_front_right.png[39m[0m
[  36% ] [90m[1m_update_scan_actions[22m | wall_outer_mid_left.png[39m[0m
[  37% ] [90m[1m_update_scan_actions[22m | wall_outer_mid_right.png[39m[0m
[  37% ] [90m[1m_update_scan_actions[22m | wall_outer_top_left.png[39m[0m
[  37% ] [90m[1m_update_scan_actions[22m | wall_outer_top_right.png[39m[0m
[  37% ] [90m[1m_update_scan_actions[22m | wall_right.png[39m[0m
[  37% ] [90m[1m_update_scan_actions[22m | wall_top_left.png[39m[0m
[  37% ] [90m[1m_update_scan_actions[22m | wall_top_mid.png[39m[0m
[  37% ] [90m[1m_update_scan_actions[22m | wall_top_right.png[39m[0m
[  37% ] [90m[1m_update_scan_actions[22m | weapon_anime_sword.png[39m[0m
[  38% ] [90m[1m_update_scan_actions[22m | weapon_arrow.png[39m[0m
[  38% ] [90m[1m_update_scan_actions[22m | weapon_axe.png[39m[0m
[  38% ] [90m[1m_update_scan_actions[22m | weapon_baton_with_spikes.png[39m[0m
[  38% ] [90m[1m_update_scan_actions[22m | weapon_big_hammer.png[39m[0m
[  38% ] [90m[1m_update_scan_actions[22m | weapon_bow.png[39m[0m
[  38% ] [90m[1m_update_scan_actions[22m | weapon_bow_2.png[39m[0m
[  38% ] [90m[1m_update_scan_actions[22m | weapon_cleaver.png[39m[0m
[  38% ] [90m[1m_update_scan_actions[22m | weapon_double_axe.png[39m[0m
[  38% ] [90m[1m_update_scan_actions[22m | weapon_duel_sword.png[39m[0m
[  39% ] [90m[1m_update_scan_actions[22m | weapon_golden_sword.png[39m[0m
[  39% ] [90m[1m_update_scan_actions[22m | weapon_green_magic_staff.png[39m[0m
[  39% ] [90m[1m_update_scan_actions[22m | weapon_hammer.png[39m[0m
[  39% ] [90m[1m_update_scan_actions[22m | weapon_katana.png[39m[0m
[  39% ] [90m[1m_update_scan_actions[22m | weapon_knife.png[39m[0m
[  39% ] [90m[1m_update_scan_actions[22m | weapon_knight_sword.png[39m[0m
[  39% ] [90m[1m_update_scan_actions[22m | weapon_lavish_sword.png[39m[0m
[  39% ] [90m[1m_update_scan_actions[22m | weapon_mace.png[39m[0m
[  40% ] [90m[1m_update_scan_actions[22m | weapon_machete.png[39m[0m
[  40% ] [90m[1m_update_scan_actions[22m | weapon_red_gem_sword.png[39m[0m
[  40% ] [90m[1m_update_scan_actions[22m | weapon_red_magic_staff.png[39m[0m
[  40% ] [90m[1m_update_scan_actions[22m | weapon_regular_sword.png[39m[0m
[  40% ] [90m[1m_update_scan_actions[22m | weapon_rusty_sword.png[39m[0m
[  40% ] [90m[1m_update_scan_actions[22m | weapon_saw_sword.png[39m[0m
[  40% ] [90m[1m_update_scan_actions[22m | weapon_spear.png[39m[0m
[  40% ] [90m[1m_update_scan_actions[22m | weapon_throwing_axe.png[39m[0m
[  41% ] [90m[1m_update_scan_actions[22m | weapon_waraxe.png[39m[0m
[  41% ] [90m[1m_update_scan_actions[22m | wizzard_f_hit_anim_f0.png[39m[0m
[  41% ] [90m[1m_update_scan_actions[22m | wizzard_f_idle_anim_f0.png[39m[0m
[  41% ] [90m[1m_update_scan_actions[22m | wizzard_f_idle_anim_f1.png[39m[0m
[  41% ] [90m[1m_update_scan_actions[22m | wizzard_f_idle_anim_f2.png[39m[0m
[  41% ] [90m[1m_update_scan_actions[22m | wizzard_f_idle_anim_f3.png[39m[0m
[  41% ] [90m[1m_update_scan_actions[22m | wizzard_f_run_anim_f0.png[39m[0m
[  41% ] [90m[1m_update_scan_actions[22m | wizzard_f_run_anim_f1.png[39m[0m
[  42% ] [90m[1m_update_scan_actions[22m | wizzard_f_run_anim_f2.png[39m[0m
[  42% ] [90m[1m_update_scan_actions[22m | wizzard_f_run_anim_f3.png[39m[0m
[  42% ] [90m[1m_update_scan_actions[22m | wizzard_m_hit_anim_f0.png[39m[0m
[  42% ] [90m[1m_update_scan_actions[22m | wizzard_m_idle_anim_f0.png[39m[0m
[  42% ] [90m[1m_update_scan_actions[22m | wizzard_m_idle_anim_f1.png[39m[0m
[  42% ] [90m[1m_update_scan_actions[22m | wizzard_m_idle_anim_f2.png[39m[0m
[  42% ] [90m[1m_update_scan_actions[22m | wizzard_m_idle_anim_f3.png[39m[0m
[  42% ] [90m[1m_update_scan_actions[22m | wizzard_m_run_anim_f0.png[39m[0m
[  42% ] [90m[1m_update_scan_actions[22m | wizzard_m_run_anim_f1.png[39m[0m
[  43% ] [90m[1m_update_scan_actions[22m | wizzard_m_run_anim_f2.png[39m[0m
[  43% ] [90m[1m_update_scan_actions[22m | wizzard_m_run_anim_f3.png[39m[0m
[  43% ] [90m[1m_update_scan_actions[22m | wogol_idle_anim_f0.png[39m[0m
[  43% ] [90m[1m_update_scan_actions[22m | wogol_idle_anim_f1.png[39m[0m
[  43% ] [90m[1m_update_scan_actions[22m | wogol_idle_anim_f2.png[39m[0m
[  43% ] [90m[1m_update_scan_actions[22m | wogol_idle_anim_f3.png[39m[0m
[  43% ] [90m[1m_update_scan_actions[22m | wogol_run_anim_f0.png[39m[0m
[  43% ] [90m[1m_update_scan_actions[22m | wogol_run_anim_f1.png[39m[0m
[  44% ] [90m[1m_update_scan_actions[22m | wogol_run_anim_f2.png[39m[0m
[  44% ] [90m[1m_update_scan_actions[22m | wogol_run_anim_f3.png[39m[0m
[  44% ] [90m[1m_update_scan_actions[22m | zombie_anim_f1.png[39m[0m
[  44% ] [90m[1m_update_scan_actions[22m | zombie_anim_f2.png[39m[0m
[  44% ] [90m[1m_update_scan_actions[22m | zombie_anim_f3.png[39m[0m
[  44% ] [90m[1m_update_scan_actions[22m | zombie_anim_f10.png[39m[0m
[  44% ] [90m[1m_update_scan_actions[22m | 0x72_DungeonTilesetII_v1.7.png[39m[0m
[  44% ] [90m[1m_update_scan_actions[22m | atlas_floor-16x16.png[39m[0m
[  45% ] [90m[1m_update_scan_actions[22m | atlas_walls_high-16x32.png[39m[0m
[  45% ] [90m[1m_update_scan_actions[22m | atlas_walls_low-16x16.png[39m[0m
[  45% ] [90m[1m_update_scan_actions[22m | roguelikeChar_magenta.png[39m[0m
[  45% ] [90m[1m_update_scan_actions[22m | roguelikeChar_transparent.png[39m[0m
[  45% ] [90m[1m_update_scan_actions[22m | Preview.png[39m[0m
[  45% ] [90m[1m_update_scan_actions[22m | Sample.png[39m[0m
[  45% ] [90m[1m_update_scan_actions[22m | hurt.png[39m[0m
[  45% ] [90m[1m_update_scan_actions[22m | idle.png[39m[0m
[  46% ] [90m[1m_update_scan_actions[22m | shoot.png[39m[0m
[  46% ] [90m[1m_update_scan_actions[22m | slash.png[39m[0m
[  46% ] [90m[1m_update_scan_actions[22m | spellcast.png[39m[0m
[  46% ] [90m[1m_update_scan_actions[22m | thrust.png[39m[0m
[  46% ] [90m[1m_update_scan_actions[22m | walk.png[39m[0m
[  46% ] [90m[1m_update_scan_actions[22m | hurt.png[39m[0m
[  46% ] [90m[1m_update_scan_actions[22m | idle.png[39m[0m
[  46% ] [90m[1m_update_scan_actions[22m | shoot.png[39m[0m
[  46% ] [90m[1m_update_scan_actions[22m | slash.png[39m[0m
[  47% ] [90m[1m_update_scan_actions[22m | spellcast.png[39m[0m
[  47% ] [90m[1m_update_scan_actions[22m | thrust.png[39m[0m
[  47% ] [90m[1m_update_scan_actions[22m | walk.png[39m[0m
[  47% ] [90m[1m_update_scan_actions[22m | hurt.png[39m[0m
[  47% ] [90m[1m_update_scan_actions[22m | idle.png[39m[0m
[  47% ] [90m[1m_update_scan_actions[22m | shoot.png[39m[0m
[  47% ] [90m[1m_update_scan_actions[22m | slash.png[39m[0m
[  47% ] [90m[1m_update_scan_actions[22m | spellcast.png[39m[0m
[  48% ] [90m[1m_update_scan_actions[22m | thrust.png[39m[0m
[  48% ] [90m[1m_update_scan_actions[22m | walk.png[39m[0m
[  48% ] [90m[1m_update_scan_actions[22m | hurt.png[39m[0m
[  48% ] [90m[1m_update_scan_actions[22m | idle.png[39m[0m
[  48% ] [90m[1m_update_scan_actions[22m | shoot.png[39m[0m
[  48% ] [90m[1m_update_scan_actions[22m | slash.png[39m[0m
[  48% ] [90m[1m_update_scan_actions[22m | spellcast.png[39m[0m
[  48% ] [90m[1m_update_scan_actions[22m | thrust.png[39m[0m
[  49% ] [90m[1m_update_scan_actions[22m | walk.png[39m[0m
[  49% ] [90m[1m_update_scan_actions[22m | hurt.png[39m[0m
[  49% ] [90m[1m_update_scan_actions[22m | idle.png[39m[0m
[  49% ] [90m[1m_update_scan_actions[22m | shoot.png[39m[0m
[  49% ] [90m[1m_update_scan_actions[22m | slash.png[39m[0m
[  49% ] [90m[1m_update_scan_actions[22m | spellcast.png[39m[0m
[  49% ] [90m[1m_update_scan_actions[22m | thrust.png[39m[0m
[  49% ] [90m[1m_update_scan_actions[22m | walk.png[39m[0m
[  50% ] [90m[1m_update_scan_actions[22m | hurt.png[39m[0m
[  50% ] [90m[1m_update_scan_actions[22m | idle.png[39m[0m
[  50% ] [90m[1m_update_scan_actions[22m | shoot.png[39m[0m
[  50% ] [90m[1m_update_scan_actions[22m | slash.png[39m[0m
[  50% ] [90m[1m_update_scan_actions[22m | spellcast.png[39m[0m
[  50% ] [90m[1m_update_scan_actions[22m | thrust.png[39m[0m
[  50% ] [90m[1m_update_scan_actions[22m | walk.png[39m[0m
[  50% ] [90m[1m_update_scan_actions[22m | hurt.png[39m[0m
[  50% ] [90m[1m_update_scan_actions[22m | idle.png[39m[0m
[  51% ] [90m[1m_update_scan_actions[22m | shoot.png[39m[0m
[  51% ] [90m[1m_update_scan_actions[22m | slash.png[39m[0m
[  51% ] [90m[1m_update_scan_actions[22m | spellcast.png[39m[0m
[  51% ] [90m[1m_update_scan_actions[22m | thrust.png[39m[0m
[  51% ] [90m[1m_update_scan_actions[22m | walk.png[39m[0m
[  51% ] [90m[1m_update_scan_actions[22m | hurt.png[39m[0m
[  51% ] [90m[1m_update_scan_actions[22m | idle.png[39m[0m
[  51% ] [90m[1m_update_scan_actions[22m | shoot.png[39m[0m
[  52% ] [90m[1m_update_scan_actions[22m | slash.png[39m[0m
[  52% ] [90m[1m_update_scan_actions[22m | spellcast.png[39m[0m
[  52% ] [90m[1m_update_scan_actions[22m | thrust.png[39m[0m
[  52% ] [90m[1m_update_scan_actions[22m | walk.png[39m[0m
[  52% ] [90m[1m_update_scan_actions[22m | hurt.png[39m[0m
[  52% ] [90m[1m_update_scan_actions[22m | idle.png[39m[0m
[  52% ] [90m[1m_update_scan_actions[22m | shoot.png[39m[0m
[  52% ] [90m[1m_update_scan_actions[22m | slash.png[39m[0m
[  53% ] [90m[1m_update_scan_actions[22m | spellcast.png[39m[0m
[  53% ] [90m[1m_update_scan_actions[22m | thrust.png[39m[0m
[  53% ] [90m[1m_update_scan_actions[22m | walk.png[39m[0m
[  53% ] [90m[1m_update_scan_actions[22m | hurt.png[39m[0m
[  53% ] [90m[1m_update_scan_actions[22m | idle.png[39m[0m
[  53% ] [90m[1m_update_scan_actions[22m | shoot.png[39m[0m
[  53% ] [90m[1m_update_scan_actions[22m | slash.png[39m[0m
[  53% ] [90m[1m_update_scan_actions[22m | spellcast.png[39m[0m
[  53% ] [90m[1m_update_scan_actions[22m | thrust.png[39m[0m
[  54% ] [90m[1m_update_scan_actions[22m | walk.png[39m[0m
[  54% ] [90m[1m_update_scan_actions[22m | hurt.png[39m[0m
[  54% ] [90m[1m_update_scan_actions[22m | idle.png[39m[0m
[  54% ] [90m[1m_update_scan_actions[22m | shoot.png[39m[0m
[  54% ] [90m[1m_update_scan_actions[22m | slash.png[39m[0m
[  54% ] [90m[1m_update_scan_actions[22m | spellcast.png[39m[0m
[  54% ] [90m[1m_update_scan_actions[22m | thrust.png[39m[0m
[  54% ] [90m[1m_update_scan_actions[22m | walk.png[39m[0m
[  55% ] [90m[1m_update_scan_actions[22m | hurt.png[39m[0m
[  55% ] [90m[1m_update_scan_actions[22m | idle.png[39m[0m
[  55% ] [90m[1m_update_scan_actions[22m | shoot.png[39m[0m
[  55% ] [90m[1m_update_scan_actions[22m | slash.png[39m[0m
[  55% ] [90m[1m_update_scan_actions[22m | spellcast.png[39m[0m
[  55% ] [90m[1m_update_scan_actions[22m | thrust.png[39m[0m
[  55% ] [90m[1m_update_scan_actions[22m | walk.png[39m[0m
[  55% ] [90m[1m_update_scan_actions[22m | hurt.png[39m[0m
[  56% ] [90m[1m_update_scan_actions[22m | idle.png[39m[0m
[  56% ] [90m[1m_update_scan_actions[22m | shoot.png[39m[0m
[  56% ] [90m[1m_update_scan_actions[22m | slash.png[39m[0m
[  56% ] [90m[1m_update_scan_actions[22m | spellcast.png[39m[0m
[  56% ] [90m[1m_update_scan_actions[22m | thrust.png[39m[0m
[  56% ] [90m[1m_update_scan_actions[22m | walk.png[39m[0m
[  56% ] [90m[1m_update_scan_actions[22m | blue.png[39m[0m
[  56% ] [90m[1m_update_scan_actions[22m | purple.png[39m[0m
[  57% ] [90m[1m_update_scan_actions[22m | blue.png[39m[0m
[  57% ] [90m[1m_update_scan_actions[22m | purple.png[39m[0m
[  57% ] [90m[1m_update_scan_actions[22m | blue.png[39m[0m
[  57% ] [90m[1m_update_scan_actions[22m | purple.png[39m[0m
[  57% ] [90m[1m_update_scan_actions[22m | blue.png[39m[0m
[  57% ] [90m[1m_update_scan_actions[22m | purple.png[39m[0m
[  57% ] [90m[1m_update_scan_actions[22m | blue.png[39m[0m
[  57% ] [90m[1m_update_scan_actions[22m | purple.png[39m[0m
[  57% ] [90m[1m_update_scan_actions[22m | blue.png[39m[0m
[  58% ] [90m[1m_update_scan_actions[22m | purple.png[39m[0m
[  58% ] [90m[1m_update_scan_actions[22m | blue.png[39m[0m
[  58% ] [90m[1m_update_scan_actions[22m | purple.png[39m[0m
[  58% ] [90m[1m_update_scan_actions[22m | hurt.png[39m[0m
[  58% ] [90m[1m_update_scan_actions[22m | idle.png[39m[0m
[  58% ] [90m[1m_update_scan_actions[22m | shoot.png[39m[0m
[  58% ] [90m[1m_update_scan_actions[22m | slash.png[39m[0m
[  58% ] [90m[1m_update_scan_actions[22m | spellcast.png[39m[0m
[  59% ] [90m[1m_update_scan_actions[22m | thrust.png[39m[0m
[  59% ] [90m[1m_update_scan_actions[22m | walk.png[39m[0m
[  59% ] [90m[1m_update_scan_actions[22m | hurt.png[39m[0m
[  59% ] [90m[1m_update_scan_actions[22m | idle.png[39m[0m
[  59% ] [90m[1m_update_scan_actions[22m | shoot.png[39m[0m
[  59% ] [90m[1m_update_scan_actions[22m | slash.png[39m[0m
[  59% ] [90m[1m_update_scan_actions[22m | spellcast.png[39m[0m
[  59% ] [90m[1m_update_scan_actions[22m | thrust.png[39m[0m
[  60% ] [90m[1m_update_scan_actions[22m | walk.png[39m[0m
[  60% ] [90m[1m_update_scan_actions[22m | hurt.png[39m[0m
[  60% ] [90m[1m_update_scan_actions[22m | idle.png[39m[0m
[  60% ] [90m[1m_update_scan_actions[22m | shoot.png[39m[0m
[  60% ] [90m[1m_update_scan_actions[22m | slash.png[39m[0m
[  60% ] [90m[1m_update_scan_actions[22m | spellcast.png[39m[0m
[  60% ] [90m[1m_update_scan_actions[22m | thrust.png[39m[0m
[  60% ] [90m[1m_update_scan_actions[22m | walk.png[39m[0m
[  61% ] [90m[1m_update_scan_actions[22m | hurt.png[39m[0m
[  61% ] [90m[1m_update_scan_actions[22m | idle.png[39m[0m
[  61% ] [90m[1m_update_scan_actions[22m | shoot.png[39m[0m
[  61% ] [90m[1m_update_scan_actions[22m | slash.png[39m[0m
[  61% ] [90m[1m_update_scan_actions[22m | spellcast.png[39m[0m
[  61% ] [90m[1m_update_scan_actions[22m | thrust.png[39m[0m
[  61% ] [90m[1m_update_scan_actions[22m | walk.png[39m[0m
[  61% ] [90m[1m_update_scan_actions[22m | hurt.png[39m[0m
[  61% ] [90m[1m_update_scan_actions[22m | idle.png[39m[0m
[  62% ] [90m[1m_update_scan_actions[22m | shoot.png[39m[0m
[  62% ] [90m[1m_update_scan_actions[22m | slash.png[39m[0m
[  62% ] [90m[1m_update_scan_actions[22m | spellcast.png[39m[0m
[  62% ] [90m[1m_update_scan_actions[22m | thrust.png[39m[0m
[  62% ] [90m[1m_update_scan_actions[22m | walk.png[39m[0m
[  62% ] [90m[1m_update_scan_actions[22m | hurt.png[39m[0m
[  62% ] [90m[1m_update_scan_actions[22m | idle.png[39m[0m
[  62% ] [90m[1m_update_scan_actions[22m | shoot.png[39m[0m
[  63% ] [90m[1m_update_scan_actions[22m | slash.png[39m[0m
[  63% ] [90m[1m_update_scan_actions[22m | spellcast.png[39m[0m
[  63% ] [90m[1m_update_scan_actions[22m | thrust.png[39m[0m
[  63% ] [90m[1m_update_scan_actions[22m | walk.png[39m[0m
[  63% ] [90m[1m_update_scan_actions[22m | hurt.png[39m[0m
[  63% ] [90m[1m_update_scan_actions[22m | idle.png[39m[0m
[  63% ] [90m[1m_update_scan_actions[22m | shoot.png[39m[0m
[  63% ] [90m[1m_update_scan_actions[22m | slash.png[39m[0m
[  64% ] [90m[1m_update_scan_actions[22m | spellcast.png[39m[0m
[  64% ] [90m[1m_update_scan_actions[22m | thrust.png[39m[0m
[  64% ] [90m[1m_update_scan_actions[22m | walk.png[39m[0m
[  64% ] [90m[1m_update_scan_actions[22m | brown.png[39m[0m
[  64% ] [90m[1m_update_scan_actions[22m | brown.png[39m[0m
[  64% ] [90m[1m_update_scan_actions[22m | brown.png[39m[0m
[  64% ] [90m[1m_update_scan_actions[22m | hurt.png[39m[0m
[  64% ] [90m[1m_update_scan_actions[22m | idle.png[39m[0m
[  65% ] [90m[1m_update_scan_actions[22m | shoot.png[39m[0m
[  65% ] [90m[1m_update_scan_actions[22m | slash.png[39m[0m
[  65% ] [90m[1m_update_scan_actions[22m | spellcast.png[39m[0m
[  65% ] [90m[1m_update_scan_actions[22m | thrust.png[39m[0m
[  65% ] [90m[1m_update_scan_actions[22m | walk.png[39m[0m
[  65% ] [90m[1m_update_scan_actions[22m | hurt.png[39m[0m
[  65% ] [90m[1m_update_scan_actions[22m | idle.png[39m[0m
[  65% ] [90m[1m_update_scan_actions[22m | shoot.png[39m[0m
[  65% ] [90m[1m_update_scan_actions[22m | slash.png[39m[0m
[  66% ] [90m[1m_update_scan_actions[22m | spellcast.png[39m[0m
[  66% ] [90m[1m_update_scan_actions[22m | thrust.png[39m[0m
[  66% ] [90m[1m_update_scan_actions[22m | walk.png[39m[0m
[  66% ] [90m[1m_update_scan_actions[22m | hurt.png[39m[0m
[  66% ] [90m[1m_update_scan_actions[22m | shoot.png[39m[0m
[  66% ] [90m[1m_update_scan_actions[22m | slash.png[39m[0m
[  66% ] [90m[1m_update_scan_actions[22m | spellcast.png[39m[0m
[  66% ] [90m[1m_update_scan_actions[22m | walk.png[39m[0m
[  67% ] [90m[1m_update_scan_actions[22m | hurt.png[39m[0m
[  67% ] [90m[1m_update_scan_actions[22m | idle.png[39m[0m
[  67% ] [90m[1m_update_scan_actions[22m | shoot.png[39m[0m
[  67% ] [90m[1m_update_scan_actions[22m | slash.png[39m[0m
[  67% ] [90m[1m_update_scan_actions[22m | spellcast.png[39m[0m
[  67% ] [90m[1m_update_scan_actions[22m | thrust.png[39m[0m
[  67% ] [90m[1m_update_scan_actions[22m | walk.png[39m[0m
[  67% ] [90m[1m_update_scan_actions[22m | hurt.png[39m[0m
[  68% ] [90m[1m_update_scan_actions[22m | idle.png[39m[0m
[  68% ] [90m[1m_update_scan_actions[22m | shoot.png[39m[0m
[  68% ] [90m[1m_update_scan_actions[22m | slash.png[39m[0m
[  68% ] [90m[1m_update_scan_actions[22m | spellcast.png[39m[0m
[  68% ] [90m[1m_update_scan_actions[22m | thrust.png[39m[0m
[  68% ] [90m[1m_update_scan_actions[22m | walk.png[39m[0m
[  68% ] [90m[1m_update_scan_actions[22m | blue.png[39m[0m
[  68% ] [90m[1m_update_scan_actions[22m | brown.png[39m[0m
[  69% ] [90m[1m_update_scan_actions[22m | forest.png[39m[0m
[  69% ] [90m[1m_update_scan_actions[22m | navy.png[39m[0m
[  69% ] [90m[1m_update_scan_actions[22m | purple.png[39m[0m
[  69% ] [90m[1m_update_scan_actions[22m | blue.png[39m[0m
[  69% ] [90m[1m_update_scan_actions[22m | brown.png[39m[0m
[  69% ] [90m[1m_update_scan_actions[22m | forest.png[39m[0m
[  69% ] [90m[1m_update_scan_actions[22m | navy.png[39m[0m
[  69% ] [90m[1m_update_scan_actions[22m | purple.png[39m[0m
[  69% ] [90m[1m_update_scan_actions[22m | blue.png[39m[0m
[  70% ] [90m[1m_update_scan_actions[22m | brown.png[39m[0m
[  70% ] [90m[1m_update_scan_actions[22m | forest.png[39m[0m
[  70% ] [90m[1m_update_scan_actions[22m | navy.png[39m[0m
[  70% ] [90m[1m_update_scan_actions[22m | purple.png[39m[0m
[  70% ] [90m[1m_update_scan_actions[22m | blue.png[39m[0m
[  70% ] [90m[1m_update_scan_actions[22m | brown.png[39m[0m
[  70% ] [90m[1m_update_scan_actions[22m | forest.png[39m[0m
[  70% ] [90m[1m_update_scan_actions[22m | navy.png[39m[0m
[  71% ] [90m[1m_update_scan_actions[22m | purple.png[39m[0m
[  71% ] [90m[1m_update_scan_actions[22m | blue.png[39m[0m
[  71% ] [90m[1m_update_scan_actions[22m | brown.png[39m[0m
[  71% ] [90m[1m_update_scan_actions[22m | forest.png[39m[0m
[  71% ] [90m[1m_update_scan_actions[22m | navy.png[39m[0m
[  71% ] [90m[1m_update_scan_actions[22m | purple.png[39m[0m
[  71% ] [90m[1m_update_scan_actions[22m | blue.png[39m[0m
[  71% ] [90m[1m_update_scan_actions[22m | brown.png[39m[0m
[  72% ] [90m[1m_update_scan_actions[22m | forest.png[39m[0m
[  72% ] [90m[1m_update_scan_actions[22m | navy.png[39m[0m
[  72% ] [90m[1m_update_scan_actions[22m | purple.png[39m[0m
[  72% ] [90m[1m_update_scan_actions[22m | blue.png[39m[0m
[  72% ] [90m[1m_update_scan_actions[22m | brown.png[39m[0m
[  72% ] [90m[1m_update_scan_actions[22m | forest.png[39m[0m
[  72% ] [90m[1m_update_scan_actions[22m | navy.png[39m[0m
[  72% ] [90m[1m_update_scan_actions[22m | purple.png[39m[0m
[  73% ] [90m[1m_update_scan_actions[22m | blue.png[39m[0m
[  73% ] [90m[1m_update_scan_actions[22m | brown.png[39m[0m
[  73% ] [90m[1m_update_scan_actions[22m | forest.png[39m[0m
[  73% ] [90m[1m_update_scan_actions[22m | navy.png[39m[0m
[  73% ] [90m[1m_update_scan_actions[22m | purple.png[39m[0m
[  73% ] [90m[1m_update_scan_actions[22m | blue.png[39m[0m
[  73% ] [90m[1m_update_scan_actions[22m | brown.png[39m[0m
[  73% ] [90m[1m_update_scan_actions[22m | forest.png[39m[0m
[  73% ] [90m[1m_update_scan_actions[22m | navy.png[39m[0m
[  74% ] [90m[1m_update_scan_actions[22m | purple.png[39m[0m
[  74% ] [90m[1m_update_scan_actions[22m | blue.png[39m[0m
[  74% ] [90m[1m_update_scan_actions[22m | brown.png[39m[0m
[  74% ] [90m[1m_update_scan_actions[22m | forest.png[39m[0m
[  74% ] [90m[1m_update_scan_actions[22m | navy.png[39m[0m
[  74% ] [90m[1m_update_scan_actions[22m | purple.png[39m[0m
[  74% ] [90m[1m_update_scan_actions[22m | blue.png[39m[0m
[  74% ] [90m[1m_update_scan_actions[22m | brown.png[39m[0m
[  75% ] [90m[1m_update_scan_actions[22m | forest.png[39m[0m
[  75% ] [90m[1m_update_scan_actions[22m | navy.png[39m[0m
[  75% ] [90m[1m_update_scan_actions[22m | purple.png[39m[0m
[  75% ] [90m[1m_update_scan_actions[22m | blue.png[39m[0m
[  75% ] [90m[1m_update_scan_actions[22m | brown.png[39m[0m
[  75% ] [90m[1m_update_scan_actions[22m | forest.png[39m[0m
[  75% ] [90m[1m_update_scan_actions[22m | navy.png[39m[0m
[  75% ] [90m[1m_update_scan_actions[22m | purple.png[39m[0m
[  76% ] [90m[1m_update_scan_actions[22m | cane.png[39m[0m
[  76% ] [90m[1m_update_scan_actions[22m | cane.png[39m[0m
[  76% ] [90m[1m_update_scan_actions[22m | cane.png[39m[0m
[  76% ] [90m[1m_update_scan_actions[22m | cane.png[39m[0m
[  76% ] [90m[1m_update_scan_actions[22m | hurt.png[39m[0m
[  76% ] [90m[1m_update_scan_actions[22m | shoot.png[39m[0m
[  76% ] [90m[1m_update_scan_actions[22m | hurt.png[39m[0m
[  76% ] [90m[1m_update_scan_actions[22m | shoot.png[39m[0m
[  76% ] [90m[1m_update_scan_actions[22m | medium.png[39m[0m
[  77% ] [90m[1m_update_scan_actions[22m | medium.png[39m[0m
[  77% ] [90m[1m_update_scan_actions[22m | dagger.png[39m[0m
[  77% ] [90m[1m_update_scan_actions[22m | dagger.png[39m[0m
[  77% ] [90m[1m_update_scan_actions[22m | dagger.png[39m[0m
[  77% ] [90m[1m_update_scan_actions[22m | dagger.png[39m[0m
[  77% ] [90m[1m_update_scan_actions[22m | dagger.png[39m[0m
[  77% ] [90m[1m_update_scan_actions[22m | dagger.png[39m[0m
[  77% ] [90m[1m_update_scan_actions[22m | longsword.png[39m[0m
[  78% ] [90m[1m_update_scan_actions[22m | longsword.png[39m[0m
[  78% ] [90m[1m_update_scan_actions[22m | CREDITS.csv[39m[0m
[  78% ] [90m[1m_update_scan_actions[22m | blonde2.png[39m[0m
[  78% ] [90m[1m_update_scan_actions[22m | blonde3.png[39m[0m
[  78% ] [90m[1m_update_scan_actions[22m | blonde4.png[39m[0m
[  78% ] [90m[1m_update_scan_actions[22m | blonde.png[39m[0m
[  78% ] [90m[1m_update_scan_actions[22m | Slash_Cyan.png[39m[0m
[  78% ] [90m[1m_update_scan_actions[22m | Slash_Magenta.png[39m[0m
[  79% ] [90m[1m_update_scan_actions[22m | Slash_Orange.png[39m[0m
[  79% ] [90m[1m_update_scan_actions[22m | Slash_Red.png[39m[0m
[  79% ] [90m[1m_update_scan_actions[22m | Slash_White.png[39m[0m
[  79% ] [90m[1m_update_scan_actions[22m | Slash_Yellow.png[39m[0m
[  79% ] [90m[1m_update_scan_actions[22m | 1haxe.png[39m[0m
[  79% ] [90m[1m_update_scan_actions[22m | 1hhammer.png[39m[0m
[  79% ] [90m[1m_update_scan_actions[22m | 1hmace.png[39m[0m
[  79% ] [90m[1m_update_scan_actions[22m | chainhelm.png[39m[0m
[  80% ] [90m[1m_update_scan_actions[22m | Chainmail.png[39m[0m
[  80% ] [90m[1m_update_scan_actions[22m | doubleaxe.png[39m[0m
[  80% ] [90m[1m_update_scan_actions[22m | hammer.png[39m[0m
[  80% ] [90m[1m_update_scan_actions[22m | helmet.png[39m[0m
[  80% ] [90m[1m_update_scan_actions[22m | leatherchest.png[39m[0m
[  80% ] [90m[1m_update_scan_actions[22m | leatherhood2.png[39m[0m
[  80% ] [90m[1m_update_scan_actions[22m | leatherhood.png[39m[0m
[  80% ] [90m[1m_update_scan_actions[22m | leatherpants.png[39m[0m
[  80% ] [90m[1m_update_scan_actions[22m | mask.png[39m[0m
[  81% ] [90m[1m_update_scan_actions[22m | Shield.png[39m[0m
[  81% ] [90m[1m_update_scan_actions[22m | steelchest.png[39m[0m
[  81% ] [90m[1m_update_scan_actions[22m | steelgloves.png[39m[0m
[  81% ] [90m[1m_update_scan_actions[22m | steelgreathelm.png[39m[0m
[  81% ] [90m[1m_update_scan_actions[22m | steelpants.png[39m[0m
[  81% ] [90m[1m_update_scan_actions[22m | steelsword.png[39m[0m
[  81% ] [90m[1m_update_scan_actions[22m | strawhat.png[39m[0m
[  81% ] [90m[1m_update_scan_actions[22m | Sword.png[39m[0m
[  82% ] [90m[1m_update_scan_actions[22m | towershieldsteel.png[39m[0m
[  82% ] [90m[1m_update_scan_actions[22m | wizardhat.png[39m[0m
[  82% ] [90m[1m_update_scan_actions[22m | Bone.png[39m[0m
[  82% ] [90m[1m_update_scan_actions[22m | ZombieHead.png[39m[0m
[  82% ] [90m[1m_update_scan_actions[22m | Eyeball.png[39m[0m
[  82% ] [90m[1m_update_scan_actions[22m | Ghost.png[39m[0m
[  82% ] [90m[1m_update_scan_actions[22m | goblin.png[39m[0m
[  82% ] [90m[1m_update_scan_actions[22m | golem.png[39m[0m
[  83% ] [90m[1m_update_scan_actions[22m | Skeleton.png[39m[0m
[  83% ] [90m[1m_update_scan_actions[22m | spider.png[39m[0m
[  83% ] [90m[1m_update_scan_actions[22m | Zombie.png[39m[0m
[  83% ] [90m[1m_update_scan_actions[22m | Chest.png[39m[0m
[  83% ] [90m[1m_update_scan_actions[22m | Character.png[39m[0m
[  83% ] [90m[1m_update_scan_actions[22m | battle-640x360.png[39m[0m
[  83% ] [90m[1m_update_scan_actions[22m | battle-1280x720.png[39m[0m
[  83% ] [90m[1m_update_scan_actions[22m | battle-2560x1440.png[39m[0m
[  84% ] [90m[1m_update_scan_actions[22m | party-history.png[39m[0m
[  84% ] [90m[1m_update_scan_actions[22m | regional-consequences.png[39m[0m
[  84% ] [90m[1m_update_scan_actions[22m | site-encounter.png[39m[0m
[  84% ] [90m[1m_update_scan_actions[22m | victory.png[39m[0m
[  84% ] [90m[1m_update_scan_actions[22m | combat-640x360.png[39m[0m
[  84% ] [90m[1m_update_scan_actions[22m | combat-1280x720.png[39m[0m
[  84% ] [90m[1m_update_scan_actions[22m | combat-2560x1440.png[39m[0m
[  84% ] [90m[1m_update_scan_actions[22m | defeat-results.png[39m[0m
[  84% ] [90m[1m_update_scan_actions[22m | defeat.png[39m[0m
[  85% ] [90m[1m_update_scan_actions[22m | expedition.png[39m[0m
[  85% ] [90m[1m_update_scan_actions[22m | hometown-choice.png[39m[0m
[  85% ] [90m[1m_update_scan_actions[22m | party-prepared.png[39m[0m
[  85% ] [90m[1m_update_scan_actions[22m | party.png[39m[0m
[  85% ] [90m[1m_update_scan_actions[22m | results.png[39m[0m
[  85% ] [90m[1m_update_scan_actions[22m | returned-home.png[39m[0m
[  85% ] [90m[1m_update_scan_actions[22m | site.png[39m[0m
[  85% ] [90m[1m_update_scan_actions[22m | victory.png[39m[0m
[  86% ] [90m[1m_update_scan_actions[22m | world-created.png[39m[0m
[  86% ] [90m[1m_update_scan_actions[22m | art-0x72-640x360.png[39m[0m
[  86% ] [90m[1m_update_scan_actions[22m | art-0x72-1280x720.png[39m[0m
[  86% ] [90m[1m_update_scan_actions[22m | art-0x72-2560x1440.png[39m[0m
[  86% ] [90m[1m_update_scan_actions[22m | art-kenney-640x360.png[39m[0m
[  86% ] [90m[1m_update_scan_actions[22m | art-kenney-1280x720.png[39m[0m
[  86% ] [90m[1m_update_scan_actions[22m | art-kenney-2560x1440.png[39m[0m
[  86% ] [90m[1m_update_scan_actions[22m | art-lpc-640x360.png[39m[0m
[  87% ] [90m[1m_update_scan_actions[22m | art-lpc-1280x720.png[39m[0m
[  87% ] [90m[1m_update_scan_actions[22m | art-lpc-2560x1440.png[39m[0m
[  87% ] [90m[1m_update_scan_actions[22m | art-navinius-640x360.png[39m[0m
[  87% ] [90m[1m_update_scan_actions[22m | art-navinius-1280x720.png[39m[0m
[  87% ] [90m[1m_update_scan_actions[22m | art-navinius-2560x1440.png[39m[0m
[  87% ] [90m[1m_update_scan_actions[22m | combat-640x360.png[39m[0m
[  87% ] [90m[1m_update_scan_actions[22m | combat-1280x720.png[39m[0m
[  87% ] [90m[1m_update_scan_actions[22m | combat-2560x1440.png[39m[0m
[  88% ] [90m[1m_update_scan_actions[22m | defeat-results.png[39m[0m
[  88% ] [90m[1m_update_scan_actions[22m | defeat.png[39m[0m
[  88% ] [90m[1m_update_scan_actions[22m | effect-attack-00.png[39m[0m
[  88% ] [90m[1m_update_scan_actions[22m | effect-attack-01.png[39m[0m
[  88% ] [90m[1m_update_scan_actions[22m | effect-attack-02.png[39m[0m
[  88% ] [90m[1m_update_scan_actions[22m | effect-attack-03.png[39m[0m
[  88% ] [90m[1m_update_scan_actions[22m | effect-attack-04.png[39m[0m
[  88% ] [90m[1m_update_scan_actions[22m | effect-attack-05.png[39m[0m
[  88% ] [90m[1m_update_scan_actions[22m | effect-attack-06.png[39m[0m
[  89% ] [90m[1m_update_scan_actions[22m | effect-attack-07.png[39m[0m
[  89% ] [90m[1m_update_scan_actions[22m | effect-move-00.png[39m[0m
[  89% ] [90m[1m_update_scan_actions[22m | effect-move-01.png[39m[0m
[  89% ] [90m[1m_update_scan_actions[22m | effect-move-02.png[39m[0m
[  89% ] [90m[1m_update_scan_actions[22m | effect-move-03.png[39m[0m
[  89% ] [90m[1m_update_scan_actions[22m | effect-move-04.png[39m[0m
[  89% ] [90m[1m_update_scan_actions[22m | effect-move-05.png[39m[0m
[  89% ] [90m[1m_update_scan_actions[22m | effect-move-06.png[39m[0m
[  90% ] [90m[1m_update_scan_actions[22m | effect-move-07.png[39m[0m
[  90% ] [90m[1m_update_scan_actions[22m | expedition.png[39m[0m
[  90% ] [90m[1m_update_scan_actions[22m | hometown-choice.png[39m[0m
[  90% ] [90m[1m_update_scan_actions[22m | party-prepared.png[39m[0m
[  90% ] [90m[1m_update_scan_actions[22m | party.png[39m[0m
[  90% ] [90m[1m_update_scan_actions[22m | results.png[39m[0m
[  90% ] [90m[1m_update_scan_actions[22m | returned-home.png[39m[0m
[  90% ] [90m[1m_update_scan_actions[22m | site.png[39m[0m
[  91% ] [90m[1m_update_scan_actions[22m | victory.png[39m[0m
[  91% ] [90m[1m_update_scan_actions[22m | world-created.png[39m[0m
[  91% ] [90m[1m_update_scan_actions[22m | after-640x360.png[39m[0m
[  91% ] [90m[1m_update_scan_actions[22m | after-1280x720.png[39m[0m
[  91% ] [90m[1m_update_scan_actions[22m | after-2560x1440.png[39m[0m
[  91% ] [90m[1m_update_scan_actions[22m | before-640x360.png[39m[0m
[  91% ] [90m[1m_update_scan_actions[22m | before-1280x720.png[39m[0m
[  91% ] [90m[1m_update_scan_actions[22m | before-2560x1440.png[39m[0m
[  92% ] [90m[1m_update_scan_actions[22m | character-closeups.png[39m[0m
[  92% ] [90m[1m_update_scan_actions[22m | credits-640x360.png[39m[0m
[  92% ] [90m[1m_update_scan_actions[22m | journey-defeat-results.png[39m[0m
[  92% ] [90m[1m_update_scan_actions[22m | journey-expedition.png[39m[0m
[  92% ] [90m[1m_update_scan_actions[22m | journey-party.png[39m[0m
[  92% ] [90m[1m_update_scan_actions[22m | journey-results.png[39m[0m
[  92% ] [90m[1m_update_scan_actions[22m | journey-returned-home.png[39m[0m
[  92% ] [90m[1m_update_scan_actions[22m | journey-defeat-results.png[39m[0m
[  92% ] [90m[1m_update_scan_actions[22m | journey-expedition.png[39m[0m
[  93% ] [90m[1m_update_scan_actions[22m | journey-legacy-resumed.png[39m[0m
[  93% ] [90m[1m_update_scan_actions[22m | journey-party.png[39m[0m
[  93% ] [90m[1m_update_scan_actions[22m | journey-results.png[39m[0m
[  93% ] [90m[1m_update_scan_actions[22m | journey-returned-home.png[39m[0m
[  93% ] [90m[1m_update_scan_actions[22m | journey-site.png[39m[0m
[  93% ] [90m[1m_update_scan_actions[22m | legacy-8x6-v1-640x360.png[39m[0m
[  93% ] [90m[1m_update_scan_actions[22m | legacy-8x6-v1-1280x720.png[39m[0m
[  93% ] [90m[1m_update_scan_actions[22m | legacy-8x6-v1-2560x1440.png[39m[0m
[  94% ] [90m[1m_update_scan_actions[22m | old-road-10x8-v1-640x360.png[39m[0m
[  94% ] [90m[1m_update_scan_actions[22m | old-road-10x8-v1-1280x720.png[39m[0m
[  94% ] [90m[1m_update_scan_actions[22m | old-road-10x8-v1-2560x1440.png[39m[0m
[  94% ] [90m[1m_update_scan_actions[22m | old-road-12x8-v1-640x360.png[39m[0m
[  94% ] [90m[1m_update_scan_actions[22m | old-road-12x8-v1-1280x720.png[39m[0m
[  94% ] [90m[1m_update_scan_actions[22m | old-road-12x8-v1-2560x1440.png[39m[0m
[  94% ] [90m[1m_update_scan_actions[22m | party-after-640x360.png[39m[0m
[  94% ] [90m[1m_update_scan_actions[22m | party-after-1280x720.png[39m[0m
[  95% ] [90m[1m_update_scan_actions[22m | party-after-2560x1440.png[39m[0m
[  95% ] [90m[1m_update_scan_actions[22m | party-before-640x360.png[39m[0m
[  95% ] [90m[1m_update_scan_actions[22m | party-before-1280x720.png[39m[0m
[  95% ] [90m[1m_update_scan_actions[22m | party-before-2560x1440.png[39m[0m
[  95% ] [90m[1m_update_scan_actions[22m | generated-camp-640x360.png[39m[0m
[  95% ] [90m[1m_update_scan_actions[22m | generated-camp-1280x720.png[39m[0m
[  95% ] [90m[1m_update_scan_actions[22m | generated-camp-2560x1440.png[39m[0m
[  95% ] [90m[1m_update_scan_actions[22m | generated-clearing-640x360.png[39m[0m
[  96% ] [90m[1m_update_scan_actions[22m | generated-clearing-1280x720.png[39m[0m
[  96% ] [90m[1m_update_scan_actions[22m | generated-clearing-2560x1440.png[39m[0m
[  96% ] [90m[1m_update_scan_actions[22m | generated-ruins-640x360.png[39m[0m
[  96% ] [90m[1m_update_scan_actions[22m | generated-ruins-1280x720.png[39m[0m
[  96% ] [90m[1m_update_scan_actions[22m | generated-ruins-2560x1440.png[39m[0m
[  96% ] [90m[1m_update_scan_actions[22m | hometown-choice.png[39m[0m
[  96% ] [90m[1m_update_scan_actions[22m | local-opportunities.png[39m[0m
[  96% ] [90m[1m_update_scan_actions[22m | opportunity-camp.png[39m[0m
[  96% ] [90m[1m_update_scan_actions[22m | opportunity-clearing.png[39m[0m
[  97% ] [90m[1m_update_scan_actions[22m | opportunity-ruins.png[39m[0m
[  97% ] [90m[1m_update_scan_actions[22m | party-640x360.png[39m[0m
[  97% ] [90m[1m_update_scan_actions[22m | party-1280x720.png[39m[0m
[  97% ] [90m[1m_update_scan_actions[22m | party-2560x1440.png[39m[0m
[  97% ] [90m[1m_update_scan_actions[22m | party.png[39m[0m
[  97% ] [90m[1m_update_scan_actions[22m | regional-result-camp.png[39m[0m
[  97% ] [90m[1m_update_scan_actions[22m | regional-result-clearing.png[39m[0m
[  97% ] [90m[1m_update_scan_actions[22m | regional-result-ruins.png[39m[0m
[  98% ] [90m[1m_update_scan_actions[22m | result-camp.png[39m[0m
[  98% ] [90m[1m_update_scan_actions[22m | result-clearing.png[39m[0m
[  98% ] [90m[1m_update_scan_actions[22m | result-ruins.png[39m[0m
[  98% ] [90m[1m_update_scan_actions[22m | returned-home-camp.png[39m[0m
[  98% ] [90m[1m_update_scan_actions[22m | returned-home-clearing.png[39m[0m
[  98% ] [90m[1m_update_scan_actions[22m | returned-home-ruins.png[39m[0m
[  98% ] [90m[1m_update_scan_actions[22m | site-camp.png[39m[0m
[  98% ] [90m[1m_update_scan_actions[22m | site-clearing.png[39m[0m
[  99% ] [90m[1m_update_scan_actions[22m | site-ruins.png[39m[0m
[  99% ] [90m[1m_update_scan_actions[22m | world-created.png[39m[0m
[  99% ] [90m[1m_update_scan_actions[22m | walkthrough-board.svg[39m[0m
[  99% ] [90m[1m_update_scan_actions[22m | public-origin-640x360.png[39m[0m
[  99% ] [90m[1m_update_scan_actions[22m | public-origin-1280x720.png[39m[0m
[  99% ] [90m[1m_update_scan_actions[22m | public-origin-1920x1080.png[39m[0m
[  99% ] [90m[1m_update_scan_actions[22m | summary.csv[39m[0m
[92m[ DONE ][39m [1m_update_scan_actions[22m
[0m
[   0% ] [90m[1mreimport[22m | Started (Re)Importing Assets (36 steps)[39m[0m
[   0% ] [90m[1mreimport[22m | Preparing files to reimport...[39m[0m
[   2% ] [90m[1mreimport[22m | Preparing files to reimport...[39m[0m
[   5% ] [90m[1mreimport[22m | Preparing files to reimport...[39m[0m
[   8% ] [90m[1mreimport[22m | Preparing files to reimport...[39m[0m
[  10% ] [90m[1mreimport[22m | Preparing files to reimport...[39m[0m
[  13% ] [90m[1mreimport[22m | Preparing files to reimport...[39m[0m
[  16% ] [90m[1mreimport[22m | Preparing files to reimport...[39m[0m
[  18% ] [90m[1mreimport[22m | Preparing files to reimport...[39m[0m
[  21% ] [90m[1mreimport[22m | Preparing files to reimport...[39m[0m
[  24% ] [90m[1mreimport[22m | Preparing files to reimport...[39m[0m
[  27% ] [90m[1mreimport[22m | Preparing files to reimport...[39m[0m
[  29% ] [90m[1mreimport[22m | Preparing files to reimport...[39m[0m
[  32% ] [90m[1mreimport[22m | Preparing files to reimport...[39m[0m
[  35% ] [90m[1mreimport[22m | Preparing files to reimport...[39m[0m
[  37% ] [90m[1mreimport[22m | Preparing files to reimport...[39m[0m
[  40% ] [90m[1mreimport[22m | Preparing files to reimport...[39m[0m
[  43% ] [90m[1mreimport[22m | Preparing files to reimport...[39m[0m
[  45% ] [90m[1mreimport[22m | Preparing files to reimport...[39m[0m
[  48% ] [90m[1mreimport[22m | Preparing files to reimport...[39m[0m
[  51% ] [90m[1mreimport[22m | Preparing files to reimport...[39m[0m
[  54% ] [90m[1mreimport[22m | Preparing files to reimport...[39m[0m
[  56% ] [90m[1mreimport[22m | Preparing files to reimport...[39m[0m
[  59% ] [90m[1mreimport[22m | Preparing files to reimport...[39m[0m
[  62% ] [90m[1mreimport[22m | Preparing files to reimport...[39m[0m
[  64% ] [90m[1mreimport[22m | Preparing files to reimport...[39m[0m
[  67% ] [90m[1mreimport[22m | Preparing files to reimport...[39m[0m
[  70% ] [90m[1mreimport[22m | Preparing files to reimport...[39m[0m
[  72% ] [90m[1mreimport[22m | Preparing files to reimport...[39m[0m
[  75% ] [90m[1mreimport[22m | Preparing files to reimport...[39m[0m
[  78% ] [90m[1mreimport[22m | Preparing files to reimport...[39m[0m
[  81% ] [90m[1mreimport[22m | Preparing files to reimport...[39m[0m
[  83% ] [90m[1mreimport[22m | Preparing files to reimport...[39m[0m
[  86% ] [90m[1mreimport[22m | Preparing files to reimport...[39m[0m
[  89% ] [90m[1mreimport[22m | Preparing files to reimport...[39m[0m
[  91% ] [90m[1mreimport[22m | Preparing files to reimport...[39m[0m
[  94% ] [90m[1mreimport[22m | Preparing files to reimport...[39m[0m
[   0% ] [90m[1mreimport[22m | Executing pre-reimport operations...[39m[0m
[   0% ] [90m[1mreimport[22m | summary.csv[39m[0m
[   2% ] [90m[1mreimport[22m | summary.csv[39m[0m
[   5% ] [90m[1mreimport[22m | regional-result-camp.png[39m[0m
[   8% ] [90m[1mreimport[22m | regional-result-clearing.png[39m[0m
[  10% ] [90m[1mreimport[22m | regional-result-ruins.png[39m[0m
[  13% ] [90m[1mreimport[22m | result-camp.png[39m[0m
[  16% ] [90m[1mreimport[22m | result-clearing.png[39m[0m
[  18% ] [90m[1mreimport[22m | result-ruins.png[39m[0m
[  21% ] [90m[1mreimport[22m | returned-home-camp.png[39m[0m
[  24% ] [90m[1mreimport[22m | returned-home-clearing.png[39m[0m
[  27% ] [90m[1mreimport[22m | returned-home-ruins.png[39m[0m
[  29% ] [90m[1mreimport[22m | site-camp.png[39m[0m
[  32% ] [90m[1mreimport[22m | site-clearing.png[39m[0m
[  35% ] [90m[1mreimport[22m | site-ruins.png[39m[0m
[  37% ] [90m[1mreimport[22m | world-created.png[39m[0m
[  40% ] [90m[1mreimport[22m | walkthrough-board.svg[39m[0m
[  43% ] [90m[1mreimport[22m | public-origin-640x360.png[39m[0m
[  45% ] [90m[1mreimport[22m | public-origin-1280x720.png[39m[0m
[  48% ] [90m[1mreimport[22m | public-origin-1920x1080.png[39m[0m
[  51% ] [90m[1mreimport[22m | generated-camp-640x360.png[39m[0m
[  54% ] [90m[1mreimport[22m | generated-camp-1280x720.png[39m[0m
[  56% ] [90m[1mreimport[22m | generated-camp-2560x1440.png[39m[0m
[  59% ] [90m[1mreimport[22m | generated-clearing-640x360.png[39m[0m
[  62% ] [90m[1mreimport[22m | generated-clearing-1280x720.png[39m[0m
[  64% ] [90m[1mreimport[22m | generated-clearing-2560x1440.png[39m[0m
[  67% ] [90m[1mreimport[22m | generated-ruins-640x360.png[39m[0m
[  70% ] [90m[1mreimport[22m | generated-ruins-1280x720.png[39m[0m
[  72% ] [90m[1mreimport[22m | generated-ruins-2560x1440.png[39m[0m
[  75% ] [90m[1mreimport[22m | hometown-choice.png[39m[0m
[  78% ] [90m[1mreimport[22m | local-opportunities.png[39m[0m
[  81% ] [90m[1mreimport[22m | opportunity-camp.png[39m[0m
[  83% ] [90m[1mreimport[22m | opportunity-clearing.png[39m[0m
[  86% ] [90m[1mreimport[22m | opportunity-ruins.png[39m[0m
[  89% ] [90m[1mreimport[22m | party-640x360.png[39m[0m
[  91% ] [90m[1mreimport[22m | party-1280x720.png[39m[0m
[  94% ] [90m[1mreimport[22m | party-2560x1440.png[39m[0m
[  97% ] [90m[1mreimport[22m | Finalizing Asset Import...[39m[0m
[92m[ DONE ][39m [1mreimport[22m
[0m
[   0% ] [90m[1mreimport[22m | Started (Re)Importing Assets (36 steps)[39m[0m
[   0% ] [90m[1mreimport[22m | Executing post-reimport operations...[39m[0m
[92m[ DONE ][39m [1mreimport[22m
[0m
[   0% ] [90m[1mloading_editor_layout[22m | Started Loading editor (5 steps)[39m[0m
[   0% ] [90m[1mloading_editor_layout[22m | Loading editor layout...[39m[0m
[  16% ] [90m[1mloading_editor_layout[22m | Loading docks...[39m[0m
[92m[ DONE ][39m [1mloading_editor_layout[22m
[0m
Godot Engine v4.6.3.stable.official.7d41c59c4 - https://godotengine.org

GAME-83 presentation: 20 checks, 0 failures
c8574bdeed019669aea190dc0211f7e120fcb2c5b0f4e5121b94e50678053b24  /workspace/artifacts/game97/linux-full/generated/game84-expedition-0/world.json
f1772c90e94c85281f26140d2d3887fce190141b65aeb6e5accb19035e421680  /workspace/artifacts/game97/linux-full/generated/game84-expedition-0/world.relief.svg
49c519f0691b21259161dc23c2005b4e0e02d410853c6cac80a88737900c5c6a  /workspace/artifacts/game97/linux-full/generated/game84-expedition-0/world.vegetation.svg
de343a2cf2851e9889dcae3279eb9b43ab6b0d7e65497b53f0c8ee1a23ea51ff  /workspace/artifacts/game97/linux-full/generated/game84-expedition-1/world.json
7cd9baafcaea8be377fd4df2373bf1a54eade1831f711a811e05f823ab8bdc52  /workspace/artifacts/game97/linux-full/generated/game84-expedition-1/world.relief.svg
c7aaa47248cb95e1d5b924c03d54d5bee2e3e5557d6cabcdcff6acdfc9ae2d9b  /workspace/artifacts/game97/linux-full/generated/game84-expedition-1/world.vegetation.svg
43a189d874bcf4be623fd67814c7e19b3c9a367358e1da6d0264ef72c5809aa2  /workspace/artifacts/game97/linux-full/generated/game84-expedition-2/world.json
4516bde1a71105faad6cfbee977e82e4ac969963ea0ebe7e58ca25ec708b601f  /workspace/artifacts/game97/linux-full/generated/game84-expedition-2/world.relief.svg
c3be0c9f94e66607a58f6873294501f9af032c6dd03695abf1ea8bab6d874f11  /workspace/artifacts/game97/linux-full/generated/game84-expedition-2/world.vegetation.svg
f040507845de2b105cafe8c17dd202d97c4408078c8583acb7312a4f8b554983  /workspace/artifacts/game97/linux-full/generated/game84-expedition-3/world.json
4d437bb59aa0d323d7151b0e6312a1eeca01245186916b8d511aff5c8baa15ee  /workspace/artifacts/game97/linux-full/generated/game84-expedition-3/world.relief.svg
0d68d1f00c3d4bbbd71940e1b9baac3984773692b76dc5b6ebbba4045a65a13c  /workspace/artifacts/game97/linux-full/generated/game84-expedition-3/world.vegetation.svg
dbf5ee6cbac45ef51ffb98f5d90cfe7018648915d54a687ae08f606f19b5c5e8  /workspace/artifacts/game97/linux-full/generated/game84-expedition-4/world.json
48bcf8a050e1ef2f54dd4719b1435429b874be8278a23f840b24aad92c1f6da1  /workspace/artifacts/game97/linux-full/generated/game84-expedition-4/world.relief.svg
972f803ec6d34b1bc64cd99d99fb9198da72c4dace4ac3cad1dfc5608dfff2cc  /workspace/artifacts/game97/linux-full/generated/game84-expedition-4/world.vegetation.svg
Godot Engine v4.6.3.stable.official.7d41c59c4 - https://godotengine.org

[   0% ] [90m[1mfirst_scan_filesystem[22m | Started Project initialization (5 steps)[39m[0m
[   0% ] [90m[1mfirst_scan_filesystem[22m | Scanning file structure...[39m[0m
[  16% ] [90m[1mfirst_scan_filesystem[22m | Loading global class names...[39m[0m
[  33% ] [90m[1mfirst_scan_filesystem[22m | Verifying GDExtensions...[39m[0m
[  50% ] [90m[1mfirst_scan_filesystem[22m | Creating autoload scripts...[39m[0m
[  66% ] [90m[1mfirst_scan_filesystem[22m | Initializing plugins...[39m[0m
[  83% ] [90m[1mfirst_scan_filesystem[22m | Starting file scan...[39m[0m
[92m[ DONE ][39m [1mfirst_scan_filesystem[22m
[0m
[   0% ] [90m[1mloading_editor_layout[22m | Started Loading editor (5 steps)[39m[0m
[   0% ] [90m[1mloading_editor_layout[22m | Loading editor layout...[39m[0m
[  16% ] [90m[1mloading_editor_layout[22m | Loading docks...[39m[0m
[92m[ DONE ][39m [1mloading_editor_layout[22m
[0m
Godot Engine v4.6.3.stable.official.7d41c59c4 - https://godotengine.org

GAME-84 lifecycle create: 324 checks, 0 failures
Godot Engine v4.6.3.stable.official.7d41c59c4 - https://godotengine.org

GAME-84 lifecycle replay: 85 checks, 0 failures
Godot Engine v4.6.3.stable.official.7d41c59c4 - https://godotengine.org

GAME-84 cache integrity: 15 checks, 0 failures
Godot Engine v4.6.3.stable.official.7d41c59c4 - https://godotengine.org

GAME-84 failure safety: 32 checks, 0 failures
Godot Engine v4.6.3.stable.official.7d41c59c4 - https://godotengine.org

Outcome corpus finished game-11-determinism; cases 6
Outcome corpus finished game-11-determinism; cases 12
Outcome corpus finished game-11-determinism; cases 18
Outcome corpus finished game-11-determinism; cases 24
Outcome corpus finished game-11-determinism; cases 30
Outcome corpus finished game-11-determinism; cases 36
Outcome corpus finished game-11-determinism; cases 42
Outcome corpus finished game-11-determinism; cases 48
Outcome corpus finished atlas-showcase-06; cases 54
Outcome corpus finished atlas-showcase-06; cases 60
Outcome corpus finished atlas-showcase-06; cases 66
Outcome corpus finished atlas-showcase-06; cases 72
Outcome corpus finished atlas-showcase-06; cases 78
Outcome corpus finished atlas-showcase-06; cases 84
Outcome corpus finished atlas-showcase-06; cases 90
Outcome corpus finished atlas-showcase-06; cases 96
Outcome corpus finished game84-expedition-2; cases 102
Outcome corpus finished game84-expedition-2; cases 108
Outcome corpus finished game84-expedition-2; cases 114
Outcome corpus finished game84-expedition-2; cases 120
Outcome corpus finished game84-expedition-2; cases 126
Outcome corpus finished game84-expedition-2; cases 132
Outcome corpus finished game84-expedition-2; cases 138
Outcome corpus finished game84-expedition-2; cases 144
Outcome corpus finished game84-expedition-0; cases 150
Outcome corpus finished game84-expedition-0; cases 156
Outcome corpus finished game84-expedition-0; cases 162
Outcome corpus finished game84-expedition-0; cases 168
Outcome corpus finished game84-expedition-0; cases 174
Outcome corpus finished game84-expedition-0; cases 180
Outcome corpus finished game84-expedition-0; cases 186
Outcome corpus finished game84-expedition-0; cases 192
Outcome corpus finished game84-expedition-4; cases 198
Outcome corpus finished game84-expedition-4; cases 204
Outcome corpus finished game84-expedition-4; cases 210
Outcome corpus finished game84-expedition-4; cases 216
Outcome corpus finished game84-expedition-4; cases 222
Outcome corpus finished game84-expedition-4; cases 228
Outcome corpus finished game84-expedition-4; cases 234
Outcome corpus finished game84-expedition-4; cases 240
Outcome corpus finished game84-expedition-1; cases 246
Outcome corpus finished game84-expedition-1; cases 252
Outcome corpus finished game84-expedition-1; cases 258
Outcome corpus finished game84-expedition-1; cases 264
Outcome corpus finished game84-expedition-1; cases 270
Outcome corpus finished game84-expedition-1; cases 276
Outcome corpus finished game84-expedition-1; cases 282
Outcome corpus finished game84-expedition-1; cases 288
Outcome corpus finished game84-expedition-3; cases 294
Outcome corpus finished game84-expedition-3; cases 300
Outcome corpus finished game84-expedition-3; cases 306
Outcome corpus finished game84-expedition-3; cases 312
Outcome corpus finished game84-expedition-3; cases 318
Outcome corpus finished game84-expedition-3; cases 324
Outcome corpus finished game84-expedition-3; cases 330
Outcome corpus finished game84-expedition-3; cases 336
GAME-84 actual outcome corpus: 336 sets, 2822 checks, 0 failures
Godot Engine v4.6.3.stable.official.7d41c59c4 - https://godotengine.org

{ "world": "game-11-determinism", "world_sha": "2eb428e783101dc1c99213c31816dbd50f3a68370094917949a88bfbb5811fa5", "cold_replay_and_region_ms": 5516, "warm_resume_ms": 132, "campaign_bytes_unchanged": true }
{ "world": "atlas-showcase-06", "world_sha": "9f942b07bb73c2af17c4039d009561b696864e02ec67f2e8dd3a5ef6a757ebb3", "cold_replay_and_region_ms": 6525, "warm_resume_ms": 174, "campaign_bytes_unchanged": true }
{ "world": "game84-expedition-2", "world_sha": "43a189d874bcf4be623fd67814c7e19b3c9a367358e1da6d0264ef72c5809aa2", "cold_replay_and_region_ms": 6036, "warm_resume_ms": 244, "campaign_bytes_unchanged": true }
{ "world": "game84-expedition-0", "world_sha": "c8574bdeed019669aea190dc0211f7e120fcb2c5b0f4e5121b94e50678053b24", "cold_replay_and_region_ms": 5029, "warm_resume_ms": 175, "campaign_bytes_unchanged": true }
{ "world": "game84-expedition-4", "world_sha": "dbf5ee6cbac45ef51ffb98f5d90cfe7018648915d54a687ae08f606f19b5c5e8", "cold_replay_and_region_ms": 6462, "warm_resume_ms": 233, "campaign_bytes_unchanged": true }
{ "world": "game84-expedition-1", "world_sha": "de343a2cf2851e9889dcae3279eb9b43ab6b0d7e65497b53f0c8ee1a23ea51ff", "cold_replay_and_region_ms": 6364, "warm_resume_ms": 207, "campaign_bytes_unchanged": true }
{ "world": "game84-expedition-3", "world_sha": "f040507845de2b105cafe8c17dd202d97c4408078c8583acb7312a4f8b554983", "cold_replay_and_region_ms": 5790, "warm_resume_ms": 269, "campaign_bytes_unchanged": true }
PASS batch {"worlds":7,"regions":105,"sites":840,"leads":315,"choice_sets":840,"site_types":27,"distinct_visible_prose":339,"duplicate_visible_prose":501,"lead_goal_forms":3,"geographic_violations":0,"knowledge_leaks":0,"determinism_failures":0,"elapsed_seconds":44.02840140600001}
Godot Engine v4.6.3.stable.official.7d41c59c4 - https://godotengine.org
WARNING: Could not set V-Sync mode, as changing V-Sync mode is not supported by the graphics driver.
     at: set_use_vsync (platform/linuxbsd/x11/gl_manager_x11.cpp:364)
OpenGL API 4.5 (Core Profile) Mesa 25.0.7-2+deb13u1 - Compatibility - Using Device: Mesa - llvmpipe (LLVM 19.1.7, 256 bits)

GAME-84 real input/render: 230 checks, 0 failures
✔ presence is deterministic, all peoples selectable, culture is independent (171.025179ms)
✔ three stable members, repeated generation, different roles/lives/forms (8.360791ms)
✔ name edits preserve identity; deterministic reroll retains manual name and siblings (7.810414ms)
✔ all eight people and four role IDs accepted without rarity restrictions (79.100769ms)
✔ invalid identities, versions, incomplete party, secret leak and unsupported IDs refused (15.049971ms)
ℹ tests 5
ℹ suites 0
ℹ pass 5
ℹ fail 0
ℹ cancelled 0
ℹ skipped 0
ℹ todo 0
ℹ duration_ms 983.389322
377622820cbbc5e8b27af80da0319bd8315fea03ff6ea17edb6834c955f23a4e  /tmp/game81 party bvvshh_g/generated/game81-party-world-0/world.json
78937bad20bc7f131830f77c8fd54ef5efeaefc6c3a948fb24e83afc6de08f2f  /tmp/game81 party bvvshh_g/generated/game81-party-world-0/world.relief.svg
2b00a1fa9d6ccf1497e21751e31ce2dfa32766c2029663ff4ab7c701db772e7f  /tmp/game81 party bvvshh_g/generated/game81-party-world-0/world.vegetation.svg
3e230a5962c8501968d1846d01501ff07e86208e05859b77fb237d03b35f95da  /tmp/game81 party bvvshh_g/generated/game81-party-world-1/world.json
20cf0425c0d9026047b875300c1e6d257ce688756bc46eb29fc63a0f1fac1eb8  /tmp/game81 party bvvshh_g/generated/game81-party-world-1/world.relief.svg
234531ba130a2012a9a5dee22fc35e5420624b98773b8ffa7dbab1f245e5a717  /tmp/game81 party bvvshh_g/generated/game81-party-world-1/world.vegetation.svg
62ec9c596f186f1a080610cce6cca315292dd6fda5e7832260906ecca636b9ec  /tmp/game81 party bvvshh_g/generated/game81-party-world-2/world.json
45b5c6a1c03c05c7008a2a5850b7abc7caa1f50f4061b5ff4317529ee3f876b2  /tmp/game81 party bvvshh_g/generated/game81-party-world-2/world.relief.svg
94859a18a259c8e5c15cea3bc14b80e4b0ba1204072840b36841d8e16cf9f474  /tmp/game81 party bvvshh_g/generated/game81-party-world-2/world.vegetation.svg
97190938a24e2b1b36bdbbe77c1aa99a7fd8e01056d54c49682b132531034bee  /tmp/game81 party bvvshh_g/generated/game81-party-world-3/world.json
f12c4573257cf5fc38e87fd120cae95fadbc66fc8ceff6782bf3c74b47875fa3  /tmp/game81 party bvvshh_g/generated/game81-party-world-3/world.relief.svg
86398fe21fe40a7a571d0fdf1d37ffe3d1c9740f8c82e55ff1ca9271469f9ddc  /tmp/game81 party bvvshh_g/generated/game81-party-world-3/world.vegetation.svg
f07e49ac19f5ce252dd2c73d480cd97f0dfed3c0112b1ea7b87edc774c909046  /tmp/game81 party bvvshh_g/generated/game81-party-world-4/world.json
dc579ba0884a29d89004667e2444128f404aab18175c48c84025a4fa7f468aa3  /tmp/game81 party bvvshh_g/generated/game81-party-world-4/world.relief.svg
63568a663bf36078216bc50538360d5b31bc47e828986773623368b4b4e0ee11  /tmp/game81 party bvvshh_g/generated/game81-party-world-4/world.vegetation.svg
{
  "characters": 1050,
  "worlds": [
    {
      "file": "/workspace/first-adventure/tests/worldgen/fixtures/game-11-determinism.json",
      "sha": "2eb428e783101dc1c99213c31816dbd50f3a68370094917949a88bfbb5811fa5",
      "home_count": 429,
      "characters": 150,
      "compile_ms": 535.3841219999999,
      "generation_ms": 114.82699500000001,
      "per_character_ms": 0.7655133000000001,
      "descriptor": {
        "schema_version": 1,
        "provider": "trhgd-peoples",
        "generator_version": "trhgd-party-1",
        "content_pack_version": "trhgd-party-1",
        "content_pack_sha": "17f25b5e3edf444b2a9b504024df1a24fd6b6b71c4b02205f227330dc3349eb2",
        "base_world_id": "azgaar:1.153.1:game-11-determinism:2eb428e783101dc1c99213c31816dbd50f3a68370094917949a88bfbb5811fa5",
        "base_world_sha": "2eb428e783101dc1c99213c31816dbd50f3a68370094917949a88bfbb5811fa5",
        "profiles_sha": "b4a1da6d295196488d0ad08fa2573e1246cf49685b44665a99e988f51bfec3f1",
        "runtime_manifest_sha": "9ef66189f9ac16324e68eb71df1e1d336513011e9c59e0fdad627e4538769c4e",
        "enrichment_sha": "2bec64b356e748e990c08590f797db4940b03bdcc0fe71469b09594decf7742d"
      }
    },
    {
      "file": "/workspace/first-adventure/tests/worldgen/fixtures/atlas-showcase.json",
      "sha": "9f942b07bb73c2af17c4039d009561b696864e02ec67f2e8dd3a5ef6a757ebb3",
      "home_count": 426,
      "characters": 150,
      "compile_ms": 458.13618099999997,
      "generation_ms": 124.79193100000066,
      "per_character_ms": 0.8319462066666711,
      "descriptor": {
        "schema_version": 1,
        "provider": "trhgd-peoples",
        "generator_version": "trhgd-party-1",
        "content_pack_version": "trhgd-party-1",
        "content_pack_sha": "17f25b5e3edf444b2a9b504024df1a24fd6b6b71c4b02205f227330dc3349eb2",
        "base_world_id": "azgaar:1.153.1:atlas-showcase-06:9f942b07bb73c2af17c4039d009561b696864e02ec67f2e8dd3a5ef6a757ebb3",
        "base_world_sha": "9f942b07bb73c2af17c4039d009561b696864e02ec67f2e8dd3a5ef6a757ebb3",
        "profiles_sha": "e2ceb269dc730b5993c4c8771adf429e40aef70378c116548987327146cf044a",
        "runtime_manifest_sha": "9ef66189f9ac16324e68eb71df1e1d336513011e9c59e0fdad627e4538769c4e",
        "enrichment_sha": "9565dc4d1d722dba694114d41577c564c33a7633019b41ed8e95c54ad3a398c3"
      }
    },
    {
      "file": "/tmp/game81 party bvvshh_g/generated/game81-party-world-0/world.json",
      "sha": "377622820cbbc5e8b27af80da0319bd8315fea03ff6ea17edb6834c955f23a4e",
      "home_count": 419,
      "characters": 150,
      "compile_ms": 356.20314800000006,
      "generation_ms": 95.81290200000149,
      "per_character_ms": 0.63875268000001,
      "descriptor": {
        "schema_version": 1,
        "provider": "trhgd-peoples",
        "generator_version": "trhgd-party-1",
        "content_pack_version": "trhgd-party-1",
        "content_pack_sha": "17f25b5e3edf444b2a9b504024df1a24fd6b6b71c4b02205f227330dc3349eb2",
        "base_world_id": "azgaar:1.153.1:game81-party-world-0:377622820cbbc5e8b27af80da0319bd8315fea03ff6ea17edb6834c955f23a4e",
        "base_world_sha": "377622820cbbc5e8b27af80da0319bd8315fea03ff6ea17edb6834c955f23a4e",
        "profiles_sha": "d80c10123921c797b3fadc0669ffebb01d99a457af1f61af990004697a5e4bd7",
        "runtime_manifest_sha": "9ef66189f9ac16324e68eb71df1e1d336513011e9c59e0fdad627e4538769c4e",
        "enrichment_sha": "b000bc8ff41001a929f4470439bc4c085703d87dfa33875e02278b3917052834"
      }
    },
    {
      "file": "/tmp/game81 party bvvshh_g/generated/game81-party-world-1/world.json",
      "sha": "3e230a5962c8501968d1846d01501ff07e86208e05859b77fb237d03b35f95da",
      "home_count": 399,
      "characters": 150,
      "compile_ms": 384.62800100000004,
      "generation_ms": 119.028600000001,
      "per_character_ms": 0.7935240000000067,
      "descriptor": {
        "schema_version": 1,
        "provider": "trhgd-peoples",
        "generator_version": "trhgd-party-1",
        "content_pack_version": "trhgd-party-1",
        "content_pack_sha": "17f25b5e3edf444b2a9b504024df1a24fd6b6b71c4b02205f227330dc3349eb2",
        "base_world_id": "azgaar:1.153.1:game81-party-world-1:3e230a5962c8501968d1846d01501ff07e86208e05859b77fb237d03b35f95da",
        "base_world_sha": "3e230a5962c8501968d1846d01501ff07e86208e05859b77fb237d03b35f95da",
        "profiles_sha": "b4f3ad094a4a32fe38acd650bfd0a8e087f4ff48b8f13e742ea92bfa8e5ba807",
        "runtime_manifest_sha": "9ef66189f9ac16324e68eb71df1e1d336513011e9c59e0fdad627e4538769c4e",
        "enrichment_sha": "ee0219cb4cbcc803c522316bd04c0f2c7cad9bc6999a9bb7be597aaa61766c3f"
      }
    },
    {
      "file": "/tmp/game81 party bvvshh_g/generated/game81-party-world-2/world.json",
      "sha": "62ec9c596f186f1a080610cce6cca315292dd6fda5e7832260906ecca636b9ec",
      "home_count": 482,
      "characters": 150,
      "compile_ms": 367.6992720000003,
      "generation_ms": 102.17319899999893,
      "per_character_ms": 0.6811546599999929,
      "descriptor": {
        "schema_version": 1,
        "provider": "trhgd-peoples",
        "generator_version": "trhgd-party-1",
        "content_pack_version": "trhgd-party-1",
        "content_pack_sha": "17f25b5e3edf444b2a9b504024df1a24fd6b6b71c4b02205f227330dc3349eb2",
        "base_world_id": "azgaar:1.153.1:game81-party-world-2:62ec9c596f186f1a080610cce6cca315292dd6fda5e7832260906ecca636b9ec",
        "base_world_sha": "62ec9c596f186f1a080610cce6cca315292dd6fda5e7832260906ecca636b9ec",
        "profiles_sha": "ef0b9106e1616054c584d24e44ea080deec26c7ef3c75420bfbbd52929be034a",
        "runtime_manifest_sha": "9ef66189f9ac16324e68eb71df1e1d336513011e9c59e0fdad627e4538769c4e",
        "enrichment_sha": "e3cf33cdfa8b68973902624421de3e873a39d464e6befb3576be46520e150fe8"
      }
    },
    {
      "file": "/tmp/game81 party bvvshh_g/generated/game81-party-world-3/world.json",
      "sha": "97190938a24e2b1b36bdbbe77c1aa99a7fd8e01056d54c49682b132531034bee",
      "home_count": 345,
      "characters": 150,
      "compile_ms": 340.07447999999977,
      "generation_ms": 121.81308599999966,
      "per_character_ms": 0.8120872399999978,
      "descriptor": {
        "schema_version": 1,
        "provider": "trhgd-peoples",
        "generator_version": "trhgd-party-1",
        "content_pack_version": "trhgd-party-1",
        "content_pack_sha": "17f25b5e3edf444b2a9b504024df1a24fd6b6b71c4b02205f227330dc3349eb2",
        "base_world_id": "azgaar:1.153.1:game81-party-world-3:97190938a24e2b1b36bdbbe77c1aa99a7fd8e01056d54c49682b132531034bee",
        "base_world_sha": "97190938a24e2b1b36bdbbe77c1aa99a7fd8e01056d54c49682b132531034bee",
        "profiles_sha": "3113c43bfe1c7ff90f67db59d53b2217d9e053a211a6d5f8ecac379fcdf45a20",
        "runtime_manifest_sha": "9ef66189f9ac16324e68eb71df1e1d336513011e9c59e0fdad627e4538769c4e",
        "enrichment_sha": "1d5a45f7223f57f41aff886b9752205c9e8a429d1cc62e053a0e277d20abf90f"
      }
    },
    {
      "file": "/tmp/game81 party bvvshh_g/generated/game81-party-world-4/world.json",
      "sha": "f07e49ac19f5ce252dd2c73d480cd97f0dfed3c0112b1ea7b87edc774c909046",
      "home_count": 430,
      "characters": 150,
      "compile_ms": 455.06719499999963,
      "generation_ms": 93.68853600000239,
      "per_character_ms": 0.624590240000016,
      "descriptor": {
        "schema_version": 1,
        "provider": "trhgd-peoples",
        "generator_version": "trhgd-party-1",
        "content_pack_version": "trhgd-party-1",
        "content_pack_sha": "17f25b5e3edf444b2a9b504024df1a24fd6b6b71c4b02205f227330dc3349eb2",
        "base_world_id": "azgaar:1.153.1:game81-party-world-4:f07e49ac19f5ce252dd2c73d480cd97f0dfed3c0112b1ea7b87edc774c909046",
        "base_world_sha": "f07e49ac19f5ce252dd2c73d480cd97f0dfed3c0112b1ea7b87edc774c909046",
        "profiles_sha": "581b191e90bdcad5afba2cd6b1b8e5b4388945650ceb161cfa2587ea6de31199",
        "runtime_manifest_sha": "9ef66189f9ac16324e68eb71df1e1d336513011e9c59e0fdad627e4538769c4e",
        "enrichment_sha": "32f03ee4e3a66cf517f4c8f4a4082cd488caba0680d8bde5150c58dd0c4b53c2"
      }
    }
  ],
  "structured": {
    "distinct": 1050,
    "total": 1050,
    "duplicates": 0
  },
  "prose": {
    "distinct": 1050,
    "total": 1050,
    "duplicates": 0
  },
  "story_combinations": {
    "distinct": 1050,
    "total": 1050,
    "duplicates": 0
  },
  "biography_forms": {
    "0": 350,
    "1": 350,
    "2": 350
  },
  "occupations": {
    "woodworker": 73,
    "porter": 41,
    "tavern-keeper": 24,
    "potter": 29,
    "basket-maker": 44,
    "weaver": 33,
    "brewer": 26,
    "net-maker": 7,
    "possible-recruit": 22,
    "stall-keeper": 26,
    "harbour-worker": 7,
    "repairer": 36,
    "needleworker": 31,
    "toolmaker": 29,
    "baker": 44,
    "lamp-keeper": 33,
    "carter": 52,
    "religious-attendant": 24,
    "charcoal-burner": 77,
    "cobbler": 35,
    "traveller": 20,
    "mine-cart-handler": 2,
    "scribe": 34,
    "local-clerk": 20,
    "rope-maker": 36,
    "cartwright-helper": 81,
    "herbal-preparer": 33,
    "book-binder": 31,
    "sailmaker-apprentice": 5,
    "mason": 30,
    "metalworker": 19,
    "gate-keeper": 4,
    "fisher": 20,
    "river-carrier": 11,
    "ship-carpenter": 9,
    "ore-sorter": 1,
    "stable-worker": 1
  },
  "families": {
    "widowed-guardian-household": 81,
    "adoptive-household": 80,
    "household-of-retired-craft-workers": 97,
    "two-parent-household": 97,
    "grandparent-household": 91,
    "two-connected-households": 81,
    "extended-household": 75,
    "household-of-family-friends": 91,
    "sibling-household": 92,
    "guardian-household": 98,
    "family-of-itinerant-workers": 84,
    "single-parent-household": 83
  },
  "motivations": {
    "find-the-origin-of-an-inherited-tool": 52,
    "learn-unfamiliar-crafts": 69,
    "seek-work-beyond-familiar-workshops": 75,
    "bring-a-younger-sibling-new-opportunities": 56,
    "find-a-former-mentor": 61,
    "return-a-borrowed-possession": 65,
    "understand-an-old-family-account": 69,
    "earn-enough-to-repair-a-family-home": 65,
    "collect-practical-repair-methods": 73,
    "visit-a-relative-who-moved-away": 64,
    "carry-a-household-letter": 67,
    "pay-a-modest-family-debt": 63,
    "see-how-other-places-manage-shared-work": 69,
    "make-a-living-without-leaning-on-family": 64,
    "keep-a-promise-to-a-departed-friend": 71,
    "prove-that-a-past-failure-need-not-define-them": 67
  },
  "keepsakes": {
    "a-repaired-wooden-cup": 85,
    "a-spare-buckle": 88,
    "a-plain-copper-ring": 79,
    "a-stitched-scrap-of-cloth": 95,
    "a-tiny-box-of-spare-pegs": 81,
    "a-blank-account-leaf": 83,
    "a-smoothed-stone-from-a-workbench": 92,
    "a-folded-household-letter": 80,
    "an-old-tally-stick": 88,
    "a-worn-tool-handle": 96,
    "a-bent-practice-nail": 94,
    "a-short-measuring-cord": 89
  },
  "contradictions": 0,
  "invalid_source_claims": 0,
  "hidden_information_leaks": 0,
  "repeat_checks": 1050,
  "peak_memory": 335368192
}
Godot Engine v4.6.3.stable.official.7d41c59c4 - https://godotengine.org

[   0% ] [90m[1mfirst_scan_filesystem[22m | Started Project initialization (5 steps)[39m[0m
[   0% ] [90m[1mfirst_scan_filesystem[22m | Scanning file structure...[39m[0m
[  16% ] [90m[1mfirst_scan_filesystem[22m | Loading global class names...[39m[0m
[  33% ] [90m[1mfirst_scan_filesystem[22m | Verifying GDExtensions...[39m[0m
[  50% ] [90m[1mfirst_scan_filesystem[22m | Creating autoload scripts...[39m[0m
[  66% ] [90m[1mfirst_scan_filesystem[22m | Initializing plugins...[39m[0m
[  83% ] [90m[1mfirst_scan_filesystem[22m | Starting file scan...[39m[0m
[92m[ DONE ][39m [1mfirst_scan_filesystem[22m
[0m
[   0% ] [90m[1m_update_scan_actions[22m | Started Scanning actions... (28 steps)[39m[0m
[   0% ] [90m[1m_update_scan_actions[22m | consequence-640x360.png[39m[0m
[   3% ] [90m[1m_update_scan_actions[22m | consequence-1280x720.png[39m[0m
[   6% ] [90m[1m_update_scan_actions[22m | consequence-2560x1440.png[39m[0m
[  10% ] [90m[1m_update_scan_actions[22m | fresh-generated-world.png[39m[0m
[  13% ] [90m[1m_update_scan_actions[22m | hometown-640x360.png[39m[0m
[  17% ] [90m[1m_update_scan_actions[22m | hometown-1280x720.png[39m[0m
[  20% ] [90m[1m_update_scan_actions[22m | hometown-2560x1440.png[39m[0m
[  24% ] [90m[1m_update_scan_actions[22m | known-site-map.png[39m[0m
[  27% ] [90m[1m_update_scan_actions[22m | lead-640x360.png[39m[0m
[  31% ] [90m[1m_update_scan_actions[22m | lead-1280x720.png[39m[0m
[  34% ] [90m[1m_update_scan_actions[22m | lead-2560x1440.png[39m[0m
[  37% ] [90m[1m_update_scan_actions[22m | main-menu-resume-expedition.png[39m[0m
[  41% ] [90m[1m_update_scan_actions[22m | party-ready-handoff.png[39m[0m
[  44% ] [90m[1m_update_scan_actions[22m | resumed-result-640x360.png[39m[0m
[  48% ] [90m[1m_update_scan_actions[22m | resumed-result-1280x720.png[39m[0m
[  51% ] [90m[1m_update_scan_actions[22m | resumed-result-2560x1440.png[39m[0m
[  55% ] [90m[1m_update_scan_actions[22m | returned-hometown-640x360.png[39m[0m
[  58% ] [90m[1m_update_scan_actions[22m | returned-hometown-1280x720.png[39m[0m
[  62% ] [90m[1m_update_scan_actions[22m | returned-hometown-2560x1440.png[39m[0m
[  65% ] [90m[1m_update_scan_actions[22m | rumour-before-640x360.png[39m[0m
[  68% ] [90m[1m_update_scan_actions[22m | rumour-before-1280x720.png[39m[0m
[  72% ] [90m[1m_update_scan_actions[22m | rumour-before-2560x1440.png[39m[0m
[  75% ] [90m[1m_update_scan_actions[22m | rumour-discovered-640x360.png[39m[0m
[  79% ] [90m[1m_update_scan_actions[22m | rumour-discovered-1280x720.png[39m[0m
[  82% ] [90m[1m_update_scan_actions[22m | rumour-discovered-2560x1440.png[39m[0m
[  86% ] [90m[1m_update_scan_actions[22m | site-options-640x360.png[39m[0m
[  89% ] [90m[1m_update_scan_actions[22m | site-options-1280x720.png[39m[0m
[  93% ] [90m[1m_update_scan_actions[22m | site-options-2560x1440.png[39m[0m
[92m[ DONE ][39m [1m_update_scan_actions[22m
[0m
[   0% ] [90m[1mreimport[22m | Started (Re)Importing Assets (28 steps)[39m[0m
[   0% ] [90m[1mreimport[22m | Preparing files to reimport...[39m[0m
[   3% ] [90m[1mreimport[22m | Preparing files to reimport...[39m[0m
[   6% ] [90m[1mreimport[22m | Preparing files to reimport...[39m[0m
[  10% ] [90m[1mreimport[22m | Preparing files to reimport...[39m[0m
[  13% ] [90m[1mreimport[22m | Preparing files to reimport...[39m[0m
[  17% ] [90m[1mreimport[22m | Preparing files to reimport...[39m[0m
[  20% ] [90m[1mreimport[22m | Preparing files to reimport...[39m[0m
[  24% ] [90m[1mreimport[22m | Preparing files to reimport...[39m[0m
[  27% ] [90m[1mreimport[22m | Preparing files to reimport...[39m[0m
[  31% ] [90m[1mreimport[22m | Preparing files to reimport...[39m[0m
[  34% ] [90m[1mreimport[22m | Preparing files to reimport...[39m[0m
[  37% ] [90m[1mreimport[22m | Preparing files to reimport...[39m[0m
[  41% ] [90m[1mreimport[22m | Preparing files to reimport...[39m[0m
[  44% ] [90m[1mreimport[22m | Preparing files to reimport...[39m[0m
[  48% ] [90m[1mreimport[22m | Preparing files to reimport...[39m[0m
[  51% ] [90m[1mreimport[22m | Preparing files to reimport...[39m[0m
[  55% ] [90m[1mreimport[22m | Preparing files to reimport...[39m[0m
[  58% ] [90m[1mreimport[22m | Preparing files to reimport...[39m[0m
[  62% ] [90m[1mreimport[22m | Preparing files to reimport...[39m[0m
[  65% ] [90m[1mreimport[22m | Preparing files to reimport...[39m[0m
[  68% ] [90m[1mreimport[22m | Preparing files to reimport...[39m[0m
[  72% ] [90m[1mreimport[22m | Preparing files to reimport...[39m[0m
[  75% ] [90m[1mreimport[22m | Preparing files to reimport...[39m[0m
[  79% ] [90m[1mreimport[22m | Preparing files to reimport...[39m[0m
[  82% ] [90m[1mreimport[22m | Preparing files to reimport...[39m[0m
[  86% ] [90m[1mreimport[22m | Preparing files to reimport...[39m[0m
[  89% ] [90m[1mreimport[22m | Preparing files to reimport...[39m[0m
[  93% ] [90m[1mreimport[22m | Preparing files to reimport...[39m[0m
[   0% ] [90m[1mreimport[22m | Executing pre-reimport operations...[39m[0m
[   0% ] [90m[1mreimport[22m | site-options-2560x1440.png[39m[0m
[   3% ] [90m[1mreimport[22m | site-options-1280x720.png[39m[0m
[   6% ] [90m[1mreimport[22m | site-options-640x360.png[39m[0m
[  10% ] [90m[1mreimport[22m | rumour-discovered-2560x1440.png[39m[0m
[  13% ] [90m[1mreimport[22m | rumour-discovered-1280x720.png[39m[0m
[  17% ] [90m[1mreimport[22m | rumour-discovered-640x360.png[39m[0m
[  20% ] [90m[1mreimport[22m | rumour-before-2560x1440.png[39m[0m
[  24% ] [90m[1mreimport[22m | rumour-before-1280x720.png[39m[0m
[  27% ] [90m[1mreimport[22m | rumour-before-640x360.png[39m[0m
[  31% ] [90m[1mreimport[22m | returned-hometown-2560x1440.png[39m[0m
[  34% ] [90m[1mreimport[22m | returned-hometown-1280x720.png[39m[0m
[  37% ] [90m[1mreimport[22m | returned-hometown-640x360.png[39m[0m
[  41% ] [90m[1mreimport[22m | resumed-result-2560x1440.png[39m[0m
[  44% ] [90m[1mreimport[22m | resumed-result-1280x720.png[39m[0m
[  48% ] [90m[1mreimport[22m | resumed-result-640x360.png[39m[0m
[  51% ] [90m[1mreimport[22m | party-ready-handoff.png[39m[0m
[  55% ] [90m[1mreimport[22m | main-menu-resume-expedition.png[39m[0m
[  58% ] [90m[1mreimport[22m | lead-2560x1440.png[39m[0m
[  62% ] [90m[1mreimport[22m | lead-1280x720.png[39m[0m
[  65% ] [90m[1mreimport[22m | lead-640x360.png[39m[0m
[  68% ] [90m[1mreimport[22m | known-site-map.png[39m[0m
[  72% ] [90m[1mreimport[22m | hometown-2560x1440.png[39m[0m
[  75% ] [90m[1mreimport[22m | hometown-1280x720.png[39m[0m
[  79% ] [90m[1mreimport[22m | hometown-640x360.png[39m[0m
[  82% ] [90m[1mreimport[22m | fresh-generated-world.png[39m[0m
[  86% ] [90m[1mreimport[22m | consequence-2560x1440.png[39m[0m
[  89% ] [90m[1mreimport[22m | consequence-1280x720.png[39m[0m
[  93% ] [90m[1mreimport[22m | consequence-640x360.png[39m[0m
[  96% ] [90m[1mreimport[22m | Finalizing Asset Import...[39m[0m
[92m[ DONE ][39m [1mreimport[22m
[0m
[   0% ] [90m[1mreimport[22m | Started (Re)Importing Assets (28 steps)[39m[0m
[   0% ] [90m[1mreimport[22m | Executing post-reimport operations...[39m[0m
[92m[ DONE ][39m [1mreimport[22m
[0m
[   0% ] [90m[1mloading_editor_layout[22m | Started Loading editor (5 steps)[39m[0m
[   0% ] [90m[1mloading_editor_layout[22m | Loading editor layout...[39m[0m
[  16% ] [90m[1mloading_editor_layout[22m | Loading docks...[39m[0m
[92m[ DONE ][39m [1mloading_editor_layout[22m
[0m
Godot Engine v4.6.3.stable.official.7d41c59c4 - https://godotengine.org

Shagno grew up in Iusususus, in a single-parent household. A household friend taught them the work of a repairer. Their household contributed to boatbuilding. They hope to bring a younger sibling new opportunities; they still carry a tiny box of spare pegs.
GAME-81 smoke failures: 0
Godot Engine v4.6.3.stable.official.7d41c59c4 - https://godotengine.org

GAME-81 reader corruption checks: 17; failures: 0
Godot Engine v4.6.3.stable.official.7d41c59c4 - https://godotengine.org

GAME-81 failure checks: 71; failures: 0
Godot Engine v4.6.3.stable.official.7d41c59c4 - https://godotengine.org

GAME-81 lifecycle create: 142 checks, 0 failures
Godot Engine v4.6.3.stable.official.7d41c59c4 - https://godotengine.org

GAME-81 lifecycle replay: 56 checks, 0 failures
Godot Engine v4.6.3.stable.official.7d41c59c4 - https://godotengine.org
WARNING: Could not set V-Sync mode, as changing V-Sync mode is not supported by the graphics driver.
     at: set_use_vsync (platform/linuxbsd/x11/gl_manager_x11.cpp:364)
OpenGL API 4.5 (Core Profile) Mesa 25.0.7-2+deb13u1 - Compatibility - Using Device: Mesa - llvmpipe (LLVM 19.1.7, 256 bits)

GAME-81 actual input/render flow: 107 checks, 0 failures
✔ game-11-determinism: exact replay, hierarchy, visibility and immutable geography (1096.117944ms)
✔ atlas-showcase: exact replay, hierarchy, visibility and immutable geography (863.043695ms)
✔ prerequisites and contradictions refuse unsupported economies and politics (296.134924ms)
✔ source context ignores hidden mines and retains unknown religion/culture (329.483462ms)
✔ ocean coast and inland port cannot combine into invented maritime commerce (299.38578ms)
✔ hometown livelihood wording preserves recorded town, village and fort classes (284.750001ms)
✔ state order, sibling order and unrelated region addition do not reroll existing profiles (616.621545ms)
✔ immutable publication and retries never overwrite corrupt or historical packages (1146.483222ms)
✔ all dormant GAME-78 domains remain functional with hierarchical context (280.632404ms)
✔ profile renderer refuses private records and unknown templates (290.705082ms)
ℹ tests 10
ℹ suites 0
ℹ pass 10
ℹ fail 0
ℹ cancelled 0
ℹ skipped 0
ℹ todo 0
ℹ duration_ms 5597.571004
3cc84573c5619bcf43d6bd844bb8c677fab5212e367355df5ed4eba4102d4b0f  /tmp/game80 profiles taes_mqy/generated/game80-world-0/world.json
a75c800b8f88c85fafd33fcad59af24695cdc75a9ed338645ef517f05be2ae3f  /tmp/game80 profiles taes_mqy/generated/game80-world-0/world.relief.svg
2a3f815626c020651a15e2d5e72d8caf22b6f99f3c0a93d2310364a49ddfda3f  /tmp/game80 profiles taes_mqy/generated/game80-world-0/world.vegetation.svg
{"schema_version":2,"provider":"trhgd-hierarchical-lexicon","generator_version":"trhgd-origin-profiles-2","content_pack_version":"trhgd-origin-profiles-2","content_pack_sha":"2eec2489a997ccb9685e5cbe6ef5f0b8ac6e2ea6a92896bee97ce7b16fd3f037","renderer_version":"trhgd-profile-rant-2","base_world_id":"azgaar:1.153.1:game80-world-0:3cc84573c5619bcf43d6bd844bb8c677fab5212e367355df5ed4eba4102d4b0f","base_world_sha":"3cc84573c5619bcf43d6bd844bb8c677fab5212e367355df5ed4eba4102d4b0f","enrichment_sha":"14bcf32255ea4e938e3754ba3bbc482b3d5a2a229de95157ff84dae1e3e4d14c","public_projection_sha":"2e26454bca0f665b250011933dbf6867b4bd7868a9b5f798314be389a195777d","runtime_manifest_sha":"18280f3f22ab5fb027e0c29c288ffe579b503138793495bbdd6abb039f221d58","state_count":22,"region_count":267,"origin_count":432,"origin_v1_sha":"1bf395d289f258c44795dc3cf569fabd3693d0850e637e5106955f05258ac23c"}
{"schema_version":2,"provider":"trhgd-hierarchical-lexicon","generator_version":"trhgd-origin-profiles-2","content_pack_version":"trhgd-origin-profiles-2","content_pack_sha":"2eec2489a997ccb9685e5cbe6ef5f0b8ac6e2ea6a92896bee97ce7b16fd3f037","renderer_version":"trhgd-profile-rant-2","base_world_id":"azgaar:1.153.1:game80-world-0:3cc84573c5619bcf43d6bd844bb8c677fab5212e367355df5ed4eba4102d4b0f","base_world_sha":"3cc84573c5619bcf43d6bd844bb8c677fab5212e367355df5ed4eba4102d4b0f","enrichment_sha":"14bcf32255ea4e938e3754ba3bbc482b3d5a2a229de95157ff84dae1e3e4d14c","public_projection_sha":"2e26454bca0f665b250011933dbf6867b4bd7868a9b5f798314be389a195777d","runtime_manifest_sha":"18280f3f22ab5fb027e0c29c288ffe579b503138793495bbdd6abb039f221d58","state_count":22,"region_count":267,"origin_count":432,"origin_v1_sha":"1bf395d289f258c44795dc3cf569fabd3693d0850e637e5106955f05258ac23c"}
6fdfd1d048bb18a526e68b46ea6cd0c4d3b6b9178f31b863c64e4ff248a1fc78  /tmp/game80 profiles taes_mqy/generated/game80-world-1/world.json
8262a80391fbee4edf36aaea73c1f91d8bd90a3586de9d71f9b2f4ddea32b7b0  /tmp/game80 profiles taes_mqy/generated/game80-world-1/world.relief.svg
006eebca9968dd67bb2b7af9aeb38834d9dfec8d5e6d3e0c85d9ca15a2ca81db  /tmp/game80 profiles taes_mqy/generated/game80-world-1/world.vegetation.svg
{"schema_version":2,"provider":"trhgd-hierarchical-lexicon","generator_version":"trhgd-origin-profiles-2","content_pack_version":"trhgd-origin-profiles-2","content_pack_sha":"2eec2489a997ccb9685e5cbe6ef5f0b8ac6e2ea6a92896bee97ce7b16fd3f037","renderer_version":"trhgd-profile-rant-2","base_world_id":"azgaar:1.153.1:game80-world-1:6fdfd1d048bb18a526e68b46ea6cd0c4d3b6b9178f31b863c64e4ff248a1fc78","base_world_sha":"6fdfd1d048bb18a526e68b46ea6cd0c4d3b6b9178f31b863c64e4ff248a1fc78","enrichment_sha":"a8e7a212503b1eb9916c97a498c1d86393aa26bb1c650038294bbae6a9453576","public_projection_sha":"051356f091a3d7eb9a19fc0511b98da4675c9a5bfa5832d484cf268426b9e899","runtime_manifest_sha":"18280f3f22ab5fb027e0c29c288ffe579b503138793495bbdd6abb039f221d58","state_count":30,"region_count":250,"origin_count":438,"origin_v1_sha":"1e4ae4df012133408ecc548e2f53f388ce9dc0a1c5b50846ab315baec1260f92"}
{"schema_version":2,"provider":"trhgd-hierarchical-lexicon","generator_version":"trhgd-origin-profiles-2","content_pack_version":"trhgd-origin-profiles-2","content_pack_sha":"2eec2489a997ccb9685e5cbe6ef5f0b8ac6e2ea6a92896bee97ce7b16fd3f037","renderer_version":"trhgd-profile-rant-2","base_world_id":"azgaar:1.153.1:game80-world-1:6fdfd1d048bb18a526e68b46ea6cd0c4d3b6b9178f31b863c64e4ff248a1fc78","base_world_sha":"6fdfd1d048bb18a526e68b46ea6cd0c4d3b6b9178f31b863c64e4ff248a1fc78","enrichment_sha":"a8e7a212503b1eb9916c97a498c1d86393aa26bb1c650038294bbae6a9453576","public_projection_sha":"051356f091a3d7eb9a19fc0511b98da4675c9a5bfa5832d484cf268426b9e899","runtime_manifest_sha":"18280f3f22ab5fb027e0c29c288ffe579b503138793495bbdd6abb039f221d58","state_count":30,"region_count":250,"origin_count":438,"origin_v1_sha":"1e4ae4df012133408ecc548e2f53f388ce9dc0a1c5b50846ab315baec1260f92"}
5145d99d70ac53308b425dde00806711484f9712f4437c2e73376231b11f3565  /tmp/game80 profiles taes_mqy/generated/game80-world-2/world.json
8029ccb154d460d83e5bfaab82242f9b1a9f4fb77204c9c4981582e3de304187  /tmp/game80 profiles taes_mqy/generated/game80-world-2/world.relief.svg
3e024d37d550fda9c761d5b09c4032f85383548f5c7d3d8a83fc484b241e08fc  /tmp/game80 profiles taes_mqy/generated/game80-world-2/world.vegetation.svg
{"schema_version":2,"provider":"trhgd-hierarchical-lexicon","generator_version":"trhgd-origin-profiles-2","content_pack_version":"trhgd-origin-profiles-2","content_pack_sha":"2eec2489a997ccb9685e5cbe6ef5f0b8ac6e2ea6a92896bee97ce7b16fd3f037","renderer_version":"trhgd-profile-rant-2","base_world_id":"azgaar:1.153.1:game80-world-2:5145d99d70ac53308b425dde00806711484f9712f4437c2e73376231b11f3565","base_world_sha":"5145d99d70ac53308b425dde00806711484f9712f4437c2e73376231b11f3565","enrichment_sha":"d65bfae93e6c18734175cbd5cb575604351b9f6d5d5cabc5a58272866bd8ab78","public_projection_sha":"cfaf0d556f2fb7250eefed879928d00a701724f3a28c808e11a2e1cd81d26f63","runtime_manifest_sha":"18280f3f22ab5fb027e0c29c288ffe579b503138793495bbdd6abb039f221d58","state_count":21,"region_count":210,"origin_count":478,"origin_v1_sha":"e51f3e553c7491ebf7bdffbce5458ec92e9d16dccf1ce26842efedbf04e466be"}
{"schema_version":2,"provider":"trhgd-hierarchical-lexicon","generator_version":"trhgd-origin-profiles-2","content_pack_version":"trhgd-origin-profiles-2","content_pack_sha":"2eec2489a997ccb9685e5cbe6ef5f0b8ac6e2ea6a92896bee97ce7b16fd3f037","renderer_version":"trhgd-profile-rant-2","base_world_id":"azgaar:1.153.1:game80-world-2:5145d99d70ac53308b425dde00806711484f9712f4437c2e73376231b11f3565","base_world_sha":"5145d99d70ac53308b425dde00806711484f9712f4437c2e73376231b11f3565","enrichment_sha":"d65bfae93e6c18734175cbd5cb575604351b9f6d5d5cabc5a58272866bd8ab78","public_projection_sha":"cfaf0d556f2fb7250eefed879928d00a701724f3a28c808e11a2e1cd81d26f63","runtime_manifest_sha":"18280f3f22ab5fb027e0c29c288ffe579b503138793495bbdd6abb039f221d58","state_count":21,"region_count":210,"origin_count":478,"origin_v1_sha":"e51f3e553c7491ebf7bdffbce5458ec92e9d16dccf1ce26842efedbf04e466be"}
c440ed5c5678a2de56969149a1639048b2ededb396f0be5378a180dd42b8071b  /tmp/game80 profiles taes_mqy/generated/game80-world-3/world.json
40941a65f715e57e4e40a1b22039f01f64612fb0bd0f31b7837909aa594b6657  /tmp/game80 profiles taes_mqy/generated/game80-world-3/world.relief.svg
87b1399fa0836f6ae06b7fe8e4d5b6b545f9a530551c14502949883d30de0081  /tmp/game80 profiles taes_mqy/generated/game80-world-3/world.vegetation.svg
{"schema_version":2,"provider":"trhgd-hierarchical-lexicon","generator_version":"trhgd-origin-profiles-2","content_pack_version":"trhgd-origin-profiles-2","content_pack_sha":"2eec2489a997ccb9685e5cbe6ef5f0b8ac6e2ea6a92896bee97ce7b16fd3f037","renderer_version":"trhgd-profile-rant-2","base_world_id":"azgaar:1.153.1:game80-world-3:c440ed5c5678a2de56969149a1639048b2ededb396f0be5378a180dd42b8071b","base_world_sha":"c440ed5c5678a2de56969149a1639048b2ededb396f0be5378a180dd42b8071b","enrichment_sha":"e142610bc01c0011ef2a49adb32f08b53bcd3c738a03463610644fc5c69e1977","public_projection_sha":"b5a4e184406b1821259c38d2a4ed2700ad80419205870e7ee81afd730b22c141","runtime_manifest_sha":"18280f3f22ab5fb027e0c29c288ffe579b503138793495bbdd6abb039f221d58","state_count":16,"region_count":187,"origin_count":392,"origin_v1_sha":"53a34618de2498f8f4329fc06639e3764c46aa69dfe8e1f941a6b76406fac447"}
{"schema_version":2,"provider":"trhgd-hierarchical-lexicon","generator_version":"trhgd-origin-profiles-2","content_pack_version":"trhgd-origin-profiles-2","content_pack_sha":"2eec2489a997ccb9685e5cbe6ef5f0b8ac6e2ea6a92896bee97ce7b16fd3f037","renderer_version":"trhgd-profile-rant-2","base_world_id":"azgaar:1.153.1:game80-world-3:c440ed5c5678a2de56969149a1639048b2ededb396f0be5378a180dd42b8071b","base_world_sha":"c440ed5c5678a2de56969149a1639048b2ededb396f0be5378a180dd42b8071b","enrichment_sha":"e142610bc01c0011ef2a49adb32f08b53bcd3c738a03463610644fc5c69e1977","public_projection_sha":"b5a4e184406b1821259c38d2a4ed2700ad80419205870e7ee81afd730b22c141","runtime_manifest_sha":"18280f3f22ab5fb027e0c29c288ffe579b503138793495bbdd6abb039f221d58","state_count":16,"region_count":187,"origin_count":392,"origin_v1_sha":"53a34618de2498f8f4329fc06639e3764c46aa69dfe8e1f941a6b76406fac447"}
a9740eae663d4eaaa08e66222862c2ce816713db1678f098700e2e8338a1a0fd  /tmp/game80 profiles taes_mqy/generated/game80-world-4/world.json
90b596628f7af911e4fa45cdc6e9d8465cc25c2a6153bfaaaf5a819afc04cf4c  /tmp/game80 profiles taes_mqy/generated/game80-world-4/world.relief.svg
bfcec3b5f6d00321d8f424688664caaf5848a1a30c302a8e0025371142385b00  /tmp/game80 profiles taes_mqy/generated/game80-world-4/world.vegetation.svg
{"schema_version":2,"provider":"trhgd-hierarchical-lexicon","generator_version":"trhgd-origin-profiles-2","content_pack_version":"trhgd-origin-profiles-2","content_pack_sha":"2eec2489a997ccb9685e5cbe6ef5f0b8ac6e2ea6a92896bee97ce7b16fd3f037","renderer_version":"trhgd-profile-rant-2","base_world_id":"azgaar:1.153.1:game80-world-4:a9740eae663d4eaaa08e66222862c2ce816713db1678f098700e2e8338a1a0fd","base_world_sha":"a9740eae663d4eaaa08e66222862c2ce816713db1678f098700e2e8338a1a0fd","enrichment_sha":"6e22d5a92cbc716f49801bb6bdb062252467aa4ccc19cb21822ce34cb832a9c7","public_projection_sha":"9c66a1d0cc3ef9134450f733039a1f901d6679d7782fc8e9307a0bd89ad28f3d","runtime_manifest_sha":"18280f3f22ab5fb027e0c29c288ffe579b503138793495bbdd6abb039f221d58","state_count":18,"region_count":189,"origin_count":436,"origin_v1_sha":"899fc9a6af736aee1e3d92baccb4582e13fec0475a4f8f59f737a9cd432139e2"}
{"schema_version":2,"provider":"trhgd-hierarchical-lexicon","generator_version":"trhgd-origin-profiles-2","content_pack_version":"trhgd-origin-profiles-2","content_pack_sha":"2eec2489a997ccb9685e5cbe6ef5f0b8ac6e2ea6a92896bee97ce7b16fd3f037","renderer_version":"trhgd-profile-rant-2","base_world_id":"azgaar:1.153.1:game80-world-4:a9740eae663d4eaaa08e66222862c2ce816713db1678f098700e2e8338a1a0fd","base_world_sha":"a9740eae663d4eaaa08e66222862c2ce816713db1678f098700e2e8338a1a0fd","enrichment_sha":"6e22d5a92cbc716f49801bb6bdb062252467aa4ccc19cb21822ce34cb832a9c7","public_projection_sha":"9c66a1d0cc3ef9134450f733039a1f901d6679d7782fc8e9307a0bd89ad28f3d","runtime_manifest_sha":"18280f3f22ab5fb027e0c29c288ffe579b503138793495bbdd6abb039f221d58","state_count":18,"region_count":189,"origin_count":436,"origin_v1_sha":"899fc9a6af736aee1e3d92baccb4582e13fec0475a4f8f59f737a9cd432139e2"}
3cc84573c5619bcf43d6bd844bb8c677fab5212e367355df5ed4eba4102d4b0f  /tmp/game80 profiles taes_mqy/repeat/world.json
a75c800b8f88c85fafd33fcad59af24695cdc75a9ed338645ef517f05be2ae3f  /tmp/game80 profiles taes_mqy/repeat/world.relief.svg
2a3f815626c020651a15e2d5e72d8caf22b6f99f3c0a93d2310364a49ddfda3f  /tmp/game80 profiles taes_mqy/repeat/world.vegetation.svg
{"schema_version":2,"provider":"trhgd-hierarchical-lexicon","generator_version":"trhgd-origin-profiles-2","content_pack_version":"trhgd-origin-profiles-2","content_pack_sha":"2eec2489a997ccb9685e5cbe6ef5f0b8ac6e2ea6a92896bee97ce7b16fd3f037","renderer_version":"trhgd-profile-rant-2","base_world_id":"azgaar:1.153.1:game80-world-0:3cc84573c5619bcf43d6bd844bb8c677fab5212e367355df5ed4eba4102d4b0f","base_world_sha":"3cc84573c5619bcf43d6bd844bb8c677fab5212e367355df5ed4eba4102d4b0f","enrichment_sha":"14bcf32255ea4e938e3754ba3bbc482b3d5a2a229de95157ff84dae1e3e4d14c","public_projection_sha":"2e26454bca0f665b250011933dbf6867b4bd7868a9b5f798314be389a195777d","runtime_manifest_sha":"18280f3f22ab5fb027e0c29c288ffe579b503138793495bbdd6abb039f221d58","state_count":22,"region_count":267,"origin_count":432,"origin_v1_sha":"1bf395d289f258c44795dc3cf569fabd3693d0850e637e5106955f05258ac23c"}
::notice title=GAME-80 platform timing::[{"seed":"game80-world-0","seconds":0.867,"origins":432,"states":22,"regions":267,"bytes":2824675},{"seed":"game80-world-1","seconds":0.968,"origins":438,"states":30,"regions":250,"bytes":2847962},{"seed":"game80-world-2","seconds":0.866,"origins":478,"states":21,"regions":210,"bytes":2804929},{"seed":"game80-world-3","seconds":0.767,"origins":392,"states":16,"regions":187,"bytes":2336590},{"seed":"game80-world-4","seconds":0.821,"origins":436,"states":18,"regions":189,"bytes":2549286}]
{
  "worlds": [
    {
      "world": "azgaar:1.153.1:game-11-determinism:2eb428e783101dc1c99213c31816dbd50f3a68370094917949a88bfbb5811fa5",
      "milliseconds": 417.72398999999996,
      "bytes": 2579483
    },
    {
      "world": "azgaar:1.153.1:atlas-showcase-06:9f942b07bb73c2af17c4039d009561b696864e02ec67f2e8dd3a5ef6a757ebb3",
      "milliseconds": 349.142432,
      "bytes": 2494137
    },
    {
      "world": "azgaar:1.153.1:game80-world-0:3cc84573c5619bcf43d6bd844bb8c677fab5212e367355df5ed4eba4102d4b0f",
      "milliseconds": 356.57144199999993,
      "bytes": 2823791
    },
    {
      "world": "azgaar:1.153.1:game80-world-1:6fdfd1d048bb18a526e68b46ea6cd0c4d3b6b9178f31b863c64e4ff248a1fc78",
      "milliseconds": 326.0143209999999,
      "bytes": 2847078
    },
    {
      "world": "azgaar:1.153.1:game80-world-2:5145d99d70ac53308b425dde00806711484f9712f4437c2e73376231b11f3565",
      "milliseconds": 319.2383,
      "bytes": 2804045
    },
    {
      "world": "azgaar:1.153.1:game80-world-3:c440ed5c5678a2de56969149a1639048b2ededb396f0be5378a180dd42b8071b",
      "milliseconds": 289.39943700000003,
      "bytes": 2335706
    },
    {
      "world": "azgaar:1.153.1:game80-world-4:a9740eae663d4eaaa08e66222862c2ce816713db1678f098700e2e8338a1a0fd",
      "milliseconds": 293.2059439999998,
      "bytes": 2548402
    }
  ],
  "metrics": [
    {
      "domain": "states",
      "records": 149,
      "distinct_fact_signatures": 149,
      "distinct_prose": 149,
      "largest_duplicate_signature": 1,
      "top_repeated_signature": [
        [
          "{\"custom\":\"river-work\",\"economy\":{\"specialisms\":[\"river-crafts\",\"mixed-farming\"]},\"orientation\":\"welcoming\",\"posture\":\"peaceful\",\"role\":null,\"social\":\"hospitable\"}",
          1
        ],
        [
          "{\"custom\":\"seasonal-assemblies\",\"economy\":{\"specialisms\":[\"river-crafts\",\"grain-crafts\"]},\"orientation\":\"welcoming\",\"posture\":\"frontier-minded\",\"role\":null,\"social\":\"meticulous\"}",
          1
        ],
        [
          "{\"custom\":\"seasonal-assemblies\",\"economy\":{\"specialisms\":[\"fishing\",\"market-crafts\"]},\"orientation\":\"guarded\",\"posture\":\"outward-looking\",\"role\":null,\"social\":\"reserved\"}",
          1
        ]
      ]
    },
    {
      "domain": "regions",
      "records": 1482,
      "distinct_fact_signatures": 1243,
      "distinct_prose": 883,
      "largest_duplicate_signature": 6,
      "top_repeated_signature": [
        [
          "{\"custom\":\"household-ledgers\",\"economy\":{\"specialisms\":[\"forestry\"]},\"orientation\":\"local\",\"posture\":\"isolationist\",\"role\":\"forest-district\",\"social\":null}",
          6
        ],
        [
          "{\"custom\":\"household-ledgers\",\"economy\":{\"specialisms\":[\"forestry\"]},\"orientation\":\"guarded\",\"posture\":\"isolationist\",\"role\":\"forest-district\",\"social\":null}",
          5
        ],
        [
          "{\"custom\":\"seasonal-assemblies\",\"economy\":{\"specialisms\":[\"grain-crafts\"]},\"orientation\":\"guarded\",\"posture\":\"isolationist\",\"role\":\"farming-belt\",\"social\":null}",
          5
        ]
      ]
    },
    {
      "domain": "hometowns",
      "records": 3031,
      "distinct_fact_signatures": 2390,
      "distinct_prose": 1935,
      "largest_duplicate_signature": 7,
      "top_repeated_signature": [
        [
          "{\"custom\":\"wood-care\",\"economy\":{\"specialisms\":[\"forestry\"]},\"orientation\":\"local\",\"posture\":\"decentralised\",\"role\":\"woodland craft community\",\"social\":\"formal\"}",
          7
        ],
        [
          "{\"custom\":\"path-work\",\"economy\":{\"specialisms\":[\"forestry\"]},\"orientation\":\"guarded\",\"posture\":\"isolationist\",\"role\":\"woodland craft community\",\"social\":\"meticulous\"}",
          6
        ],
        [
          "{\"custom\":\"tool-care\",\"economy\":{\"specialisms\":[\"forestry\"]},\"orientation\":\"maritime\",\"posture\":\"mercantile\",\"role\":\"woodland craft community\",\"social\":\"communal\"}",
          6
        ]
      ]
    }
  ]
}
Godot Engine v4.6.3.stable.official.7d41c59c4 - https://godotengine.org

[   0% ] [90m[1mfirst_scan_filesystem[22m | Started Project initialization (5 steps)[39m[0m
[   0% ] [90m[1mfirst_scan_filesystem[22m | Scanning file structure...[39m[0m
[  16% ] [90m[1mfirst_scan_filesystem[22m | Loading global class names...[39m[0m
[  33% ] [90m[1mfirst_scan_filesystem[22m | Verifying GDExtensions...[39m[0m
[  50% ] [90m[1mfirst_scan_filesystem[22m | Creating autoload scripts...[39m[0m
[  66% ] [90m[1mfirst_scan_filesystem[22m | Initializing plugins...[39m[0m
[  83% ] [90m[1mfirst_scan_filesystem[22m | Starting file scan...[39m[0m
[92m[ DONE ][39m [1mfirst_scan_filesystem[22m
[0m
[   0% ] [90m[1m_update_scan_actions[22m | Started Scanning actions... (18 steps)[39m[0m
[   0% ] [90m[1m_update_scan_actions[22m | background-640x360.png[39m[0m
[   5% ] [90m[1m_update_scan_actions[22m | background-1280x720.png[39m[0m
[  10% ] [90m[1m_update_scan_actions[22m | background-2560x1440.png[39m[0m
[  15% ] [90m[1m_update_scan_actions[22m | edited-name-2560x1440.png[39m[0m
[  21% ] [90m[1m_update_scan_actions[22m | fresh-world-background-2560x1440.png[39m[0m
[  26% ] [90m[1m_update_scan_actions[22m | fresh-world-party-2560x1440.png[39m[0m
[  31% ] [90m[1m_update_scan_actions[22m | main-menu-resume-party.png[39m[0m
[  36% ] [90m[1m_update_scan_actions[22m | main-menu.png[39m[0m
[  42% ] [90m[1m_update_scan_actions[22m | origin-confirmation.png[39m[0m
[  47% ] [90m[1m_update_scan_actions[22m | party-overview-640x360.png[39m[0m
[  52% ] [90m[1m_update_scan_actions[22m | party-overview-1280x720.png[39m[0m
[  57% ] [90m[1m_update_scan_actions[22m | party-overview-2560x1440.png[39m[0m
[  63% ] [90m[1m_update_scan_actions[22m | party-ready-2560x1440.png[39m[0m
[  68% ] [90m[1m_update_scan_actions[22m | people-popup-2560x1440.png[39m[0m
[  73% ] [90m[1m_update_scan_actions[22m | regenerated-background-2560x1440.png[39m[0m
[  78% ] [90m[1m_update_scan_actions[22m | resumed-ready-party-hometown.png[39m[0m
[  84% ] [90m[1m_update_scan_actions[22m | second-background-2560x1440.png[39m[0m
[  89% ] [90m[1m_update_scan_actions[22m | third-background-2560x1440.png[39m[0m
[92m[ DONE ][39m [1m_update_scan_actions[22m
[0m
[   0% ] [90m[1mreimport[22m | Started (Re)Importing Assets (18 steps)[39m[0m
[   0% ] [90m[1mreimport[22m | Preparing files to reimport...[39m[0m
[   5% ] [90m[1mreimport[22m | Preparing files to reimport...[39m[0m
[  10% ] [90m[1mreimport[22m | Preparing files to reimport...[39m[0m
[  15% ] [90m[1mreimport[22m | Preparing files to reimport...[39m[0m
[  21% ] [90m[1mreimport[22m | Preparing files to reimport...[39m[0m
[  26% ] [90m[1mreimport[22m | Preparing files to reimport...[39m[0m
[  31% ] [90m[1mreimport[22m | Preparing files to reimport...[39m[0m
[  36% ] [90m[1mreimport[22m | Preparing files to reimport...[39m[0m
[  42% ] [90m[1mreimport[22m | Preparing files to reimport...[39m[0m
[  47% ] [90m[1mreimport[22m | Preparing files to reimport...[39m[0m
[  52% ] [90m[1mreimport[22m | Preparing files to reimport...[39m[0m
[  57% ] [90m[1mreimport[22m | Preparing files to reimport...[39m[0m
[  63% ] [90m[1mreimport[22m | Preparing files to reimport...[39m[0m
[  68% ] [90m[1mreimport[22m | Preparing files to reimport...[39m[0m
[  73% ] [90m[1mreimport[22m | Preparing files to reimport...[39m[0m
[  78% ] [90m[1mreimport[22m | Preparing files to reimport...[39m[0m
[  84% ] [90m[1mreimport[22m | Preparing files to reimport...[39m[0m
[  89% ] [90m[1mreimport[22m | Preparing files to reimport...[39m[0m
[   0% ] [90m[1mreimport[22m | Executing pre-reimport operations...[39m[0m
[   0% ] [90m[1mreimport[22m | third-background-2560x1440.png[39m[0m
[   5% ] [90m[1mreimport[22m | second-background-2560x1440.png[39m[0m
[  10% ] [90m[1mreimport[22m | resumed-ready-party-hometown.png[39m[0m
[  15% ] [90m[1mreimport[22m | regenerated-background-2560x1440.png[39m[0m
[  21% ] [90m[1mreimport[22m | people-popup-2560x1440.png[39m[0m
[  26% ] [90m[1mreimport[22m | party-ready-2560x1440.png[39m[0m
[  31% ] [90m[1mreimport[22m | party-overview-2560x1440.png[39m[0m
[  36% ] [90m[1mreimport[22m | party-overview-1280x720.png[39m[0m
[  42% ] [90m[1mreimport[22m | party-overview-640x360.png[39m[0m
[  47% ] [90m[1mreimport[22m | origin-confirmation.png[39m[0m
[  52% ] [90m[1mreimport[22m | main-menu.png[39m[0m
[  57% ] [90m[1mreimport[22m | main-menu-resume-party.png[39m[0m
[  63% ] [90m[1mreimport[22m | fresh-world-party-2560x1440.png[39m[0m
[  68% ] [90m[1mreimport[22m | fresh-world-background-2560x1440.png[39m[0m
[  73% ] [90m[1mreimport[22m | edited-name-2560x1440.png[39m[0m
[  78% ] [90m[1mreimport[22m | background-2560x1440.png[39m[0m
[  84% ] [90m[1mreimport[22m | background-1280x720.png[39m[0m
[  89% ] [90m[1mreimport[22m | background-640x360.png[39m[0m
[  94% ] [90m[1mreimport[22m | Finalizing Asset Import...[39m[0m
[92m[ DONE ][39m [1mreimport[22m
[0m
[   0% ] [90m[1mreimport[22m | Started (Re)Importing Assets (18 steps)[39m[0m
[   0% ] [90m[1mreimport[22m | Executing post-reimport operations...[39m[0m
[92m[ DONE ][39m [1mreimport[22m
[0m
[   0% ] [90m[1mloading_editor_layout[22m | Started Loading editor (5 steps)[39m[0m
[   0% ] [90m[1mloading_editor_layout[22m | Loading editor layout...[39m[0m
[  16% ] [90m[1mloading_editor_layout[22m | Loading docks...[39m[0m
[92m[ DONE ][39m [1mloading_editor_layout[22m
[0m
Godot Engine v4.6.3.stable.official.7d41c59c4 - https://godotengine.org

GAME-80 preset/legacy: 2581 checks, 0 failures
Godot Engine v4.6.3.stable.official.7d41c59c4 - https://godotengine.org

GAME-80 lifecycle create: 2211 checks, 0 failures
Godot Engine v4.6.3.stable.official.7d41c59c4 - https://godotengine.org

GAME-80 lifecycle replay: 40 checks, 0 failures
Godot Engine v4.6.3.stable.official.7d41c59c4 - https://godotengine.org

GAME-80 profile post-write: 9 checks, 0 failures
Godot Engine v4.6.3.stable.official.7d41c59c4 - https://godotengine.org
WARNING: Could not set V-Sync mode, as changing V-Sync mode is not supported by the graphics driver.
     at: set_use_vsync (platform/linuxbsd/x11/gl_manager_x11.cpp:364)
OpenGL API 4.5 (Core Profile) Mesa 25.0.7-2+deb13u1 - Compatibility - Using Device: Mesa - llvmpipe (LLVM 19.1.7, 256 bits)

GAME-80 real input/render: 2926 checks, 0 failures
✔ game-11-determinism: exhaustive eligible coverage and immutable preset replay (605.191869ms)
✔ atlas-showcase: exhaustive eligible coverage and immutable preset replay (457.891498ms)
✔ SHA field seeds and origin child generation remain order independent (134.636519ms)
✔ immutable publication, deterministic retries and corruption refusal (572.478811ms)
✔ vendor and production runtime pins are exact (1.546541ms)
✔ renderer refuses secret records and unsupported pack versions (131.404962ms)
✔ corrupt vendor, missing renderer and wrong pack are refused before publication (127.065541ms)
ℹ tests 7
ℹ suites 0
ℹ pass 7
ℹ fail 0
ℹ cancelled 0
ℹ skipped 0
ℹ todo 0
ℹ duration_ms 2121.993937
d88e61af508d71d0cffe0f6d69f600a1c4d0765786da861cb4cd5f7bb0f0dcd3  /tmp/game79 production worlds etld8kvm/generated/game79-world-0/world.json
e466a55488acb42aaaf2f7d30289b9fbb1d359048ed6016fb0f2c934c8c5377e  /tmp/game79 production worlds etld8kvm/generated/game79-world-0/world.relief.svg
6787eeac7adc5999bfafb36cda8d9d72f8b1ca7cd1a3de142648d300ea9d957b  /tmp/game79 production worlds etld8kvm/generated/game79-world-0/world.vegetation.svg
{"schema_version":1,"provider":"sha-staged","generator_version":"trhgd-game78-1","content_pack_version":"trhgd-game78-1","content_pack_sha":"31a9bd036a153e9356b6b7cc1dfae2945992fc4c70e2f32c2881ef3c3031104c","renderer_version":"trhgd-game78-rant-1","base_world_id":"azgaar:1.153.1:game79-world-0:d88e61af508d71d0cffe0f6d69f600a1c4d0765786da861cb4cd5f7bb0f0dcd3","base_world_sha":"d88e61af508d71d0cffe0f6d69f600a1c4d0765786da861cb4cd5f7bb0f0dcd3","enrichment_sha":"6465a26e7107215b6bc09f51d1adee8b2b425ca824f2dd5bc8abded38cb8c484","public_projection_sha":"00da58aa7a451b734c1321e23e2d22268c69bc1a28aca07732b7dc0ce7801f8c","runtime_manifest_sha":"1a27bed30916e8ac2b76749279a23639836fb98e5f42831bfdb04943b8a3beaa","origin_count":488}
{"schema_version":1,"provider":"sha-staged","generator_version":"trhgd-game78-1","content_pack_version":"trhgd-game78-1","content_pack_sha":"31a9bd036a153e9356b6b7cc1dfae2945992fc4c70e2f32c2881ef3c3031104c","renderer_version":"trhgd-game78-rant-1","base_world_id":"azgaar:1.153.1:game79-world-0:d88e61af508d71d0cffe0f6d69f600a1c4d0765786da861cb4cd5f7bb0f0dcd3","base_world_sha":"d88e61af508d71d0cffe0f6d69f600a1c4d0765786da861cb4cd5f7bb0f0dcd3","enrichment_sha":"6465a26e7107215b6bc09f51d1adee8b2b425ca824f2dd5bc8abded38cb8c484","public_projection_sha":"00da58aa7a451b734c1321e23e2d22268c69bc1a28aca07732b7dc0ce7801f8c","runtime_manifest_sha":"1a27bed30916e8ac2b76749279a23639836fb98e5f42831bfdb04943b8a3beaa","origin_count":488}
796f7052e871896b1e759028255de32470bc11ee9647bee3d11780db765218c1  /tmp/game79 production worlds etld8kvm/generated/game79-world-1/world.json
72c92546e5f3371d0b743be2426a0cc3512cd4f213fa8406f48f83158e59dfbc  /tmp/game79 production worlds etld8kvm/generated/game79-world-1/world.relief.svg
24586ccf88300d700c253e4edd44ac7cea47ca0cd64e590c3249665ec2c97120  /tmp/game79 production worlds etld8kvm/generated/game79-world-1/world.vegetation.svg
{"schema_version":1,"provider":"sha-staged","generator_version":"trhgd-game78-1","content_pack_version":"trhgd-game78-1","content_pack_sha":"31a9bd036a153e9356b6b7cc1dfae2945992fc4c70e2f32c2881ef3c3031104c","renderer_version":"trhgd-game78-rant-1","base_world_id":"azgaar:1.153.1:game79-world-1:796f7052e871896b1e759028255de32470bc11ee9647bee3d11780db765218c1","base_world_sha":"796f7052e871896b1e759028255de32470bc11ee9647bee3d11780db765218c1","enrichment_sha":"6393abbb351b194f5a4b97270c0bb6c52c867c351c09d049c0c639445db79183","public_projection_sha":"7f4ca16a6fa46ad0d99ca5e0ad2e52e0bd2904054d352574143debb846ff2f01","runtime_manifest_sha":"1a27bed30916e8ac2b76749279a23639836fb98e5f42831bfdb04943b8a3beaa","origin_count":517}
{"schema_version":1,"provider":"sha-staged","generator_version":"trhgd-game78-1","content_pack_version":"trhgd-game78-1","content_pack_sha":"31a9bd036a153e9356b6b7cc1dfae2945992fc4c70e2f32c2881ef3c3031104c","renderer_version":"trhgd-game78-rant-1","base_world_id":"azgaar:1.153.1:game79-world-1:796f7052e871896b1e759028255de32470bc11ee9647bee3d11780db765218c1","base_world_sha":"796f7052e871896b1e759028255de32470bc11ee9647bee3d11780db765218c1","enrichment_sha":"6393abbb351b194f5a4b97270c0bb6c52c867c351c09d049c0c639445db79183","public_projection_sha":"7f4ca16a6fa46ad0d99ca5e0ad2e52e0bd2904054d352574143debb846ff2f01","runtime_manifest_sha":"1a27bed30916e8ac2b76749279a23639836fb98e5f42831bfdb04943b8a3beaa","origin_count":517}
2c403e4e22d25eb11f75502a3d6eeee1e0e6b43df55c87b01484803024747f4f  /tmp/game79 production worlds etld8kvm/generated/game79-world-2/world.json
c4f51df62c230337bd2cc05412989394a599e37e019571d9fe5968271d334b1d  /tmp/game79 production worlds etld8kvm/generated/game79-world-2/world.relief.svg
2eebfeec65d63f34f2be5594772e058a9eda40052ebd84bebc89bf303e57f618  /tmp/game79 production worlds etld8kvm/generated/game79-world-2/world.vegetation.svg
{"schema_version":1,"provider":"sha-staged","generator_version":"trhgd-game78-1","content_pack_version":"trhgd-game78-1","content_pack_sha":"31a9bd036a153e9356b6b7cc1dfae2945992fc4c70e2f32c2881ef3c3031104c","renderer_version":"trhgd-game78-rant-1","base_world_id":"azgaar:1.153.1:game79-world-2:2c403e4e22d25eb11f75502a3d6eeee1e0e6b43df55c87b01484803024747f4f","base_world_sha":"2c403e4e22d25eb11f75502a3d6eeee1e0e6b43df55c87b01484803024747f4f","enrichment_sha":"68a39822c6dcde3ddd0947b9101cc8a4918e6e505370488fc46aea0ef5c842c8","public_projection_sha":"b709ed48e25b63f74c86fe9d35769e543aa228d1b9bb4cb3f16f4a50aa34d02c","runtime_manifest_sha":"1a27bed30916e8ac2b76749279a23639836fb98e5f42831bfdb04943b8a3beaa","origin_count":477}
{"schema_version":1,"provider":"sha-staged","generator_version":"trhgd-game78-1","content_pack_version":"trhgd-game78-1","content_pack_sha":"31a9bd036a153e9356b6b7cc1dfae2945992fc4c70e2f32c2881ef3c3031104c","renderer_version":"trhgd-game78-rant-1","base_world_id":"azgaar:1.153.1:game79-world-2:2c403e4e22d25eb11f75502a3d6eeee1e0e6b43df55c87b01484803024747f4f","base_world_sha":"2c403e4e22d25eb11f75502a3d6eeee1e0e6b43df55c87b01484803024747f4f","enrichment_sha":"68a39822c6dcde3ddd0947b9101cc8a4918e6e505370488fc46aea0ef5c842c8","public_projection_sha":"b709ed48e25b63f74c86fe9d35769e543aa228d1b9bb4cb3f16f4a50aa34d02c","runtime_manifest_sha":"1a27bed30916e8ac2b76749279a23639836fb98e5f42831bfdb04943b8a3beaa","origin_count":477}
91585ea9d680dda75235b27b626a4f734432691b40de1d8d4f807211de18e518  /tmp/game79 production worlds etld8kvm/generated/game79-world-3/world.json
5c2c89f81daa2ba00cd144316a65f38d9c0489b23e62961bdb19fef08a6f3fbb  /tmp/game79 production worlds etld8kvm/generated/game79-world-3/world.relief.svg
620478a567d1d64a3cd7df910b5ce31293d55a847122f76fd4fdc0fc581b9af9  /tmp/game79 production worlds etld8kvm/generated/game79-world-3/world.vegetation.svg
{"schema_version":1,"provider":"sha-staged","generator_version":"trhgd-game78-1","content_pack_version":"trhgd-game78-1","content_pack_sha":"31a9bd036a153e9356b6b7cc1dfae2945992fc4c70e2f32c2881ef3c3031104c","renderer_version":"trhgd-game78-rant-1","base_world_id":"azgaar:1.153.1:game79-world-3:91585ea9d680dda75235b27b626a4f734432691b40de1d8d4f807211de18e518","base_world_sha":"91585ea9d680dda75235b27b626a4f734432691b40de1d8d4f807211de18e518","enrichment_sha":"51cfa10b7ed2c1df88fc4378a38fe16d98403071f8dbb22d8f04dc635b34953f","public_projection_sha":"0acce9acae4f51cc6cb9d99a8d456719fa312dd5e4140c7bdf339c370721eea8","runtime_manifest_sha":"1a27bed30916e8ac2b76749279a23639836fb98e5f42831bfdb04943b8a3beaa","origin_count":351}
{"schema_version":1,"provider":"sha-staged","generator_version":"trhgd-game78-1","content_pack_version":"trhgd-game78-1","content_pack_sha":"31a9bd036a153e9356b6b7cc1dfae2945992fc4c70e2f32c2881ef3c3031104c","renderer_version":"trhgd-game78-rant-1","base_world_id":"azgaar:1.153.1:game79-world-3:91585ea9d680dda75235b27b626a4f734432691b40de1d8d4f807211de18e518","base_world_sha":"91585ea9d680dda75235b27b626a4f734432691b40de1d8d4f807211de18e518","enrichment_sha":"51cfa10b7ed2c1df88fc4378a38fe16d98403071f8dbb22d8f04dc635b34953f","public_projection_sha":"0acce9acae4f51cc6cb9d99a8d456719fa312dd5e4140c7bdf339c370721eea8","runtime_manifest_sha":"1a27bed30916e8ac2b76749279a23639836fb98e5f42831bfdb04943b8a3beaa","origin_count":351}
88fbf97dc0792db282ad581ea2593405fd8b8a040e29d3067e810eb1c61dfc5b  /tmp/game79 production worlds etld8kvm/generated/game79-world-4/world.json
86016020a91481cbe6c77b143fa2c0fc7f5af55257d7e343c7e3c03522262e6a  /tmp/game79 production worlds etld8kvm/generated/game79-world-4/world.relief.svg
3ba9e3ccfcc90cb9469f92f87c6f207c05ff10e4b8736e97098c252626c792c6  /tmp/game79 production worlds etld8kvm/generated/game79-world-4/world.vegetation.svg
{"schema_version":1,"provider":"sha-staged","generator_version":"trhgd-game78-1","content_pack_version":"trhgd-game78-1","content_pack_sha":"31a9bd036a153e9356b6b7cc1dfae2945992fc4c70e2f32c2881ef3c3031104c","renderer_version":"trhgd-game78-rant-1","base_world_id":"azgaar:1.153.1:game79-world-4:88fbf97dc0792db282ad581ea2593405fd8b8a040e29d3067e810eb1c61dfc5b","base_world_sha":"88fbf97dc0792db282ad581ea2593405fd8b8a040e29d3067e810eb1c61dfc5b","enrichment_sha":"f67f6af139caf7503feb1a703c97c922acc6baac4d01f7947cdac7d4e8313e62","public_projection_sha":"3c0cb386f3ee1b6960c463a9bfb8858a4a167c6ae2875563fa101b24afcf980c","runtime_manifest_sha":"1a27bed30916e8ac2b76749279a23639836fb98e5f42831bfdb04943b8a3beaa","origin_count":374}
{"schema_version":1,"provider":"sha-staged","generator_version":"trhgd-game78-1","content_pack_version":"trhgd-game78-1","content_pack_sha":"31a9bd036a153e9356b6b7cc1dfae2945992fc4c70e2f32c2881ef3c3031104c","renderer_version":"trhgd-game78-rant-1","base_world_id":"azgaar:1.153.1:game79-world-4:88fbf97dc0792db282ad581ea2593405fd8b8a040e29d3067e810eb1c61dfc5b","base_world_sha":"88fbf97dc0792db282ad581ea2593405fd8b8a040e29d3067e810eb1c61dfc5b","enrichment_sha":"f67f6af139caf7503feb1a703c97c922acc6baac4d01f7947cdac7d4e8313e62","public_projection_sha":"3c0cb386f3ee1b6960c463a9bfb8858a4a167c6ae2875563fa101b24afcf980c","runtime_manifest_sha":"1a27bed30916e8ac2b76749279a23639836fb98e5f42831bfdb04943b8a3beaa","origin_count":374}
d88e61af508d71d0cffe0f6d69f600a1c4d0765786da861cb4cd5f7bb0f0dcd3  /tmp/game79 production worlds etld8kvm/repeat/world.json
e466a55488acb42aaaf2f7d30289b9fbb1d359048ed6016fb0f2c934c8c5377e  /tmp/game79 production worlds etld8kvm/repeat/world.relief.svg
6787eeac7adc5999bfafb36cda8d9d72f8b1ca7cd1a3de142648d300ea9d957b  /tmp/game79 production worlds etld8kvm/repeat/world.vegetation.svg
{"schema_version":1,"provider":"sha-staged","generator_version":"trhgd-game78-1","content_pack_version":"trhgd-game78-1","content_pack_sha":"31a9bd036a153e9356b6b7cc1dfae2945992fc4c70e2f32c2881ef3c3031104c","renderer_version":"trhgd-game78-rant-1","base_world_id":"azgaar:1.153.1:game79-world-0:d88e61af508d71d0cffe0f6d69f600a1c4d0765786da861cb4cd5f7bb0f0dcd3","base_world_sha":"d88e61af508d71d0cffe0f6d69f600a1c4d0765786da861cb4cd5f7bb0f0dcd3","enrichment_sha":"6465a26e7107215b6bc09f51d1adee8b2b425ca824f2dd5bc8abded38cb8c484","public_projection_sha":"00da58aa7a451b734c1321e23e2d22268c69bc1a28aca07732b7dc0ce7801f8c","runtime_manifest_sha":"1a27bed30916e8ac2b76749279a23639836fb98e5f42831bfdb04943b8a3beaa","origin_count":488}
::notice title=GAME-79 platform timing::[{"seed":"game79-world-0","generation_seconds":2.872,"enrichment_seconds":0.465,"origins":488,"storage_bytes":1707962},{"seed":"game79-world-1","generation_seconds":2.973,"enrichment_seconds":0.515,"origins":517,"storage_bytes":1813630},{"seed":"game79-world-2","generation_seconds":2.871,"enrichment_seconds":0.465,"origins":477,"storage_bytes":1680090},{"seed":"game79-world-3","generation_seconds":3.18,"enrichment_seconds":0.416,"origins":351,"storage_bytes":1242655},{"seed":"game79-world-4","generation_seconds":2.972,"enrichment_seconds":0.417,"origins":374,"storage_bytes":1321860}]
Godot Engine v4.6.3.stable.official.7d41c59c4 - https://godotengine.org

[   0% ] [90m[1mfirst_scan_filesystem[22m | Started Project initialization (5 steps)[39m[0m
[   0% ] [90m[1mfirst_scan_filesystem[22m | Scanning file structure...[39m[0m
[  16% ] [90m[1mfirst_scan_filesystem[22m | Loading global class names...[39m[0m
[  33% ] [90m[1mfirst_scan_filesystem[22m | Verifying GDExtensions...[39m[0m
[  50% ] [90m[1mfirst_scan_filesystem[22m | Creating autoload scripts...[39m[0m
[  66% ] [90m[1mfirst_scan_filesystem[22m | Initializing plugins...[39m[0m
[  83% ] [90m[1mfirst_scan_filesystem[22m | Starting file scan...[39m[0m
[92m[ DONE ][39m [1mfirst_scan_filesystem[22m
[0m
[   0% ] [90m[1m_update_scan_actions[22m | Started Scanning actions... (25 steps)[39m[0m
[   0% ] [90m[1m_update_scan_actions[22m | confirmation-640x360.png[39m[0m
[   3% ] [90m[1m_update_scan_actions[22m | confirmation-1280x720.png[39m[0m
[   7% ] [90m[1m_update_scan_actions[22m | confirmation-2560x1440.png[39m[0m
[  11% ] [90m[1m_update_scan_actions[22m | hometown-0-640x360.png[39m[0m
[  15% ] [90m[1m_update_scan_actions[22m | hometown-0-1280x720.png[39m[0m
[  19% ] [90m[1m_update_scan_actions[22m | hometown-0-2560x1440.png[39m[0m
[  23% ] [90m[1m_update_scan_actions[22m | hometown-1-640x360.png[39m[0m
[  26% ] [90m[1m_update_scan_actions[22m | hometown-1-1280x720.png[39m[0m
[  30% ] [90m[1m_update_scan_actions[22m | hometown-1-2560x1440.png[39m[0m
[  34% ] [90m[1m_update_scan_actions[22m | hometown-20-640x360.png[39m[0m
[  38% ] [90m[1m_update_scan_actions[22m | hometown-20-1280x720.png[39m[0m
[  42% ] [90m[1m_update_scan_actions[22m | hometown-20-2560x1440.png[39m[0m
[  46% ] [90m[1m_update_scan_actions[22m | origin-established.png[39m[0m
[  50% ] [90m[1m_update_scan_actions[22m | region-1-640x360.png[39m[0m
[  53% ] [90m[1m_update_scan_actions[22m | region-1-1280x720.png[39m[0m
[  57% ] [90m[1m_update_scan_actions[22m | region-1-2560x1440.png[39m[0m
[  61% ] [90m[1m_update_scan_actions[22m | region-3-640x360.png[39m[0m
[  65% ] [90m[1m_update_scan_actions[22m | region-3-1280x720.png[39m[0m
[  69% ] [90m[1m_update_scan_actions[22m | region-3-2560x1440.png[39m[0m
[  73% ] [90m[1m_update_scan_actions[22m | state-0-640x360.png[39m[0m
[  76% ] [90m[1m_update_scan_actions[22m | state-0-1280x720.png[39m[0m
[  80% ] [90m[1m_update_scan_actions[22m | state-0-2560x1440.png[39m[0m
[  84% ] [90m[1m_update_scan_actions[22m | state-5-640x360.png[39m[0m
[  88% ] [90m[1m_update_scan_actions[22m | state-5-1280x720.png[39m[0m
[  92% ] [90m[1m_update_scan_actions[22m | state-5-2560x1440.png[39m[0m
[92m[ DONE ][39m [1m_update_scan_actions[22m
[0m
[   0% ] [90m[1mreimport[22m | Started (Re)Importing Assets (25 steps)[39m[0m
[   0% ] [90m[1mreimport[22m | Preparing files to reimport...[39m[0m
[   3% ] [90m[1mreimport[22m | Preparing files to reimport...[39m[0m
[   7% ] [90m[1mreimport[22m | Preparing files to reimport...[39m[0m
[  11% ] [90m[1mreimport[22m | Preparing files to reimport...[39m[0m
[  15% ] [90m[1mreimport[22m | Preparing files to reimport...[39m[0m
[  19% ] [90m[1mreimport[22m | Preparing files to reimport...[39m[0m
[  23% ] [90m[1mreimport[22m | Preparing files to reimport...[39m[0m
[  26% ] [90m[1mreimport[22m | Preparing files to reimport...[39m[0m
[  30% ] [90m[1mreimport[22m | Preparing files to reimport...[39m[0m
[  34% ] [90m[1mreimport[22m | Preparing files to reimport...[39m[0m
[  38% ] [90m[1mreimport[22m | Preparing files to reimport...[39m[0m
[  42% ] [90m[1mreimport[22m | Preparing files to reimport...[39m[0m
[  46% ] [90m[1mreimport[22m | Preparing files to reimport...[39m[0m
[  50% ] [90m[1mreimport[22m | Preparing files to reimport...[39m[0m
[  53% ] [90m[1mreimport[22m | Preparing files to reimport...[39m[0m
[  57% ] [90m[1mreimport[22m | Preparing files to reimport...[39m[0m
[  61% ] [90m[1mreimport[22m | Preparing files to reimport...[39m[0m
[  65% ] [90m[1mreimport[22m | Preparing files to reimport...[39m[0m
[  69% ] [90m[1mreimport[22m | Preparing files to reimport...[39m[0m
[  73% ] [90m[1mreimport[22m | Preparing files to reimport...[39m[0m
[  76% ] [90m[1mreimport[22m | Preparing files to reimport...[39m[0m
[  80% ] [90m[1mreimport[22m | Preparing files to reimport...[39m[0m
[  84% ] [90m[1mreimport[22m | Preparing files to reimport...[39m[0m
[  88% ] [90m[1mreimport[22m | Preparing files to reimport...[39m[0m
[  92% ] [90m[1mreimport[22m | Preparing files to reimport...[39m[0m
[   0% ] [90m[1mreimport[22m | Executing pre-reimport operations...[39m[0m
[   0% ] [90m[1mreimport[22m | state-5-2560x1440.png[39m[0m
[   3% ] [90m[1mreimport[22m | state-5-1280x720.png[39m[0m
[   7% ] [90m[1mreimport[22m | state-5-640x360.png[39m[0m
[  11% ] [90m[1mreimport[22m | state-0-2560x1440.png[39m[0m
[  15% ] [90m[1mreimport[22m | state-0-1280x720.png[39m[0m
[  19% ] [90m[1mreimport[22m | state-0-640x360.png[39m[0m
[  23% ] [90m[1mreimport[22m | region-3-2560x1440.png[39m[0m
[  26% ] [90m[1mreimport[22m | region-3-1280x720.png[39m[0m
[  30% ] [90m[1mreimport[22m | region-3-640x360.png[39m[0m
[  34% ] [90m[1mreimport[22m | region-1-2560x1440.png[39m[0m
[  38% ] [90m[1mreimport[22m | region-1-1280x720.png[39m[0m
[  42% ] [90m[1mreimport[22m | region-1-640x360.png[39m[0m
[  46% ] [90m[1mreimport[22m | origin-established.png[39m[0m
[  50% ] [90m[1mreimport[22m | hometown-20-2560x1440.png[39m[0m
[  53% ] [90m[1mreimport[22m | hometown-20-1280x720.png[39m[0m
[  57% ] [90m[1mreimport[22m | hometown-20-640x360.png[39m[0m
[  61% ] [90m[1mreimport[22m | hometown-1-2560x1440.png[39m[0m
[  65% ] [90m[1mreimport[22m | hometown-1-1280x720.png[39m[0m
[  69% ] [90m[1mreimport[22m | hometown-1-640x360.png[39m[0m
[  73% ] [90m[1mreimport[22m | hometown-0-2560x1440.png[39m[0m
[  76% ] [90m[1mreimport[22m | hometown-0-1280x720.png[39m[0m
[  80% ] [90m[1mreimport[22m | hometown-0-640x360.png[39m[0m
[  84% ] [90m[1mreimport[22m | confirmation-2560x1440.png[39m[0m
[  88% ] [90m[1mreimport[22m | confirmation-1280x720.png[39m[0m
[  92% ] [90m[1mreimport[22m | confirmation-640x360.png[39m[0m
[  96% ] [90m[1mreimport[22m | Finalizing Asset Import...[39m[0m
[92m[ DONE ][39m [1mreimport[22m
[0m
[   0% ] [90m[1mreimport[22m | Started (Re)Importing Assets (25 steps)[39m[0m
[   0% ] [90m[1mreimport[22m | Executing post-reimport operations...[39m[0m
[92m[ DONE ][39m [1mreimport[22m
[0m
[   0% ] [90m[1mloading_editor_layout[22m | Started Loading editor (5 steps)[39m[0m
[   0% ] [90m[1mloading_editor_layout[22m | Loading editor layout...[39m[0m
[  16% ] [90m[1mloading_editor_layout[22m | Loading docks...[39m[0m
[92m[ DONE ][39m [1mloading_editor_layout[22m
[0m
Godot Engine v4.6.3.stable.official.7d41c59c4 - https://godotengine.org

GAME-79 lifecycle create: 6163 checks, 0 failures; 3062 eligible hometowns
Godot Engine v4.6.3.stable.official.7d41c59c4 - https://godotengine.org

GAME-79 lifecycle replay: 6161 checks, 0 failures; 3062 eligible hometowns
Godot Engine v4.6.3.stable.official.7d41c59c4 - https://godotengine.org

GAME-79 post-write lore regression: 10 checks, 0 failures
Godot Engine v4.6.3.stable.official.7d41c59c4 - https://godotengine.org
WARNING: Could not set V-Sync mode, as changing V-Sync mode is not supported by the graphics driver.
     at: set_use_vsync (platform/linuxbsd/x11/gl_manager_x11.cpp:364)
OpenGL API 4.5 (Core Profile) Mesa 25.0.7-2+deb13u1 - Compatibility - Using Device: Mesa - llvmpipe (LLVM 19.1.7, 256 bits)

GAME-79 actual input/render: 1922 checks, 0 failures across 22 towns and three resolutions
WARNING: ObjectDB instances leaked at exit (run with --verbose for details).
   at: cleanup (core/object/object.cpp:2663)
2353dffaec6745e40f00617eb5a2bb4d03fdb57a2bc80c82125d9fcfb6feff49  /tmp/game75 generated worlds 9thkwuox/game75-context-a/world.json
74e1d5922963342f1fa11857b083f39497c43352e4822f1aac288f5085d44dca  /tmp/game75 generated worlds 9thkwuox/game75-context-a/world.relief.svg
8ebbaac5008cef750b9ecb63bb1899aad4c51dae7cd5803937bd27769e74a50c  /tmp/game75 generated worlds 9thkwuox/game75-context-a/world.vegetation.svg
ba50c6b69b3cbcefc18e2abac4e6355dd497e13660c9e81cae2dfff28ff658e3  /tmp/game75 generated worlds 9thkwuox/game75-context-b/world.json
a79f611991b462fc7e868dac840a19fca36b4363b22d6a30193001bedfd8a7b7  /tmp/game75 generated worlds 9thkwuox/game75-context-b/world.relief.svg
667b4cf349961b551e7a25ead4ec7825cc0e537a7297264c691fc1839c06d755  /tmp/game75 generated worlds 9thkwuox/game75-context-b/world.vegetation.svg
ac37036844fa99208530104033d6986b04c9a1bb868d4f1fab864a0c187c699c  /tmp/game75 generated worlds 9thkwuox/game75-context-c/world.json
057004067897ab1ea4bb7af9e7cd05005e26bc14a080123cf356e25704f0755a  /tmp/game75 generated worlds 9thkwuox/game75-context-c/world.relief.svg
a9634267298092443fbd53c65d2d1cfc9aafe53975439dcbd52de0d068f84123  /tmp/game75 generated worlds 9thkwuox/game75-context-c/world.vegetation.svg
Godot Engine v4.6.3.stable.official.7d41c59c4 - https://godotengine.org

[   0% ] [90m[1mfirst_scan_filesystem[22m | Started Project initialization (5 steps)[39m[0m
[   0% ] [90m[1mfirst_scan_filesystem[22m | Scanning file structure...[39m[0m
[  16% ] [90m[1mfirst_scan_filesystem[22m | Loading global class names...[39m[0m
[  33% ] [90m[1mfirst_scan_filesystem[22m | Verifying GDExtensions...[39m[0m
[  50% ] [90m[1mfirst_scan_filesystem[22m | Creating autoload scripts...[39m[0m
[  66% ] [90m[1mfirst_scan_filesystem[22m | Initializing plugins...[39m[0m
[  83% ] [90m[1mfirst_scan_filesystem[22m | Starting file scan...[39m[0m
[92m[ DONE ][39m [1mfirst_scan_filesystem[22m
[0m
[   0% ] [90m[1m_update_scan_actions[22m | Started Scanning actions... (10 steps)[39m[0m
[   0% ] [90m[1m_update_scan_actions[22m | confirmation-640x360.png[39m[0m
[   9% ] [90m[1m_update_scan_actions[22m | confirmation-1280x720.png[39m[0m
[  18% ] [90m[1m_update_scan_actions[22m | confirmation-2560x1440.png[39m[0m
[  27% ] [90m[1m_update_scan_actions[22m | hometown-0-640x360.png[39m[0m
[  36% ] [90m[1m_update_scan_actions[22m | hometown-0-1280x720.png[39m[0m
[  45% ] [90m[1m_update_scan_actions[22m | hometown-1-640x360.png[39m[0m
[  54% ] [90m[1m_update_scan_actions[22m | hometown-1-1280x720.png[39m[0m
[  63% ] [90m[1m_update_scan_actions[22m | hometown-20-640x360.png[39m[0m
[  72% ] [90m[1m_update_scan_actions[22m | hometown-20-1280x720.png[39m[0m
[  81% ] [90m[1m_update_scan_actions[22m | origin-established.png[39m[0m
[92m[ DONE ][39m [1m_update_scan_actions[22m
[0m
[   0% ] [90m[1mreimport[22m | Started (Re)Importing Assets (10 steps)[39m[0m
[   0% ] [90m[1mreimport[22m | Preparing files to reimport...[39m[0m
[   9% ] [90m[1mreimport[22m | Preparing files to reimport...[39m[0m
[  18% ] [90m[1mreimport[22m | Preparing files to reimport...[39m[0m
[  27% ] [90m[1mreimport[22m | Preparing files to reimport...[39m[0m
[  36% ] [90m[1mreimport[22m | Preparing files to reimport...[39m[0m
[  45% ] [90m[1mreimport[22m | Preparing files to reimport...[39m[0m
[  54% ] [90m[1mreimport[22m | Preparing files to reimport...[39m[0m
[  63% ] [90m[1mreimport[22m | Preparing files to reimport...[39m[0m
[  72% ] [90m[1mreimport[22m | Preparing files to reimport...[39m[0m
[  81% ] [90m[1mreimport[22m | Preparing files to reimport...[39m[0m
[   0% ] [90m[1mreimport[22m | Executing pre-reimport operations...[39m[0m
[   0% ] [90m[1mreimport[22m | confirmation-640x360.png[39m[0m
[   9% ] [90m[1mreimport[22m | confirmation-1280x720.png[39m[0m
[  18% ] [90m[1mreimport[22m | confirmation-2560x1440.png[39m[0m
[  27% ] [90m[1mreimport[22m | hometown-0-640x360.png[39m[0m
[  36% ] [90m[1mreimport[22m | hometown-0-1280x720.png[39m[0m
[  45% ] [90m[1mreimport[22m | hometown-1-640x360.png[39m[0m
[  54% ] [90m[1mreimport[22m | hometown-1-1280x720.png[39m[0m
[  63% ] [90m[1mreimport[22m | hometown-20-640x360.png[39m[0m
[  72% ] [90m[1mreimport[22m | hometown-20-1280x720.png[39m[0m
[  81% ] [90m[1mreimport[22m | origin-established.png[39m[0m
[  90% ] [90m[1mreimport[22m | Finalizing Asset Import...[39m[0m
[92m[ DONE ][39m [1mreimport[22m
[0m
[   0% ] [90m[1mreimport[22m | Started (Re)Importing Assets (10 steps)[39m[0m
[   0% ] [90m[1mreimport[22m | Executing post-reimport operations...[39m[0m
[92m[ DONE ][39m [1mreimport[22m
[0m
[   0% ] [90m[1mloading_editor_layout[22m | Started Loading editor (5 steps)[39m[0m
[   0% ] [90m[1mloading_editor_layout[22m | Loading editor layout...[39m[0m
[  16% ] [90m[1mloading_editor_layout[22m | Loading docks...[39m[0m
[92m[ DONE ][39m [1mloading_editor_layout[22m
[0m
Godot Engine v4.6.3.stable.official.7d41c59c4 - https://godotengine.org

GAME-75 context: 105425 checks, 0 failures
PASS: 5 independent source audits: exact identity, landmass/biome areas, public counts/coastline, scalar nearest-neighbour median and complete sample neighbourhoods
Godot Engine v4.6.3.stable.official.7d41c59c4 - https://godotengine.org
WARNING: Could not set V-Sync mode, as changing V-Sync mode is not supported by the graphics driver.
     at: set_use_vsync (platform/linuxbsd/x11/gl_manager_x11.cpp:364)
OpenGL API 4.5 (Core Profile) Mesa 25.0.7-2+deb13u1 - Compatibility - Using Device: Mesa - llvmpipe (LLVM 19.1.7, 256 bits)

GAME-75 actual Godot context/input/render: 109 checks, 0 failures
PASS: packaged offline helper, 6 genuine generations, same-seed determinism, distinct seeds, exact accepted SHA, safe argv, immutable fixtures
{"platform":"linux","runtime":"v24.19.0","packages":109,"worlds":[{"seed":"game-11-determinism","sha256":"2eb428e783101dc1c99213c31816dbd50f3a68370094917949a88bfbb5811fa5"},{"seed":"game76-library-a","sha256":"d2d592f5ab0b6114eff00a17b04a7cbcbec54d48f1b8b5a44bac5b342c883790"},{"seed":"game76-library-b","sha256":"ce0e69f5d3fd0621ea550b0997102c539ff036080dac1364c2312230faf57149"}],"wall_clock_timeout":true}
Godot Engine v4.6.3.stable.official.7d41c59c4 - https://godotengine.org

[   0% ] [90m[1mfirst_scan_filesystem[22m | Started Project initialization (5 steps)[39m[0m
[   0% ] [90m[1mfirst_scan_filesystem[22m | Scanning file structure...[39m[0m
[  16% ] [90m[1mfirst_scan_filesystem[22m | Loading global class names...[39m[0m
[  33% ] [90m[1mfirst_scan_filesystem[22m | Verifying GDExtensions...[39m[0m
[  50% ] [90m[1mfirst_scan_filesystem[22m | Creating autoload scripts...[39m[0m
[  66% ] [90m[1mfirst_scan_filesystem[22m | Initializing plugins...[39m[0m
[  83% ] [90m[1mfirst_scan_filesystem[22m | Starting file scan...[39m[0m
[92m[ DONE ][39m [1mfirst_scan_filesystem[22m
[0m
[   0% ] [90m[1m_update_scan_actions[22m | Started Scanning actions... (19 steps)[39m[0m
[   0% ] [90m[1m_update_scan_actions[22m | 01-world-i.png[39m[0m
[   5% ] [90m[1m_update_scan_actions[22m | 02-world-ii.png[39m[0m
[  10% ] [90m[1m_update_scan_actions[22m | 03-generated-world.png[39m[0m
[  15% ] [90m[1m_update_scan_actions[22m | confirm-640x360.png[39m[0m
[  20% ] [90m[1m_update_scan_actions[22m | confirm-2560x1440.png[39m[0m
[  25% ] [90m[1m_update_scan_actions[22m | confirm-coastal-port.png[39m[0m
[  30% ] [90m[1m_update_scan_actions[22m | generated-hometown.png[39m[0m
[  35% ] [90m[1m_update_scan_actions[22m | generated-region.png[39m[0m
[  40% ] [90m[1m_update_scan_actions[22m | home-clustered.png[39m[0m
[  45% ] [90m[1m_update_scan_actions[22m | home-coastal_port.png[39m[0m
[  50% ] [90m[1m_update_scan_actions[22m | home-forest.png[39m[0m
[  55% ] [90m[1m_update_scan_actions[22m | home-sparse.png[39m[0m
[  60% ] [90m[1m_update_scan_actions[22m | home-unwalled.png[39m[0m
[  65% ] [90m[1m_update_scan_actions[22m | home-walled.png[39m[0m
[  70% ] [90m[1m_update_scan_actions[22m | origin-established.png[39m[0m
[  75% ] [90m[1m_update_scan_actions[22m | region-coastal_port.png[39m[0m
[  80% ] [90m[1m_update_scan_actions[22m | region-forest.png[39m[0m
[  85% ] [90m[1m_update_scan_actions[22m | state-coastal_port.png[39m[0m
[  90% ] [90m[1m_update_scan_actions[22m | state-forest.png[39m[0m
[92m[ DONE ][39m [1m_update_scan_actions[22m
[0m
[   0% ] [90m[1mreimport[22m | Started (Re)Importing Assets (19 steps)[39m[0m
[   0% ] [90m[1mreimport[22m | Preparing files to reimport...[39m[0m
[   5% ] [90m[1mreimport[22m | Preparing files to reimport...[39m[0m
[  10% ] [90m[1mreimport[22m | Preparing files to reimport...[39m[0m
[  15% ] [90m[1mreimport[22m | Preparing files to reimport...[39m[0m
[  20% ] [90m[1mreimport[22m | Preparing files to reimport...[39m[0m
[  25% ] [90m[1mreimport[22m | Preparing files to reimport...[39m[0m
[  30% ] [90m[1mreimport[22m | Preparing files to reimport...[39m[0m
[  35% ] [90m[1mreimport[22m | Preparing files to reimport...[39m[0m
[  40% ] [90m[1mreimport[22m | Preparing files to reimport...[39m[0m
[  45% ] [90m[1mreimport[22m | Preparing files to reimport...[39m[0m
[  50% ] [90m[1mreimport[22m | Preparing files to reimport...[39m[0m
[  55% ] [90m[1mreimport[22m | Preparing files to reimport...[39m[0m
[  60% ] [90m[1mreimport[22m | Preparing files to reimport...[39m[0m
[  65% ] [90m[1mreimport[22m | Preparing files to reimport...[39m[0m
[  70% ] [90m[1mreimport[22m | Preparing files to reimport...[39m[0m
[  75% ] [90m[1mreimport[22m | Preparing files to reimport...[39m[0m
[  80% ] [90m[1mreimport[22m | Preparing files to reimport...[39m[0m
[  85% ] [90m[1mreimport[22m | Preparing files to reimport...[39m[0m
[  90% ] [90m[1mreimport[22m | Preparing files to reimport...[39m[0m
[   0% ] [90m[1mreimport[22m | Executing pre-reimport operations...[39m[0m
[   0% ] [90m[1mreimport[22m | state-forest.png[39m[0m
[   5% ] [90m[1mreimport[22m | state-coastal_port.png[39m[0m
[  10% ] [90m[1mreimport[22m | region-forest.png[39m[0m
[  15% ] [90m[1mreimport[22m | region-coastal_port.png[39m[0m
[  20% ] [90m[1mreimport[22m | origin-established.png[39m[0m
[  25% ] [90m[1mreimport[22m | home-walled.png[39m[0m
[  30% ] [90m[1mreimport[22m | home-unwalled.png[39m[0m
[  35% ] [90m[1mreimport[22m | home-sparse.png[39m[0m
[  40% ] [90m[1mreimport[22m | home-forest.png[39m[0m
[  45% ] [90m[1mreimport[22m | home-coastal_port.png[39m[0m
[  50% ] [90m[1mreimport[22m | home-clustered.png[39m[0m
[  55% ] [90m[1mreimport[22m | generated-region.png[39m[0m
[  60% ] [90m[1mreimport[22m | generated-hometown.png[39m[0m
[  65% ] [90m[1mreimport[22m | confirm-coastal-port.png[39m[0m
[  70% ] [90m[1mreimport[22m | confirm-2560x1440.png[39m[0m
[  75% ] [90m[1mreimport[22m | confirm-640x360.png[39m[0m
[  80% ] [90m[1mreimport[22m | 03-generated-world.png[39m[0m
[  85% ] [90m[1mreimport[22m | 02-world-ii.png[39m[0m
[  90% ] [90m[1mreimport[22m | 01-world-i.png[39m[0m
[  95% ] [90m[1mreimport[22m | Finalizing Asset Import...[39m[0m
[92m[ DONE ][39m [1mreimport[22m
[0m
[   0% ] [90m[1mreimport[22m | Started (Re)Importing Assets (19 steps)[39m[0m
[   0% ] [90m[1mreimport[22m | Executing post-reimport operations...[39m[0m
[92m[ DONE ][39m [1mreimport[22m
[0m
[   0% ] [90m[1mloading_editor_layout[22m | Started Loading editor (5 steps)[39m[0m
[   0% ] [90m[1mloading_editor_layout[22m | Loading editor layout...[39m[0m
[  16% ] [90m[1mloading_editor_layout[22m | Loading docks...[39m[0m
[92m[ DONE ][39m [1mloading_editor_layout[22m
[0m
Godot Engine v4.6.3.stable.official.7d41c59c4 - https://godotengine.org

GAME-76 library lifecycle: 57 checks, 0 failures
Godot Engine v4.6.3.stable.official.7d41c59c4 - https://godotengine.org

PASS: GAME-7 independent world/save IDs, origin, 3-member party, knowledge, mismatches and immutable fixtures
Godot Engine v4.6.3.stable.official.7d41c59c4 - https://godotengine.org

GAME-74: 3974 checks, 0 failures
Godot Engine v4.6.3.stable.official.7d41c59c4 - https://godotengine.org

GAME-74 post-write reload regression: 27 checks, 0 failures
validated tests/worldgen/fixtures/game-11-determinism.json
validated tests/worldgen/fixtures/atlas-showcase.json
Godot Engine v4.6.3.stable.official.7d41c59c4 - https://godotengine.org
WARNING: Could not set V-Sync mode, as changing V-Sync mode is not supported by the graphics driver.
     at: set_use_vsync (platform/linuxbsd/x11/gl_manager_x11.cpp:364)
OpenGL API 4.5 (Core Profile) Mesa 25.0.7-2+deb13u1 - Compatibility - Using Device: Mesa - llvmpipe (LLVM 19.1.7, 256 bits)

GAME-74 real-render/input: 18 checks, 0 failures
Godot Engine v4.6.3.stable.official.7d41c59c4 - https://godotengine.org
WARNING: Could not set V-Sync mode, as changing V-Sync mode is not supported by the graphics driver.
     at: set_use_vsync (platform/linuxbsd/x11/gl_manager_x11.cpp:364)
OpenGL API 4.5 (Core Profile) Mesa 25.0.7-2+deb13u1 - Compatibility - Using Device: Mesa - llvmpipe (LLVM 19.1.7, 256 bits)

GAME-76 real Godot library/input/render: 21 checks, 0 failures
PASS: GAME-76 requested helper/library/regression checks completed without Godot errors
✔ replaces only unpaired UTF-16 surrogates (0.658319ms)
✔ preserves valid Unicode including astral characters (0.165669ms)
✔ sanitizes nested values and keys while sorting object keys (0.642365ms)
✔ rejects object-key collisions caused by sanitization (0.320632ms)
✔ reports the first malformed UTF-16 offset (0.136906ms)
ℹ tests 5
ℹ suites 0
ℹ pass 5
ℹ fail 0
ℹ cancelled 0
ℹ skipped 0
ℹ todo 0
ℹ duration_ms 50.702887
tests/worldgen/fixtures/game-11-determinism.json: 73 existing markers covered
tests/worldgen/fixtures/atlas-showcase.json: 79 existing markers covered
PASS: all 36 Azgaar macro types have sourced SVGs plus neutral fallback
Godot Engine v4.6.3.stable.official.7d41c59c4 - https://godotengine.org

WARNING: SVG sidecar unavailable: res://tests/worldgen/fixtures/game-11-determinism.vegetation.svg
     at: push_warning (core/variant/variant_utility.cpp:1034)
     GDScript backtrace (most recent call first):
         [0] load_sidecar (res://scripts/debug/map_renderer/svg_sidecar_layer.gd:14)
         [1] display_fixture (res://scripts/debug/world_fixture_renderer.gd:21)
         [2] _load_fixture (res://scripts/debug/world_fixture_viewer.gd:60)
         [3] _ready (res://scripts/debug/world_fixture_viewer.gd:48)
         [4] _check (res://tests/worldgen/smoke-landmark-key.gd:10)
PASS: Map Key starts collapsed, expands/collapses, and QA overlap switch works
Godot Engine v4.6.3.stable.official.7d41c59c4 - https://godotengine.org

WARNING: SVG sidecar unavailable: res://tests/worldgen/fixtures/game-11-determinism.vegetation.svg
     at: push_warning (core/variant/variant_utility.cpp:1034)
     GDScript backtrace (most recent call first):
         [0] load_sidecar (res://scripts/debug/map_renderer/svg_sidecar_layer.gd:14)
         [1] display_fixture (res://scripts/debug/world_fixture_renderer.gd:21)
         [2] _load_fixture (res://scripts/debug/world_fixture_viewer.gd:60)
         [3] _ready (res://scripts/debug/world_fixture_viewer.gd:48)
         [4] _check (res://tests/worldgen/smoke-landmark-inspection.gd:10)
PASS: safe Azgaar text, bounded shared landmark/settlement inspector, hidden/zoom protection and compact developer controls
PASS: GAME-75 requested checks; canonical fixture bytes unchanged
PASS GAME-79: immutable fixtures, five offline generated worlds, exact replay and production lifecycle
PASS GAME-80: hierarchical profiles, five native worlds, exact replay, legacy pins and unchanged geography
::notice title=GAME-81 batch proof::{"characters":1050,"structured":{"distinct":1050,"total":1050,"duplicates":0},"prose":{"distinct":1050,"total":1050,"duplicates":0},"story_combinations":{"distinct":1050,"total":1050,"duplicates":0},"biography_forms":{"0":350,"1":350,"2":350},"contradictions":0,"invalid_source_claims":0,"hidden_information_leaks":0}
PASS GAME-81 party generation, five fresh worlds, 1,050 backgrounds, save and failure recovery; frozen fixtures/packages unchanged
PASS: GAME-39 shared source projection, clipping, multiple crossings, corners, tangencies, 2 real Azgaar worlds (2), protected-road caution, stable source IDs
PASS GAME-84 two presets, five fresh worlds, actual party + two expeditions, independent knowledge, restart snapshots, failures, batches and frozen inputs
Godot Engine v4.6.3.stable.official.7d41c59c4 - https://godotengine.org
WARNING: Could not set V-Sync mode, as changing V-Sync mode is not supported by the graphics driver.
     at: set_use_vsync (platform/linuxbsd/x11/gl_manager_x11.cpp:364)
OpenGL API 4.5 (Core Profile) Mesa 25.0.7-2+deb13u1 - Compatibility - Using Device: Mesa - llvmpipe (LLVM 19.1.7, 256 bits)

GAME-83 list visibility: 28 checks, 0 failures
Godot Engine v4.6.3.stable.official.7d41c59c4 - https://godotengine.org
WARNING: Could not set V-Sync mode, as changing V-Sync mode is not supported by the graphics driver.
     at: set_use_vsync (platform/linuxbsd/x11/gl_manager_x11.cpp:364)
OpenGL API 4.5 (Core Profile) Mesa 25.0.7-2+deb13u1 - Compatibility - Using Device: Mesa - llvmpipe (LLVM 19.1.7, 256 bits)

GAME-83 origin/party captures: 114 checks, 0 failures
Godot Engine v4.6.3.stable.official.7d41c59c4 - https://godotengine.org
WARNING: Could not set V-Sync mode, as changing V-Sync mode is not supported by the graphics driver.
     at: set_use_vsync (platform/linuxbsd/x11/gl_manager_x11.cpp:364)
OpenGL API 4.5 (Core Profile) Mesa 25.0.7-2+deb13u1 - Compatibility - Using Device: Mesa - llvmpipe (LLVM 19.1.7, 256 bits)

GAME-84 real input/render: 468 checks, 0 failures
PASS GAME-83 production UI and original campaign regressions
